price,net_weight_oz,nutrition_score,etapa
8.3,10.14,36.0,original
5.53,22.47,60.0,original
9.8,25.86,51.0,original
4.29,14.68,65.0,original
4.21,14.57,58.0,original
5.05,18.02,44.0,original
3.59,13.07,44.0,original
6.75,18.25,36.0,original
2.51,13.1,40.0,original
4.74,14.34,65.0,original
2.63,6.24,50.0,original
3.04,12.83,43.0,original
9.44,7.83,37.0,original
4.66,20.16,18.0,original
2.08,17.02,99.0,original
7.9,33.47,79.0,original
8.04,12.34,81.0,original
13.87,31.65,61.0,original
12.66,15.5,71.0,original
2.97,13.9,49.0,original
3.56,12.86,62.0,original
2.53,131.7,78.0,original
8.99,25.85,56.0,original
5.74,15.01,64.0,original
5.89,14.96,40.0,original
4.5,21.47,63.0,original
3.47,19.08,39.0,original
10.78,24.78,29.0,original
13.69,15.64,24.0,original
13.4,9.84,58.0,original
10.08,24.26,38.0,original
5.08,17.09,56.0,original
4.58,12.19,35.0,original
5.94,11.94,40.0,original
4.24,29.72,33.0,original
14.08,16.18,61.0,original
12.8,31.18,49.0,original
6.7,30.64,54.0,original
23.98,53.25,0.0,original
10.13,39.18,0.0,original
17.9,73.92,0.0,original
24.5,72.86,0.0,original
22.86,74.05,0.0,original
8.94,34.72,62.0,original
7.36,23.89,67.0,original
4.12,25.48,71.0,original
3.0,24.54,61.0,original
2.61,16.41,68.0,original
6.17,33.18,54.0,original
9.15,133.62,76.0,original
5.14,15.83,74.0,original
3.39,16.28,83.0,original
6.85,11.91,87.0,original
2.14,45.82,91.0,original
2.28,45.08,83.0,original
4.83,15.76,97.0,original
3.99,16.03,89.0,original
7.88,25.4,26.0,original
9.45,31.81,42.0,original
9.37,15.65,65.0,original
9.33,10.13,30.0,original
8.33,15.3,28.0,original
11.5,9.86,69.0,original
8.02,16.81,63.0,original
5.13,11.97,0.0,original
5.01,3.19,0.0,original
5.68,30.93,85.0,original
3.94,46.11,80.0,original
2.84,29.76,87.0,original
8.18,16.77,92.0,original
4.72,44.95,87.0,original
7.82,11.74,82.0,original
4.12,47.57,94.0,original
6.18,30.32,72.0,original
5.67,16.14,34.0,original
3.56,15.64,63.0,original
6.25,12.66,47.0,original
7.36,19.73,56.0,original
7.47,19.33,65.0,original
2.43,12.07,57.0,original
4.32,19.37,66.0,original
4.14,21.57,35.0,original
2.46,15.21,91.0,original
8.66,48.36,84.0,original
8.64,16.19,89.0,original
11.9,13.93,73.0,original
14.1,15.08,41.0,original
5.95,33.99,37.0,original
28.89,11.05,72.0,original
9.67,15.66,85.0,original
26.5,7.44,75.0,original
1.92,11.13,60.0,original
11.7,11.38,30.0,original
10.56,11.5,68.0,original
14.8,16.2,39.0,original
5.55,30.2,44.0,original
11.27,13.92,67.0,original
8.69,14.75,59.0,original
4.14,15.58,39.0,original
13.87,15.56,41.0,original
1.58,15.01,31.0,original
12.22,12.05,47.0,original
8.24,31.37,35.0,original
7.28,33.87,40.0,original
6.49,154.8,77.0,original
2.34,148.88,66.0,original
5.3,11.78,96.0,original
2.11,33.13,92.0,original
6.95,11.64,87.0,original
7.43,17.16,92.0,original
6.69,12.07,89.0,original
5.22,11.24,85.0,original
3.97,12.81,82.0,original
2.63,16.45,94.0,original
10.16,10.12,0.0,original
8.24,10.28,0.0,original
9.91,37.94,0.0,original
20.5,51.91,0.0,original
19.71,9.63,0.0,original
6.64,39.89,0.0,original
24.82,9.42,0.0,original
6.41,21.44,38.0,original
7.45,14.28,34.0,original
4.94,20.5,48.0,original
6.02,11.3,56.0,original
4.93,17.36,47.0,original
1.42,48.36,80.0,original
8.38,30.86,94.0,original
6.0,29.88,92.0,original
3.87,45.13,78.0,original
1.31,50.1,94.0,original
5.69,46.07,80.0,original
7.33,11.06,96.0,original
2.87,16.66,81.0,original
20.23,15.83,58.0,original
13.06,31.52,61.0,original
6.38,17.16,71.0,original
6.76,15.23,63.0,original
6.11,24.57,45.0,original
5.03,31.43,56.0,original
23.1,36.03,0.0,original
10.49,76.81,0.0,original
24.46,9.74,0.0,original
21.71,67.71,0.0,original
12.82,68.17,0.0,original
20.34,72.53,0.0,original
6.36,15.82,45.0,original
8.32,44.83,43.0,original
8.68,23.79,58.0,original
11.79,48.56,47.0,original
5.29,14.94,86.0,original
5.03,50.9,98.0,original
3.89,16.63,78.0,original
7.97,11.45,94.0,original
3.4,29.61,84.0,original
7.86,15.45,83.0,original
8.19,15.29,91.0,original
3.88,46.45,80.0,original
7.48,12.78,32.0,original
4.96,12.3,39.0,original
9.13,11.83,54.0,original
9.71,7.99,45.0,original
5.64,7.49,36.0,original
7.68,7.65,41.0,original
6.97,7.62,35.0,original
11.39,16.25,0.0,original
13.92,2.81,0.0,original
13.69,16.43,0.0,original
10.55,15.85,0.0,original
8.05,8.61,0.0,original
2.69,16.22,0.0,original
13.07,16.47,0.0,original
6.77,15.67,0.0,original
3.5,15.94,0.0,original
12.22,17.83,0.0,original
14.65,14.28,71.0,original
2.21,33.58,39.0,original
10.46,15.58,74.0,original
2.5,15.66,73.0,original
8.92,16.03,66.0,original
6.16,15.64,72.0,original
3.75,31.93,36.0,original
2.22,13.86,34.0,original
7.18,15.46,87.0,original
1.61,51.51,81.0,original
5.52,15.18,98.0,original
3.82,17.02,92.0,original
7.26,50.9,89.0,original
5.54,16.8,79.0,original
2.37,48.02,94.0,original
5.23,31.28,72.0,original
3.67,23.77,59.0,original
4.43,22.25,58.0,original
5.33,24.47,62.0,original
9.05,14.96,71.0,original
7.65,31.74,61.0,original
6.82,134.61,67.0,original
2.97,143.42,53.0,original
5.19,15.24,50.0,original
8.73,37.72,0.0,original
17.99,54.25,0.0,original
9.31,10.32,0.0,original
7.54,36.39,0.0,original
3.22,30.38,66.0,original
13.12,12.33,69.0,original
8.99,30.36,45.0,original
3.7,16.16,74.0,original
10.58,15.18,50.0,original
27.29,15.53,72.0,original
7.28,11.8,90.0,original
7.57,143.24,42.0,original
4.43,32.57,81.0,original
4.59,23.17,26.0,original
2.66,16.55,31.0,original
5.35,30.37,67.0,original
12.42,9.61,25.0,original
8.24,32.96,32.0,original
5.47,16.57,65.0,original
9.86,16.11,31.0,original
12.77,15.77,32.0,original
8.12,14.85,71.0,original
6.69,12.85,64.0,original
8.92,32.02,50.0,original
5.54,12.43,30.0,original
6.15,134.98,59.0,original
6.42,16.95,67.0,original
6.78,23.74,78.0,original
5.67,23.01,74.0,original
3.93,15.34,78.0,original
1.75,12.16,83.0,original
5.21,50.82,90.0,original
13.51,15.32,54.0,original
3.27,15.17,64.0,original
14.09,16.97,70.0,original
12.99,14.92,41.0,original
7.26,11.38,45.0,original
6.86,32.08,58.0,original
7.58,11.39,50.0,original
6.63,14.94,65.0,original
13.04,16.11,61.0,original
13.02,13.92,39.0,original
5.85,16.12,49.0,original
7.96,135.82,81.0,original
4.8,15.57,52.0,original
8.37,139.85,77.0,original
6.95,23.16,59.0,original
3.65,34.92,80.0,original
11.73,11.68,66.0,original
9.24,11.44,48.0,original
9.16,32.6,59.0,original
1.9,30.38,61.0,original
4.72,20.12,22.0,original
6.78,20.41,22.0,original
9.01,7.94,61.0,original
7.61,6.2,45.0,original
7.76,7.73,27.0,original
6.83,21.17,45.0,original
8.71,11.51,51.0,original
1.86,14.88,69.0,original
12.28,31.33,41.0,original
7.92,12.27,55.0,original
5.14,11.23,51.0,original
2.67,16.47,50.0,original
7.68,23.05,75.0,original
2.37,13.2,40.0,original
4.23,14.03,34.0,original
5.53,12.28,40.0,original
4.34,20.11,36.0,original
5.43,18.58,63.0,original
2.53,15.07,55.0,original
3.95,10.33,66.0,original
6.65,29.46,61.0,original
13.98,14.84,33.0,original
13.52,11.67,54.0,original
9.14,31.46,62.0,original
9.84,23.03,74.0,original
3.7,22.59,67.0,original
13.21,24.76,69.0,original
6.55,23.0,42.0,original
3.41,32.62,27.0,original
3.21,15.93,34.0,original
6.77,24.26,52.0,original
4.61,15.02,45.0,original
8.76,49.13,87.0,original
6.23,11.73,97.0,original
6.8,17.05,82.0,original
7.72,45.42,82.0,original
26.02,12.64,74.0,original
17.82,11.98,72.0,original
7.26,7.55,65.0,original
18.82,16.95,61.0,original
8.79,12.57,59.0,original
11.03,7.64,63.0,original
28.07,14.83,62.0,original
8.8,8.28,50.0,original
2.65,19.69,20.0,original
9.43,32.88,62.0,original
21.99,16.68,85.0,original
13.26,32.91,64.0,original
26.46,33.95,75.0,original
7.33,32.82,87.0,original
7.34,29.94,77.0,original
19.68,30.81,79.0,original
11.03,15.46,61.0,original
5.38,23.74,47.0,original
4.19,34.23,51.0,original
7.83,30.66,41.0,original
12.8,9.29,48.0,original
10.97,33.97,59.0,original
7.96,24.18,45.0,original
6.2,15.39,0.0,original
14.26,17.84,0.0,original
6.38,7.36,0.0,original
4.54,11.9,0.0,original
3.24,17.02,0.0,original
8.03,12.99,0.0,original
18.68,77.47,0.0,original
24.5,9.61,0.0,original
5.75,30.89,40.0,original
12.91,31.27,37.0,original
1.84,14.8,51.0,original
5.31,17.15,71.0,original
12.3,16.38,61.0,original
2.04,12.49,35.0,original
2.13,15.44,66.0,original
7.66,9.33,64.0,original
10.24,32.98,66.0,original
4.19,15.84,51.0,original
8.05,33.21,55.0,original
3.67,32.63,31.0,original
4.18,15.29,41.0,original
9.08,12.59,37.0,original
9.99,12.91,40.0,original
8.31,33.38,48.0,original
6.06,17.14,35.0,original
6.01,71.17,71.0,original
1.49,63.74,22.0,original
9.89,67.57,50.0,original
2.77,66.98,32.0,original
9.09,152.57,82.0,original
5.61,11.75,53.0,original
5.67,12.09,66.0,original
6.57,6.44,19.0,original
6.84,8.59,52.0,original
7.42,7.73,44.0,original
4.54,7.67,21.0,original
6.31,7.75,41.0,original
6.98,32.44,83.0,original
6.39,51.68,85.0,original
4.72,12.07,99.0,original
8.84,29.9,85.0,original
3.29,29.77,82.0,original
3.4,16.91,91.0,original
8.66,44.79,91.0,original
7.62,29.99,79.0,original
9.48,48.39,0.0,original
5.37,9.93,0.0,original
9.84,9.4,0.0,original
17.08,9.88,0.0,original
12.98,71.06,0.0,original
3.21,37.39,0.0,original
21.64,40.34,0.0,original
23.7,49.84,0.0,original
13.91,11.99,0.0,original
12.01,7.77,0.0,original
12.51,12.01,0.0,original
5.26,12.26,0.0,original
6.23,7.79,0.0,original
12.12,8.47,0.0,original
15.2,11.78,0.0,original
15.71,7.56,0.0,original
5.33,11.58,99.0,original
5.72,31.03,97.0,original
9.1,46.82,68.0,original
22.9,16.51,49.0,original
9.13,33.26,42.0,original
14.38,25.3,49.0,original
5.39,15.72,42.0,original
13.97,16.76,68.0,original
29.58,14.83,86.0,original
20.59,17.22,56.0,original
10.9,11.76,79.0,original
3.46,6.39,38.0,original
3.95,8.01,30.0,original
8.09,7.96,19.0,original
8.88,11.3,18.0,original
13.82,26.04,79.0,original
21.66,34.27,50.0,original
23.55,30.73,69.0,original
3.03,13.05,75.0,original
2.12,142.63,57.0,original
6.3,11.69,82.0,original
10.58,11.51,35.0,original
5.51,70.79,82.0,original
10.87,11.76,41.0,original
11.16,63.81,37.0,original
2.14,151.11,57.0,original
12.12,14.99,40.0,original
12.01,15.99,31.0,original
10.5,34.51,40.0,original
11.74,15.85,35.0,original
2.2,12.9,79.0,original
6.44,15.02,98.0,original
18.44,33.6,59.0,original
13.16,8.08,87.0,original
6.87,16.27,70.0,original
10.88,29.87,89.0,original
18.75,8.59,62.0,original
23.47,11.77,88.0,original
6.22,16.78,71.0,original
6.67,11.57,54.0,original
5.91,17.94,61.0,original
4.75,18.95,53.0,original
6.91,11.05,56.0,original
7.43,17.92,40.0,original
6.25,31.36,73.0,original
7.12,15.83,63.0,original
4.54,22.8,50.0,original
2.19,11.74,36.0,original
3.3,14.41,51.0,original
4.41,11.62,46.0,original
5.82,12.38,65.0,original
3.1,20.01,41.0,original
6.95,12.88,60.0,original
5.27,21.43,47.0,original
5.69,25.48,52.0,original
8.01,25.04,82.0,original
2.5,14.77,57.0,original
3.38,25.88,69.0,original
8.41,32.59,52.0,original
5.67,15.55,79.0,original
4.01,134.08,48.0,original
14.52,14.08,74.0,original
7.48,14.93,51.0,original
5.16,32.28,40.0,original
2.09,49.13,81.0,original
1.66,30.82,79.0,original
5.81,12.76,78.0,original
4.06,47.6,87.0,original
4.79,48.36,81.0,original
7.9,34.25,89.0,original
7.86,16.62,82.0,original
2.83,15.18,91.0,original
3.12,127.38,59.0,original
5.15,31.61,75.0,original
8.09,138.53,77.0,original
10.04,70.15,84.0,original
10.32,63.35,56.0,original
13.42,16.71,52.0,original
11.58,10.64,31.0,original
8.44,30.1,42.0,original
9.6,14.96,23.0,original
13.24,16.58,27.0,original
3.37,29.96,62.0,original
4.71,34.53,29.0,original
8.58,12.47,94.0,original
2.12,12.18,97.0,original
7.38,11.1,91.0,original
2.92,32.32,97.0,original
8.26,12.18,59.0,original
5.19,6.32,40.0,original
8.03,33.85,47.0,original
20.44,25.63,62.0,original
22.47,32.3,46.0,original
11.62,49.19,65.0,original
13.3,15.34,43.0,original
7.99,14.85,60.0,original
8.56,15.43,48.0,original
7.57,33.81,46.0,original
3.0,135.0,84.0,original
4.11,13.16,34.0,original
11.02,147.2,53.0,original
8.54,64.54,79.0,original
2.68,61.51,52.0,original
10.83,35.07,32.0,original
5.7,15.07,70.0,original
5.96,31.41,48.0,original
4.17,16.62,56.0,original
4.74,22.48,55.0,original
5.42,23.91,65.0,original
9.85,123.73,48.0,original
15.15,17.07,53.0,original
6.44,16.0,57.0,original
8.11,29.99,54.0,original
20.48,16.79,76.0,original
10.01,48.96,75.0,original
14.59,16.09,45.0,original
15.56,23.98,68.0,original
14.71,17.1,43.0,original
5.91,23.67,45.0,original
12.7,15.36,56.0,original
6.76,15.24,55.0,original
5.06,18.54,36.0,original
6.14,21.45,63.0,original
4.52,13.16,35.0,original
2.8,11.54,48.0,original
3.27,14.23,49.0,original
13.94,25.58,62.0,original
14.12,48.3,75.0,original
15.69,46.94,72.0,original
6.13,19.15,64.0,original
7.22,18.61,56.0,original
3.42,12.33,40.0,original
3.72,12.14,41.0,original
3.68,14.22,47.0,original
3.97,15.05,66.0,original
4.25,8.22,49.0,original
9.62,21.44,60.0,original
2.9,20.41,60.0,original
14.15,30.77,69.0,original
27.88,8.58,76.0,original
24.11,15.78,56.0,original
18.1,30.11,59.0,original
10.85,32.06,84.0,original
6.48,11.91,58.0,original
7.05,32.12,46.0,original
2.54,33.07,74.0,original
3.08,15.6,48.0,original
11.14,15.93,63.0,original
9.04,11.16,70.0,original
5.04,13.99,41.0,original
8.54,22.71,80.0,original
6.17,16.98,76.0,original
3.57,15.85,43.0,original
11.11,10.58,52.0,original
5.68,9.91,56.0,original
7.59,9.51,33.0,original
9.29,9.39,42.0,original
5.15,7.72,0.0,original
6.85,15.78,0.0,original
9.88,7.96,0.0,original
12.52,12.11,0.0,original
6.37,20.3,55.0,original
4.72,13.29,34.0,original
3.36,12.76,35.0,original
3.7,13.35,43.0,original
4.43,13.24,59.0,original
7.55,15.58,94.0,original
3.55,50.05,83.0,original
3.95,33.16,86.0,original
1.46,15.58,90.0,original
3.42,11.45,83.0,original
2.99,44.91,88.0,original
6.66,12.68,95.0,original
2.49,49.93,78.0,original
11.63,12.14,52.0,original
13.96,15.86,40.0,original
22.41,34.28,85.0,original
22.4,8.5,70.0,original
24.78,8.23,59.0,original
24.18,31.63,71.0,original
13.93,33.29,83.0,original
9.51,15.94,63.0,original
17.25,72.27,0.0,original
19.3,71.99,0.0,original
8.62,52.55,0.0,original
15.87,66.94,0.0,original
9.41,16.23,48.0,original
7.9,30.01,54.0,original
4.91,24.01,61.0,original
6.01,22.96,31.0,original
12.06,22.15,40.0,original
13.53,24.86,66.0,original
9.22,16.19,50.0,original
10.64,14.57,42.0,original
6.0,12.13,66.0,original
3.94,33.63,34.0,original
11.93,16.08,42.0,original
11.92,14.28,43.0,original
14.19,11.22,37.0,original
7.35,34.36,34.0,original
3.12,14.22,45.0,original
4.19,13.62,68.0,original
3.9,18.83,42.0,original
3.82,46.68,82.0,original
2.74,44.25,89.0,original
2.03,46.78,99.0,original
2.79,17.19,94.0,original
2.06,32.99,83.0,original
1.87,11.94,78.0,original
1.83,11.79,89.0,original
13.31,12.08,51.0,original
14.49,11.21,74.0,original
9.68,30.57,65.0,original
3.52,152.12,23.0,original
9.19,12.15,61.0,original
10.43,68.1,53.0,original
8.88,32.85,31.0,original
7.11,12.15,51.0,original
10.35,151.79,43.0,original
2.23,13.42,36.0,original
11.48,12.42,28.0,original
12.27,15.39,66.0,original
14.03,15.56,71.0,original
4.2,33.94,55.0,original
5.62,13.8,54.0,original
9.89,16.19,31.0,original
11.62,9.74,34.0,original
7.39,15.44,62.0,original
3.04,9.5,69.0,original
6.17,10.66,67.0,original
9.38,33.67,31.0,original
10.11,24.38,30.0,original
11.95,23.17,47.0,original
11.33,15.84,60.0,original
20.61,15.3,43.0,original
4.55,29.64,66.0,original
22.62,47.61,64.0,original
12.08,15.83,71.0,original
15.01,45.18,54.0,original
23.74,38.97,0.0,original
16.42,39.6,0.0,original
9.85,32.43,53.0,original
7.0,16.42,44.0,original
6.99,33.97,53.0,original
9.96,25.85,25.0,original
6.86,10.38,52.0,original
12.99,15.97,64.0,original
2.1,32.42,99.0,original
6.74,48.96,84.0,original
7.82,33.02,83.0,original
5.09,49.95,80.0,original
7.0,49.74,89.0,original
2.38,11.93,82.0,original
2.44,30.55,93.0,original
1.81,31.94,81.0,original
2.62,32.55,52.0,original
6.71,34.46,79.0,original
4.34,131.14,78.0,original
5.66,15.48,72.0,original
3.97,134.68,65.0,original
4.92,16.33,66.0,original
5.51,12.09,82.0,original
5.14,14.83,82.0,original
8.21,11.05,94.0,original
6.3,31.11,81.0,original
8.14,46.93,96.0,original
20.26,33.51,42.0,original
21.11,29.83,44.0,original
5.66,23.83,72.0,original
16.91,33.07,43.0,original
7.52,29.89,76.0,original
5.07,35.46,50.0,original
3.37,16.05,79.0,original
8.16,17.01,63.0,original
5.4,143.13,69.0,original
6.34,22.66,34.0,original
3.44,19.64,50.0,original
2.04,11.86,33.0,original
7.66,7.54,19.0,original
6.55,21.02,23.0,original
2.89,8.32,18.0,original
6.1,7.86,48.0,original
9.81,23.92,75.0,original
13.51,30.99,74.0,original
14.96,32.48,57.0,original
15.25,24.72,71.0,original
6.79,48.29,58.0,original
4.88,5.98,25.0,original
3.83,5.53,33.0,original
12.99,45.12,57.0,original
20.23,15.77,66.0,original
11.98,25.11,64.0,original
21.31,31.28,70.0,original
6.15,25.33,56.0,original
15.08,46.55,45.0,original
21.73,16.71,76.0,original
12.91,25.39,57.0,original
21.82,51.55,75.0,original
7.12,23.81,57.0,original
15.56,29.71,46.0,original
11.95,14.78,70.0,original
18.02,17.28,70.0,original
4.5,23.68,55.0,original
7.37,33.8,75.0,original
20.11,33.54,56.0,original
12.0,51.44,69.0,original
3.44,16.25,27.0,original
3.44,9.26,59.0,original
9.46,14.89,53.0,original
2.76,17.25,43.0,original
3.2,12.84,59.0,original
4.77,20.51,39.0,original
2.97,12.58,47.0,original
4.7,12.07,38.0,original
2.2,19.25,59.0,original
5.08,18.1,45.0,original
3.83,18.92,52.0,original
12.99,16.73,0.0,original
8.69,7.55,0.0,original
9.79,3.23,0.0,original
3.87,3.23,0.0,original
4.71,12.32,35.0,original
6.6,5.87,29.0,original
2.73,12.78,44.0,original
9.34,11.34,59.0,original
14.5,7.44,77.0,original
7.89,29.45,72.0,original
23.33,7.71,35.0,original
8.24,32.82,77.0,original
31.01,32.12,42.0,original
8.88,34.37,65.0,original
7.97,11.98,43.0,original
6.29,67.72,68.0,original
6.97,31.96,72.0,original
9.73,31.23,52.0,original
8.71,62.53,74.0,original
3.63,31.78,77.0,original
9.45,61.83,30.0,original
5.0,16.09,50.0,original
13.31,12.12,64.0,original
3.49,11.86,63.0,original
14.36,11.66,60.0,original
8.54,15.39,61.0,original
11.66,15.76,31.0,original
11.44,30.5,61.0,original
11.31,51.99,0.0,original
8.33,70.94,0.0,original
22.05,77.14,0.0,original
14.28,70.98,0.0,original
9.36,10.28,0.0,original
5.07,39.86,0.0,original
21.8,77.75,0.0,original
21.42,75.21,0.0,original
22.48,37.34,0.0,original
6.74,39.56,0.0,original
16.86,55.67,0.0,original
10.94,40.28,0.0,original
12.59,70.34,0.0,original
8.21,54.33,0.0,original
9.28,10.01,0.0,original
21.27,29.9,79.0,original
15.69,12.65,82.0,original
22.07,12.48,75.0,original
22.23,31.19,89.0,original
26.23,12.51,71.0,original
29.95,7.37,59.0,original
26.58,8.14,59.0,original
15.37,15.41,73.0,original
3.38,61.7,45.0,original
3.55,11.66,34.0,original
2.71,64.28,26.0,original
27.07,12.8,60.0,original
26.34,30.64,62.0,original
27.6,7.94,70.0,original
29.72,32.92,89.0,original
27.4,15.32,63.0,original
16.83,16.89,77.0,original
20.64,30.85,86.0,original
10.45,15.44,31.0,original
3.38,15.19,42.0,original
8.69,11.69,41.0,original
1.84,14.98,53.0,original
8.03,16.33,68.0,original
7.91,14.06,56.0,original
8.63,11.11,69.0,original
5.52,12.87,47.0,original
1.83,15.0,51.0,original
8.53,14.9,32.0,original
12.14,34.37,70.0,original
2.93,25.29,53.0,original
4.44,16.42,68.0,original
3.81,24.88,78.0,original
4.26,24.93,67.0,original
4.66,125.43,73.0,original
4.34,15.2,69.0,original
3.79,22.19,60.0,original
11.75,13.1,55.0,original
4.46,34.16,31.0,original
3.43,11.79,34.0,original
6.88,12.43,68.0,original
22.38,15.17,90.0,original
9.07,16.57,77.0,original
6.61,11.45,64.0,original
9.03,33.85,63.0,original
14.84,7.52,83.0,original
2.72,14.12,48.0,original
4.88,18.27,46.0,original
3.15,11.42,61.0,original
4.06,18.9,39.0,original
2.39,14.66,50.0,original
8.17,51.3,46.0,original
18.59,47.85,53.0,original
12.09,23.87,47.0,original
13.81,25.53,76.0,original
14.46,24.27,42.0,original
13.94,15.49,52.0,original
21.23,29.66,58.0,original
15.24,23.36,71.0,original
5.26,18.44,56.0,original
4.44,14.85,38.0,original
3.18,18.62,55.0,original
3.64,17.32,52.0,original
4.38,14.82,51.0,original
3.99,20.63,54.0,original
21.46,3.95,88.0,original
23.47,31.93,73.0,original
27.93,31.65,55.0,original
9.61,7.61,43.0,original
13.58,15.02,49.0,original
2.66,24.13,56.0,original
11.83,23.79,62.0,original
4.43,33.88,62.0,original
11.0,30.74,43.0,original
9.87,31.68,63.0,original
10.71,10.17,43.0,original
3.54,20.02,50.0,original
5.03,20.65,43.0,original
2.38,18.97,48.0,original
4.93,13.22,45.0,original
2.25,19.88,41.0,original
4.36,14.64,53.0,original
2.73,6.39,35.0,original
2.11,5.9,57.0,original
4.96,8.05,19.0,original
8.83,11.91,53.0,original
6.86,20.32,23.0,original
4.54,7.49,20.0,original
8.77,20.24,35.0,original
2.52,7.48,48.0,original
8.56,7.91,21.0,original
6.17,12.12,54.0,original
4.05,8.61,20.0,original
5.47,7.79,52.0,original
20.95,9.73,0.0,original
5.35,10.07,0.0,original
4.18,75.52,0.0,original
22.81,10.27,0.0,original
12.63,71.31,0.0,original
10.43,10.77,35.0,original
6.62,24.49,56.0,original
7.54,34.27,67.0,original
6.26,9.2,43.0,original
6.03,16.21,36.0,original
7.6,23.01,47.0,original
3.02,14.94,47.0,original
7.15,39.3,0.0,original
7.64,9.89,0.0,original
8.29,29.78,94.0,original
6.39,32.59,82.0,original
6.47,12.91,78.0,original
6.83,15.01,46.0,original
5.52,12.29,60.0,original
8.25,12.58,30.0,original
9.84,34.89,73.0,original
8.38,23.75,61.0,original
4.47,16.61,72.0,original
8.85,25.73,71.0,original
6.71,17.2,55.0,original
12.11,16.02,50.0,original
14.36,11.55,72.0,original
8.7,30.57,31.0,original
12.26,15.12,62.0,original
7.29,14.33,66.0,original
8.5,34.21,71.0,original
3.57,21.1,25.0,original
7.54,12.63,58.0,original
2.72,7.65,43.0,original
6.5,25.51,64.0,original
5.09,25.61,57.0,original
5.47,25.28,65.0,original
12.67,32.82,66.0,original
11.84,11.86,66.0,original
1.74,31.27,38.0,original
9.19,123.6,79.0,original
3.35,136.68,60.0,original
4.53,22.54,72.0,original
8.61,129.18,74.0,original
3.52,33.75,70.0,original
7.42,35.62,74.0,original
4.19,24.97,66.0,original
7.67,31.26,51.0,original
7.24,30.86,46.0,original
22.45,45.62,69.0,original
2.79,11.34,85.0,original
7.91,14.8,96.0,original
5.42,33.75,85.0,original
10.25,35.02,0.0,original
21.82,50.88,0.0,original
3.63,75.64,0.0,original
20.91,10.61,0.0,original
14.8,66.82,0.0,original
13.67,74.45,0.0,original
2.74,13.9,56.0,original
2.98,11.52,52.0,original
6.65,17.14,66.0,original
3.04,11.4,47.0,original
2.99,14.86,44.0,original
4.19,17.89,61.0,original
7.22,18.59,40.0,original
3.83,12.76,58.0,original
2.78,12.53,45.0,original
5.31,12.45,60.0,original
5.05,14.53,44.0,original
4.3,12.1,62.0,original
4.3,18.91,45.0,original
4.34,17.57,35.0,original
7.06,18.78,63.0,original
3.39,67.6,77.0,original
7.56,12.39,74.0,original
5.63,65.79,34.0,original
11.61,61.56,61.0,original
1.2,67.17,48.0,original
9.7,65.9,77.0,original
9.04,25.03,50.0,original
9.41,9.28,30.0,original
13.21,9.72,42.0,original
7.52,30.99,60.0,original
13.18,10.39,26.0,original
22.57,30.16,49.0,original
11.09,46.52,55.0,original
6.8,15.57,54.0,original
2.34,30.45,73.0,original
13.23,11.72,47.0,original
9.72,16.99,33.0,original
10.27,14.03,40.0,original
15.76,15.18,76.0,original
13.67,34.18,69.0,original
15.15,24.42,63.0,original
18.71,29.9,42.0,original
17.87,46.52,57.0,original
18.5,44.7,66.0,original
6.33,24.51,63.0,original
2.81,16.87,51.0,original
8.65,9.26,43.0,original
5.47,31.59,62.0,original
11.17,15.16,42.0,original
9.28,10.41,35.0,original
2.63,29.51,60.0,original
4.03,17.01,51.0,original
22.1,29.95,76.0,original
6.33,23.19,68.0,original
3.96,16.24,71.0,original
7.4,16.76,50.0,original
19.92,17.28,72.0,original
8.46,16.38,53.0,original
6.24,15.25,62.0,original
15.13,30.01,48.0,original
13.03,10.65,0.0,original
16.36,52.59,0.0,original
6.25,50.49,0.0,original
5.26,11.5,78.0,original
6.47,32.95,96.0,original
1.68,12.96,79.0,original
2.75,33.33,78.0,original
4.69,46.34,91.0,original
2.44,32.78,78.0,original
1.42,34.31,92.0,original
1.76,15.45,79.0,original
3.99,34.48,80.0,original
8.82,12.43,82.0,original
4.43,24.22,56.0,original
12.34,15.43,54.0,original
6.09,24.0,37.0,original
10.44,22.71,64.0,original
8.43,22.95,55.0,original
12.42,23.27,37.0,original
9.33,10.78,28.0,original
11.2,10.14,62.0,original
17.0,24.79,75.0,original
17.01,16.71,54.0,original
20.53,25.15,71.0,original
9.29,48.65,71.0,original
11.68,15.54,51.0,original
4.75,23.19,48.0,original
3.19,32.89,53.0,original
9.3,128.09,76.0,original
8.18,126.25,75.0,original
4.11,32.78,51.0,original
9.19,15.13,57.0,original
8.76,131.74,80.0,original
8.06,15.61,74.0,original
6.89,133.5,52.0,original
7.04,23.93,75.0,original
14.92,15.2,56.0,original
13.48,15.73,32.0,original
1.56,30.26,65.0,original
3.92,15.57,61.0,original
10.19,31.46,65.0,original
1.63,34.53,64.0,original
6.19,15.38,40.0,original
9.33,16.17,55.0,original
9.63,15.13,56.0,original
5.46,34.15,59.0,original
6.77,17.0,48.0,original
4.27,31.23,67.0,original
4.76,24.8,48.0,original
7.86,130.39,77.0,original
2.54,150.65,81.0,original
3.0,61.55,71.0,original
5.45,62.39,73.0,original
8.94,31.72,22.0,original
5.72,13.4,25.0,original
1.3,152.53,65.0,original
4.43,135.12,75.0,original
5.92,15.18,60.0,original
4.45,14.87,40.0,original
7.8,33.75,74.0,original
9.64,15.17,67.0,original
2.18,14.89,59.0,original
17.4,16.81,83.0,original
11.46,33.29,57.0,original
27.86,11.39,85.0,original
22.7,33.29,65.0,original
4.27,12.09,55.0,original
11.92,14.98,43.0,original
4.05,49.44,87.0,original
8.32,34.35,95.0,original
4.52,14.98,63.0,original
14.67,15.88,68.0,original
20.37,14.91,66.0,original
10.52,24.66,55.0,original
15.32,24.61,43.0,original
8.97,49.14,60.0,original
11.01,17.21,49.0,original
6.16,19.31,42.0,original
6.17,18.97,54.0,original
7.44,12.76,43.0,original
2.28,12.46,41.0,original
3.16,18.7,67.0,original
5.68,14.33,64.0,original
4.37,16.76,67.0,original
11.2,9.99,27.0,original
5.79,15.48,50.0,original
8.9,31.09,66.0,original
11.02,10.09,56.0,original
12.76,9.28,42.0,original
7.61,16.04,64.0,original
9.45,15.6,34.0,original
6.84,25.4,46.0,original
5.09,25.9,42.0,original
9.07,9.91,61.0,original
3.98,17.22,23.0,original
9.77,33.69,63.0,original
4.79,22.6,66.0,original
11.58,15.38,48.0,original
13.19,14.48,40.0,original
7.55,14.54,48.0,original
5.76,30.62,36.0,original
3.15,12.35,59.0,original
10.76,30.79,53.0,original
11.03,15.83,74.0,original
7.88,31.37,58.0,original
14.47,14.35,43.0,original
1.89,31.1,37.0,original
6.91,31.83,55.0,original
8.35,34.62,78.0,original
4.61,126.9,52.0,original
9.55,12.17,48.0,original
4.88,12.31,44.0,original
11.57,15.16,59.0,original
10.16,32.11,66.0,original
5.37,23.6,53.0,original
6.02,32.48,64.0,original
3.8,31.11,57.0,original
2.64,123.18,76.0,original
6.87,22.2,48.0,original
5.14,135.84,61.0,original
7.37,24.61,57.0,original
6.48,22.24,66.0,original
3.83,148.52,40.0,original
5.54,13.2,69.0,original
2.63,65.88,50.0,original
1.79,12.92,77.0,original
7.49,13.19,65.0,original
5.49,141.95,81.0,original
8.2,11.81,23.0,original
3.81,31.92,25.0,original
5.17,22.46,50.0,original
8.87,31.07,68.0,original
6.33,134.31,75.0,original
5.24,127.49,79.0,original
4.74,35.65,59.0,original
8.05,15.6,65.0,original
5.39,16.37,78.0,original
7.79,25.04,72.0,original
3.49,34.72,56.0,original
3.39,141.28,73.0,original
6.75,16.13,52.0,original
7.95,14.79,52.0,original
4.98,19.34,63.0,original
4.74,16.71,68.0,original
2.87,14.11,53.0,original
7.01,18.51,55.0,original
9.63,22.87,50.0,original
15.14,16.66,56.0,original
7.7,46.45,42.0,original
11.08,32.83,56.0,original
9.42,16.31,48.0,original
10.85,12.5,73.0,original
23.97,15.41,87.0,original
27.52,29.93,80.0,original
3.37,143.3,61.0,original
8.1,32.57,56.0,original
7.6,33.76,74.0,original
4.23,24.26,62.0,original
14.66,13.89,30.0,original
5.43,11.82,45.0,original
3.78,34.15,80.0,original
2.21,15.13,80.0,original
7.36,11.4,95.0,original
3.84,16.54,84.0,original
6.84,14.73,93.0,original
4.74,31.31,83.0,original
1.33,50.76,85.0,original
5.42,16.44,82.0,original
7.96,30.89,88.0,original
2.79,17.12,88.0,original
11.13,3.7,74.0,original
31.1,32.29,81.0,original
12.59,12.32,45.0,original
10.1,15.2,66.0,original
7.08,34.02,58.0,original
11.94,15.34,59.0,original
6.11,14.92,51.0,original
4.72,29.52,33.0,original
9.82,11.58,74.0,original
7.86,37.85,0.0,original
15.67,9.87,0.0,original
11.27,9.8,0.0,original
6.0,9.66,0.0,original
17.9,77.13,0.0,original
21.06,35.12,0.0,original
8.94,11.68,86.0,original
28.53,12.2,56.0,original
15.04,49.22,63.0,original
19.39,30.38,46.0,original
9.65,32.15,52.0,original
18.38,33.84,50.0,original
19.06,15.49,51.0,original
9.9,15.89,47.0,original
12.02,47.23,54.0,original
18.79,32.02,58.0,original
8.96,24.54,23.0,original
6.46,9.32,52.0,original
10.39,23.01,26.0,original
8.09,32.08,29.0,original
13.16,33.03,55.0,original
13.64,15.78,43.0,original
7.09,17.25,46.0,original
9.49,14.18,57.0,original
13.86,13.81,64.0,original
8.28,11.42,92.0,original
6.51,12.93,81.0,original
6.03,30.44,78.0,original
1.45,16.67,92.0,original
3.97,14.8,90.0,original
5.68,12.76,87.0,original
4.43,29.91,99.0,original
5.5,14.82,78.0,original
6.65,15.75,98.0,original
4.7,16.23,95.0,original
8.4,32.64,79.0,original
9.94,12.54,22.0,original
5.37,12.92,60.0,original
5.16,7.88,59.0,original
6.81,19.61,59.0,original
6.38,19.83,19.0,original
8.93,21.17,40.0,original
2.12,21.21,59.0,original
5.25,5.91,30.0,original
5.75,21.51,33.0,original
4.42,20.18,59.0,original
16.85,38.98,0.0,original
17.44,69.05,0.0,original
13.19,10.15,0.0,original
16.96,40.09,0.0,original
9.85,66.51,0.0,original
6.12,10.48,0.0,original
4.89,66.76,57.0,original
7.06,148.57,43.0,original
3.65,15.61,55.0,original
12.58,34.26,69.0,original
3.45,11.63,33.0,original
9.72,16.68,68.0,original
3.09,15.3,60.0,original
9.78,15.86,73.0,original
1.5,30.02,61.0,original
6.16,15.15,70.0,original
8.63,7.67,33.0,original
7.91,8.05,53.0,original
3.46,8.3,48.0,original
6.22,6.28,18.0,original
2.62,11.79,49.0,original
3.55,8.56,24.0,original
4.36,22.3,18.0,original
9.26,123.4,80.0,original
5.36,24.95,51.0,original
3.35,23.16,82.0,original
5.26,16.03,37.0,original
9.54,33.85,40.0,original
2.13,15.06,74.0,original
9.3,12.58,47.0,original
11.98,11.33,50.0,original
3.13,34.04,32.0,original
11.19,48.16,61.0,original
22.31,15.79,55.0,original
12.11,24.56,45.0,original
19.45,24.65,57.0,original
10.99,29.48,73.0,original
10.38,23.56,54.0,original
11.59,25.06,76.0,original
8.03,15.69,68.0,original
2.73,16.58,43.0,original
6.2,16.18,35.0,original
11.0,22.6,40.0,original
13.57,9.34,23.0,original
5.85,34.27,64.0,original
9.12,25.0,67.0,original
12.37,30.08,65.0,original
8.38,16.66,42.0,original
7.26,24.09,42.0,original
7.55,10.06,45.0,original
9.55,30.69,54.0,original
5.72,13.42,79.0,original
7.91,12.13,27.0,original
4.88,33.54,51.0,original
2.03,11.64,73.0,original
11.16,134.24,74.0,original
11.19,17.22,47.0,original
2.4,30.33,52.0,original
5.91,14.43,42.0,original
2.71,17.09,43.0,original
8.92,15.26,61.0,original
9.42,31.21,36.0,original
12.84,17.06,33.0,original
5.8,31.92,76.0,original
9.53,32.47,74.0,original
3.49,137.56,64.0,original
8.08,143.21,53.0,original
9.0,16.15,42.0,original
12.17,29.52,41.0,original
4.99,11.53,74.0,original
22.45,53.22,0.0,original
5.66,38.05,0.0,original
2.86,18.25,48.0,original
3.49,19.07,43.0,original
3.96,11.66,64.0,original
12.82,32.94,37.0,original
9.13,12.21,33.0,original
9.59,15.09,72.0,original
7.41,15.98,44.0,original
12.29,15.99,66.0,original
12.68,24.91,68.0,original
11.1,17.13,40.0,original
9.44,23.5,41.0,original
12.82,23.77,59.0,original
28.71,12.43,80.0,original
25.64,33.84,59.0,original
20.86,14.96,68.0,original
7.05,16.85,80.0,original
23.5,29.96,71.0,original
6.6,16.55,84.0,original
16.37,32.37,89.0,original
17.67,31.72,82.0,original
5.73,22.26,62.0,original
8.67,137.21,72.0,original
3.06,142.88,58.0,original
7.74,32.84,71.0,original
4.04,23.55,51.0,original
4.31,137.15,60.0,original
4.69,12.94,64.0,original
8.25,16.12,36.0,original
12.24,11.81,46.0,original
3.41,12.46,64.0,original
9.2,14.76,57.0,original
13.37,15.77,47.0,original
21.73,22.81,42.0,original
6.21,29.82,63.0,original
24.24,15.55,85.0,original
22.81,8.36,74.0,original
4.89,5.62,46.0,original
8.86,12.85,51.0,original
9.13,20.8,54.0,original
8.33,8.63,60.0,original
7.65,11.77,34.0,original
8.88,5.65,42.0,original
9.79,11.36,33.0,original
9.09,6.17,33.0,original
12.53,15.73,66.0,original
10.73,14.92,51.0,original
6.97,30.85,47.0,original
8.24,30.47,82.0,original
6.17,15.41,97.0,original
3.12,29.68,82.0,original
7.78,51.18,91.0,original
4.46,48.47,96.0,original
8.08,12.4,83.0,original
4.33,6.32,26.0,original
9.37,7.88,27.0,original
9.28,20.13,37.0,original
5.33,11.9,57.0,original
2.12,7.88,54.0,original
5.19,11.65,25.0,original
5.74,5.79,50.0,original
8.06,8.62,36.0,original
8.65,46.65,96.0,original
3.08,50.4,88.0,original
5.11,11.25,89.0,original
3.12,33.77,91.0,original
2.75,12.18,87.0,original
9.5,6.04,42.0,original
3.4,6.15,48.0,original
7.81,20.03,32.0,original
4.07,11.71,23.0,original
9.97,20.34,31.0,original
7.41,7.67,19.0,original
7.26,12.32,19.0,original
8.38,19.77,30.0,original
5.18,129.53,60.0,original
5.19,30.94,59.0,original
6.18,31.94,93.0,original
6.63,45.35,86.0,original
5.81,16.5,98.0,original
8.65,16.85,90.0,original
6.17,33.31,95.0,original
4.78,11.04,90.0,original
4.79,31.78,79.0,original
2.72,16.53,80.0,original
9.69,13.49,72.0,original
5.57,66.89,51.0,original
2.38,67.82,33.0,original
15.78,8.21,0.0,original
4.99,7.85,0.0,original
13.09,17.28,0.0,original
10.06,3.24,0.0,original
3.9,7.51,0.0,original
6.87,30.72,81.0,original
7.59,16.43,80.0,original
7.86,14.84,94.0,original
6.87,32.66,88.0,original
22.52,7.6,79.0,original
34.24,4.14,46.0,original
10.88,23.07,67.0,original
12.95,31.89,62.0,original
2.75,30.3,68.0,original
8.98,16.26,26.0,original
23.85,48.71,0.0,original
7.9,38.78,0.0,original
5.93,67.96,0.0,original
2.86,23.44,27.0,original
5.61,15.54,64.0,original
6.92,33.07,61.0,original
2.81,29.46,57.0,original
6.28,32.59,29.0,original
11.0,32.76,39.0,original
5.03,33.71,24.0,original
9.5,10.54,33.0,original
7.46,13.84,39.0,original
6.61,16.41,42.0,original
11.58,13.82,37.0,original
14.49,33.27,71.0,original
7.73,11.94,50.0,original
14.14,14.51,31.0,original
14.8,15.87,72.0,original
9.2,24.61,46.0,original
7.76,14.94,32.0,original
6.59,9.67,67.0,original
8.97,25.15,57.0,original
5.89,17.04,46.0,original
15.83,17.08,86.0,original
14.98,7.6,83.0,original
13.41,7.58,71.0,original
6.05,8.31,62.0,original
12.86,33.27,75.0,original
9.19,64.22,37.0,original
6.53,66.38,80.0,original
5.5,35.56,39.0,original
1.99,133.25,45.0,original
9.74,64.0,71.0,original
3.79,21.5,32.0,original
2.21,5.57,41.0,original
5.78,5.53,56.0,original
2.89,12.32,36.0,original
8.2,31.38,43.0,original
3.01,9.54,69.0,original
12.4,9.36,66.0,original
4.19,33.14,31.0,original
5.43,10.35,65.0,original
6.35,14.93,53.0,original
5.46,34.26,54.0,original
10.12,10.31,43.0,original
6.79,14.94,49.0,original
4.38,11.5,68.0,original
4.03,18.17,53.0,original
6.61,17.54,54.0,original
6.14,13.42,47.0,original
7.46,18.86,66.0,original
2.49,19.18,36.0,original
6.4,16.67,74.0,original
5.34,136.44,69.0,original
2.36,21.25,51.0,original
5.1,18.69,61.0,original
4.13,18.47,58.0,original
2.8,14.88,62.0,original
2.68,18.79,45.0,original
3.1,19.05,49.0,original
5.28,11.21,54.0,original
8.46,23.09,54.0,original
6.2,24.46,44.0,original
7.34,30.25,74.0,original
20.37,34.43,42.0,original
22.22,23.13,43.0,original
4.97,22.37,67.0,original
20.58,50.76,67.0,original
20.52,15.98,73.0,original
8.57,31.16,39.0,original
9.06,16.05,64.0,original
14.23,16.05,60.0,original
11.61,11.27,37.0,original
2.52,30.05,54.0,original
14.84,14.71,35.0,original
31.88,8.58,65.0,original
27.65,4.31,36.0,original
7.82,27.32,52.0,original
22.03,8.12,53.0,original
15.39,31.2,42.0,original
31.96,8.07,52.0,original
9.51,31.51,82.0,original
1.71,148.91,46.0,original
9.05,154.59,82.0,original
9.09,13.02,42.0,original
3.05,11.61,51.0,original
1.87,140.79,78.0,original
9.31,13.12,75.0,original
1.83,67.24,64.0,original
11.17,10.57,30.0,original
10.91,30.58,24.0,original
7.08,15.95,35.0,original
11.13,15.91,43.0,original
3.91,29.5,65.0,original
6.74,9.96,40.0,original
8.58,22.87,55.0,original
9.61,31.61,66.0,original
2.2,137.62,80.0,original
8.3,32.34,60.0,original
5.57,31.67,72.0,original
7.64,23.43,53.0,original
3.63,34.44,87.0,original
6.39,31.98,99.0,original
8.08,12.56,95.0,original
3.18,16.24,86.0,original
3.59,11.58,85.0,original
6.92,15.7,60.0,original
12.13,17.23,32.0,original
4.1,15.53,60.0,original
12.08,12.19,70.0,original
13.74,12.27,65.0,original
2.19,15.14,72.0,original
10.37,25.6,69.0,original
18.72,22.83,74.0,original
22.38,16.89,45.0,original
21.27,15.37,73.0,original
11.86,15.78,63.0,original
7.5,47.65,97.0,original
4.27,48.63,99.0,original
6.3,30.82,93.0,original
3.4,16.56,82.0,original
1.35,29.99,82.0,original
14.82,3.05,0.0,original
2.62,16.95,0.0,original
4.1,3.07,0.0,original
3.5,16.01,70.0,original
11.43,12.93,65.0,original
9.94,15.54,33.0,original
1.54,11.96,44.0,original
12.98,14.31,73.0,original
11.17,15.49,65.0,original
3.21,32.55,62.0,original
8.99,15.87,55.0,original
26.6,11.27,68.0,original
15.61,16.37,80.0,original
9.69,7.5,61.0,original
19.9,16.32,76.0,original
16.25,16.2,84.0,original
24.87,15.28,82.0,original
17.98,7.75,71.0,original
9.5,5.85,57.0,original
9.28,8.22,35.0,original
2.03,6.32,44.0,original
8.62,19.99,36.0,original
16.61,53.3,0.0,original
12.73,66.51,0.0,original
11.23,10.44,0.0,original
7.86,75.59,0.0,original
7.52,72.19,0.0,original
20.21,50.04,0.0,original
13.46,9.83,0.0,original
17.7,40.16,0.0,original
7.72,34.16,61.0,original
12.54,32.4,31.0,original
10.4,16.04,51.0,original
8.62,8.31,50.0,original
2.29,21.4,59.0,original
8.42,6.46,21.0,original
3.0,11.29,51.0,original
9.52,11.89,51.0,original
3.47,22.45,39.0,original
6.09,11.54,36.0,original
7.57,22.45,56.0,original
7.53,15.45,62.0,original
4.16,31.8,38.0,original
10.66,11.76,39.0,original
9.89,17.18,52.0,original
3.65,74.98,0.0,original
15.22,52.69,0.0,original
5.03,9.79,0.0,original
23.0,49.86,0.0,original
22.36,51.44,0.0,original
3.19,25.0,81.0,original
5.52,25.85,75.0,original
7.48,131.16,63.0,original
9.72,137.25,81.0,original
12.26,32.32,26.0,original
4.53,29.99,38.0,original
9.7,24.66,45.0,original
3.97,33.08,39.0,original
9.37,23.42,61.0,original
5.03,9.7,29.0,original
9.5,17.19,27.0,original
6.31,24.04,42.0,original
1.93,15.54,83.0,original
3.84,48.23,91.0,original
3.64,49.84,79.0,original
2.78,29.47,87.0,original
2.15,16.84,79.0,original
4.02,15.88,79.0,original
7.7,8.63,56.0,original
5.13,19.39,34.0,original
9.08,5.64,56.0,original
8.27,8.04,49.0,original
5.11,11.87,41.0,original
2.84,12.44,40.0,original
3.87,20.84,52.0,original
11.12,10.11,0.0,original
12.31,36.39,0.0,original
20.6,67.65,0.0,original
18.93,9.71,0.0,original
3.69,10.3,0.0,original
6.89,32.18,31.0,original
12.98,14.64,36.0,original
11.16,16.76,50.0,original
10.51,10.66,0.0,original
21.32,70.67,0.0,original
8.7,49.42,0.0,original
8.93,73.89,0.0,original
18.48,74.62,0.0,original
19.51,9.66,0.0,original
6.34,9.37,0.0,original
17.56,37.78,0.0,original
4.35,10.63,0.0,original
14.92,16.06,30.0,original
14.6,32.72,33.0,original
12.35,16.91,59.0,original
7.35,34.47,72.0,original
4.88,33.82,60.0,original
5.61,34.25,80.0,original
8.62,22.71,60.0,original
8.16,133.45,73.0,original
3.33,141.37,82.0,original
3.02,23.77,61.0,original
6.59,14.79,67.0,original
3.46,12.27,80.0,original
1.8,45.16,89.0,original
16.64,24.69,50.0,original
16.39,15.05,71.0,original
17.96,23.16,61.0,original
9.1,15.64,73.0,original
11.69,15.2,51.0,original
11.87,12.46,31.0,original
8.53,12.87,35.0,original
4.76,12.59,44.0,original
12.26,32.81,46.0,original
2.75,29.55,33.0,original
5.15,31.32,45.0,original
12.58,30.15,34.0,original
11.16,23.1,69.0,original
4.9,24.9,42.0,original
5.13,16.77,59.0,original
11.56,10.14,38.0,original
6.94,9.69,22.0,original
9.19,16.73,23.0,original
2.85,10.41,51.0,original
13.28,16.64,39.0,original
8.55,11.85,56.0,original
11.76,134.84,55.0,original
8.53,33.57,57.0,original
9.5,136.94,73.0,original
1.93,154.52,83.0,original
10.37,62.01,77.0,original
6.29,12.55,27.0,original
16.91,27.29,42.0,original
26.09,3.98,85.0,original
20.75,27.87,56.0,original
14.37,13.89,73.0,original
7.45,33.45,32.0,original
9.74,30.92,64.0,original
7.44,16.02,47.0,original
11.97,12.64,51.0,original
6.63,11.75,54.0,original
19.1,35.72,0.0,original
20.24,40.26,0.0,original
22.61,49.39,0.0,original
22.4,9.64,0.0,original
13.13,35.71,0.0,original
3.15,53.25,0.0,original
11.81,75.65,0.0,original
9.32,35.39,0.0,original
2.95,24.36,50.0,original
5.49,23.01,49.0,original
3.04,23.66,68.0,original
9.42,34.53,82.0,original
4.62,34.12,82.0,original
6.54,140.19,60.0,original
5.68,32.96,69.0,original
8.63,14.89,48.0,original
2.65,29.57,42.0,original
2.37,14.97,55.0,original
5.08,11.69,68.0,original
7.88,30.25,58.0,original
12.32,15.16,48.0,original
5.1,16.86,55.0,original
8.04,22.68,64.0,original
6.74,32.74,47.0,original
5.9,24.57,43.0,original
11.56,32.35,42.0,original
6.55,15.19,43.0,original
4.83,22.77,57.0,original
6.0,30.86,82.0,original
5.55,34.4,81.0,original
7.23,22.89,63.0,original
2.85,125.07,82.0,original
9.67,33.96,81.0,original
9.75,20.73,56.0,original
2.58,6.12,31.0,original
7.29,19.95,24.0,original
8.26,8.41,31.0,original
2.36,19.36,21.0,original
4.33,15.08,46.0,original
8.3,31.97,50.0,original
9.08,30.64,61.0,original
5.17,22.71,25.0,original
12.79,25.27,67.0,original
1.5,16.64,86.0,original
6.44,12.58,79.0,original
3.58,12.46,98.0,original
9.16,16.17,32.0,original
13.29,16.52,62.0,original
7.87,34.34,74.0,original
9.39,30.91,45.0,original
10.01,14.6,54.0,original
6.91,14.41,43.0,original
6.07,16.95,59.0,original
14.7,15.01,37.0,original
4.73,15.36,53.0,original
3.56,36.54,0.0,original
12.36,10.67,0.0,original
2.06,11.06,55.0,original
6.42,21.97,21.0,original
8.7,11.35,35.0,original
5.75,8.02,60.0,original
3.74,20.78,55.0,original
5.34,12.51,57.0,original
10.44,31.21,56.0,original
17.95,31.79,64.0,original
7.06,24.24,61.0,original
12.71,10.71,52.0,original
3.17,9.7,39.0,original
3.67,16.39,40.0,original
10.14,10.05,25.0,original
7.72,33.15,51.0,original
6.88,22.86,30.0,original
11.52,24.69,69.0,original
16.72,45.37,58.0,original
18.71,22.96,71.0,original
19.96,15.7,62.0,original
20.97,47.97,73.0,original
6.17,35.58,29.0,original
6.39,35.01,64.0,original
9.21,12.35,65.0,original
8.09,154.0,72.0,original
7.75,71.14,70.0,original
4.94,149.52,27.0,original
5.57,31.98,56.0,original
9.7,68.59,73.0,original
10.69,34.82,58.0,original
2.44,62.82,30.0,original
8.27,12.62,32.0,original
4.0,22.69,60.0,original
5.6,22.68,69.0,original
4.27,23.17,80.0,original
8.79,33.08,54.0,original
7.18,133.08,69.0,original
5.36,17.08,74.0,original
9.83,17.14,75.0,original
6.08,15.61,79.0,original
3.42,138.76,82.0,original
8.73,33.48,55.0,original
8.82,32.83,63.0,original
7.22,25.76,70.0,original
7.81,136.09,82.0,original
23.91,32.26,53.0,original
7.08,7.85,67.0,original
8.02,11.99,79.0,original
5.0,11.06,94.0,original
3.73,12.86,87.0,original
7.6,16.53,81.0,original
6.95,12.48,94.0,original
7.69,15.35,42.0,original
13.25,29.89,59.0,original
10.81,32.14,33.0,original
5.02,12.66,35.0,original
7.25,11.63,36.0,original
2.17,30.94,54.0,original
6.84,34.22,34.0,original
3.4,19.3,36.0,original
2.59,12.48,56.0,original
3.25,13.54,55.0,original
7.02,21.2,45.0,original
2.69,11.09,62.0,original
6.36,17.4,56.0,original
7.29,11.57,70.0,original
20.3,11.97,68.0,original
28.49,8.02,72.0,original
19.62,7.98,69.0,original
24.73,31.13,73.0,original
18.39,11.05,82.0,original
9.17,32.55,78.0,original
20.63,11.69,65.0,original
6.95,22.28,34.0,original
6.59,20.86,39.0,original
6.99,6.02,45.0,original
5.05,14.36,32.0,original
14.39,15.84,66.0,original
4.23,33.09,56.0,original
7.03,14.73,53.0,original
4.98,16.64,47.0,original
23.02,40.76,0.0,original
8.65,9.96,0.0,original
15.65,9.9,0.0,original
13.71,10.3,0.0,original
22.48,72.12,0.0,original
17.58,9.71,0.0,original
2.88,68.47,55.0,original
3.21,11.98,48.0,original
6.93,132.67,71.0,original
1.46,146.23,75.0,original
10.21,33.26,28.0,original
2.45,45.3,85.0,original
7.2,44.49,92.0,original
1.41,15.56,86.0,original
2.04,16.34,80.0,original
5.32,32.03,96.0,original
22.41,22.94,68.0,original
9.5,15.5,67.0,original
16.88,46.12,55.0,original
16.98,16.05,51.0,original
12.15,25.74,57.0,original
13.69,15.13,71.0,original
22.88,31.77,48.0,original
13.41,16.99,72.0,original
3.29,33.46,39.0,original
14.12,14.84,36.0,original
9.94,15.75,74.0,original
6.99,15.34,49.0,original
5.92,33.26,70.0,original
4.15,14.99,73.0,original
11.51,11.12,36.0,original
4.29,9.2,39.0,original
4.86,30.24,38.0,original
9.93,31.09,67.0,original
11.26,9.97,60.0,original
6.24,15.11,45.0,original
6.96,11.39,72.0,original
6.81,15.73,71.0,original
14.9,11.21,70.0,original
9.49,31.84,63.0,original
4.83,16.14,66.0,original
14.87,14.91,68.0,original
8.87,14.17,74.0,original
6.23,15.1,42.0,original
11.95,33.16,62.0,original
5.96,50.33,69.0,original
3.15,17.01,34.0,original
3.62,18.82,38.0,original
4.98,21.53,67.0,original
8.66,7.79,0.0,original
3.77,16.25,0.0,original
5.87,11.56,0.0,original
10.57,7.62,0.0,original
15.77,16.71,0.0,original
2.36,6.28,60.0,original
4.65,7.93,19.0,original
7.36,12.58,50.0,original
8.37,8.47,23.0,original
9.82,22.23,36.0,original
5.38,7.4,25.0,original
5.21,47.86,60.0,original
21.9,48.99,60.0,original
16.14,50.05,65.0,original
12.0,17.15,43.0,original
8.16,7.88,38.0,original
6.72,21.68,31.0,original
6.0,6.06,55.0,original
4.95,5.62,27.0,original
2.47,21.98,53.0,original
4.65,22.47,44.0,original
6.45,12.44,47.0,original
8.1,16.12,0.0,original
13.63,7.54,0.0,original
14.63,16.27,0.0,original
4.11,7.99,0.0,original
9.51,3.04,0.0,original
14.73,16.46,0.0,original
5.4,16.57,0.0,original
5.48,16.11,0.0,original
5.75,47.88,88.0,original
8.47,31.03,82.0,original
1.43,14.92,98.0,original
8.45,31.58,95.0,original
8.32,15.22,78.0,original
5.39,29.76,85.0,original
2.47,18.41,68.0,original
6.82,12.64,34.0,original
2.29,13.51,50.0,original
2.88,18.89,51.0,original
6.23,14.23,55.0,original
14.67,16.25,70.0,original
29.19,16.62,65.0,original
13.57,32.99,62.0,original
7.08,12.74,38.0,original
4.24,17.29,35.0,original
2.25,16.65,50.0,original
3.53,13.82,41.0,original
5.52,14.66,40.0,original
2.74,15.0,52.0,original
2.78,14.31,37.0,original
6.41,13.09,64.0,original
5.36,14.53,36.0,original
3.13,17.39,58.0,original
3.34,16.09,61.0,original
8.11,30.41,74.0,original
14.69,29.78,33.0,original
12.07,32.55,72.0,original
4.29,11.5,71.0,original
13.73,14.31,40.0,original
14.31,34.35,44.0,original
1.53,13.98,64.0,original
18.44,7.77,87.0,original
11.25,15.98,77.0,original
8.98,29.9,80.0,original
5.7,17.21,93.0,original
7.22,30.09,57.0,original
13.31,22.17,64.0,original
18.92,30.86,76.0,original
6.66,47.88,45.0,original
22.13,49.0,59.0,original
20.39,30.31,51.0,original
17.09,15.16,53.0,original
20.34,29.8,72.0,original
9.63,34.37,60.0,original
7.73,22.46,23.0,original
5.82,8.18,33.0,original
5.56,6.34,54.0,original
8.75,11.28,49.0,original
4.16,19.48,25.0,original
9.94,6.13,42.0,original
9.18,8.42,54.0,original
9.59,133.01,43.0,original
8.54,12.36,79.0,original
2.26,150.98,24.0,original
11.42,34.76,46.0,original
1.62,11.74,53.0,original
8.53,33.74,75.0,original
7.97,65.57,59.0,original
2.9,136.13,45.0,original
13.96,13.22,0.0,original
4.55,17.68,0.0,original
13.0,2.82,0.0,original
14.63,3.04,0.0,original
5.84,3.09,0.0,original
3.16,15.93,0.0,original
21.61,38.15,0.0,original
24.04,9.3,0.0,original
5.44,34.54,42.0,original
12.3,24.63,43.0,original
4.45,32.88,57.0,original
3.24,16.64,24.0,original
10.0,9.67,50.0,original
8.64,5.83,62.0,original
2.73,20.94,62.0,original
2.43,12.23,62.0,original
3.72,5.61,52.0,original
5.92,68.07,70.0,original
6.46,11.77,85.0,original
10.02,145.36,32.0,original
8.77,13.01,48.0,original
4.03,152.84,27.0,original
13.46,30.97,53.0,original
7.39,33.75,63.0,original
6.37,29.89,60.0,original
8.67,23.9,70.0,original
19.83,50.39,61.0,original
10.96,33.89,69.0,original
3.14,12.23,85.0,original
3.79,16.41,82.0,original
1.62,47.75,90.0,original
2.01,30.47,78.0,original
8.3,24.02,72.0,original
3.25,15.8,66.0,original
4.4,35.58,60.0,original
6.47,129.18,49.0,original
7.23,123.31,63.0,original
5.13,22.83,50.0,original
6.99,15.57,55.0,original
9.86,126.55,56.0,original
9.18,135.66,84.0,original
3.69,12.91,81.0,original
7.64,67.92,26.0,original
6.29,11.39,65.0,original
2.37,14.7,56.0,original
5.75,19.2,65.0,original
5.76,19.5,38.0,original
5.33,19.87,43.0,original
4.36,20.7,34.0,original
4.87,16.75,56.0,original
13.9,17.18,43.0,original
11.32,16.91,74.0,original
8.07,15.39,33.0,original
2.79,129.97,79.0,original
7.54,16.8,82.0,original
8.0,23.93,69.0,original
8.51,138.83,55.0,original
3.21,15.62,60.0,original
3.07,139.37,53.0,original
3.81,35.05,72.0,original
4.94,74.0,0.0,original
18.09,10.19,0.0,original
6.04,50.94,61.0,original
19.99,15.52,48.0,original
10.99,45.3,49.0,original
15.75,15.41,70.0,original
16.88,16.93,74.0,original
12.83,17.12,26.0,original
4.32,23.55,56.0,original
7.19,24.65,58.0,original
17.11,49.79,64.0,original
16.34,23.75,45.0,original
14.8,30.28,45.0,original
6.03,34.55,54.0,original
21.74,32.74,74.0,original
7.94,12.15,60.0,original
3.25,12.54,33.0,original
9.08,11.49,54.0,original
8.85,6.48,48.0,original
2.47,12.71,51.0,original
8.13,11.42,37.0,original
6.31,19.35,29.0,original
11.33,65.01,39.0,original
7.73,12.4,45.0,original
9.78,132.82,83.0,original
3.5,12.87,37.0,original
4.28,11.99,84.0,original
3.71,34.87,58.0,original
2.52,138.91,33.0,original
6.87,63.36,60.0,original
3.79,6.42,22.0,original
2.28,11.05,43.0,original
13.8,7.5,63.0,original
7.31,12.3,67.0,original
12.66,7.64,85.0,original
18.71,31.44,58.0,original
18.26,14.96,67.0,original
16.95,15.44,51.0,original
11.58,15.38,56.0,original
11.21,51.36,60.0,original
2.49,11.43,54.0,original
6.13,17.06,50.0,original
5.44,13.67,46.0,original
2.6,11.76,90.0,original
4.62,31.26,94.0,original
7.39,11.69,96.0,original
6.97,15.3,81.0,original
22.56,66.52,0.0,original
16.74,51.37,0.0,original
18.02,9.72,0.0,original
3.72,54.58,0.0,original
24.33,38.21,0.0,original
3.4,127.2,67.0,original
3.42,136.43,50.0,original
8.35,16.64,81.0,original
8.21,33.74,56.0,original
6.7,15.75,60.0,original
5.88,12.36,43.0,original
2.23,22.39,62.0,original
6.57,6.27,45.0,original
9.11,10.51,65.0,original
7.62,10.78,57.0,original
3.25,34.4,62.0,original
5.62,16.45,54.0,original
12.44,11.41,63.0,original
23.29,8.53,83.0,original
6.35,8.02,62.0,original
27.29,16.23,59.0,original
18.55,15.73,68.0,original
9.41,48.01,0.0,original
11.64,50.61,0.0,original
15.02,52.74,0.0,original
4.2,8.47,0.0,original
8.65,16.98,0.0,original
3.38,11.72,0.0,original
10.15,16.62,0.0,original
9.99,7.84,0.0,original
3.7,15.98,0.0,original
13.71,12.2,47.0,original
8.17,32.12,64.0,original
11.99,32.98,60.0,original
11.54,15.7,39.0,original
3.27,30.96,36.0,original
4.45,13.68,67.0,original
4.4,12.26,67.0,original
6.88,11.53,45.0,original
3.68,18.4,57.0,original
6.84,18.59,55.0,original
5.76,12.9,63.0,original
5.5,11.19,40.0,original
5.29,11.56,37.0,original
6.73,11.31,89.0,original
1.52,32.52,80.0,original
2.82,11.39,94.0,original
5.57,8.22,28.0,original
7.05,11.81,19.0,original
2.45,8.17,29.0,original
6.58,21.55,62.0,original
3.26,5.59,39.0,original
3.11,6.29,49.0,original
2.3,21.1,25.0,original
5.59,20.23,41.0,original
4.42,15.58,40.0,original
5.03,11.04,51.0,original
14.74,11.41,41.0,original
13.37,15.65,74.0,original
3.55,34.05,51.0,original
9.18,11.6,65.0,original
13.65,15.43,70.0,original
2.27,16.37,44.0,original
6.1,15.73,74.0,original
12.54,23.13,62.0,original
8.96,47.72,60.0,original
9.39,29.97,64.0,original
19.24,51.71,58.0,original
13.03,48.71,46.0,original
10.27,33.07,68.0,original
9.8,24.53,50.0,original
16.13,16.39,47.0,original
19.9,17.06,42.0,original
6.51,12.63,62.0,original
6.34,19.92,55.0,original
2.48,21.44,22.0,original
8.5,24.46,68.0,original
21.88,31.24,56.0,original
17.41,15.62,43.0,original
13.08,47.75,53.0,original
5.28,31.17,58.0,original
4.18,30.9,65.0,original
12.35,24.75,46.0,original
10.41,15.51,52.0,original
5.56,10.71,37.0,original
19.0,50.99,0.0,original
5.44,38.96,0.0,original
9.32,67.81,0.0,original
17.25,10.56,0.0,original
18.8,10.19,0.0,original
24.87,73.19,0.0,original
5.44,33.56,64.0,original
12.91,11.3,74.0,original
13.19,32.08,58.0,original
5.8,15.75,52.0,original
7.76,30.47,36.0,original
6.49,18.65,36.0,original
3.96,11.12,49.0,original
10.7,16.4,65.0,original
20.69,16.23,68.0,original
19.86,32.63,55.0,original
9.92,8.19,63.0,original
20.19,8.31,76.0,original
9.26,8.28,74.0,original
3.87,31.14,85.0,original
8.48,44.59,96.0,original
4.55,15.05,88.0,original
8.58,32.22,84.0,original
5.92,45.52,88.0,original
8.89,31.03,96.0,original
5.47,38.87,0.0,original
10.48,69.03,0.0,original
15.26,47.88,0.0,original
5.78,20.23,42.0,original
3.79,19.83,59.0,original
2.57,19.38,64.0,original
5.3,18.65,51.0,original
2.77,21.54,36.0,original
5.83,13.51,46.0,original
3.34,13.91,34.0,original
6.0,17.56,51.0,original
4.32,48.89,79.0,original
1.34,32.0,82.0,original
1.59,50.04,91.0,original
2.34,33.71,96.0,original
3.3,50.46,91.0,original
5.08,33.63,91.0,original
7.01,32.68,84.0,original
6.52,15.86,81.0,original
10.78,137.46,49.0,original
1.65,12.8,47.0,original
3.47,12.67,53.0,original
6.83,12.98,83.0,original
4.85,61.7,83.0,original
10.37,11.93,76.0,original
9.43,12.54,25.0,original
6.23,130.24,49.0,original
2.63,24.73,54.0,original
9.07,35.4,60.0,original
5.04,142.13,76.0,original
4.87,24.55,53.0,original
5.19,133.54,74.0,original
6.41,126.96,49.0,original
14.35,10.19,0.0,original
20.12,74.92,0.0,original
8.32,133.68,50.0,original
5.77,128.82,68.0,original
6.18,127.16,53.0,original
5.36,140.53,78.0,original
9.34,23.69,62.0,original
7.42,24.4,73.0,original
13.18,15.8,39.0,original
13.6,15.52,69.0,original
8.81,15.51,50.0,original
10.43,30.45,58.0,original
7.83,30.32,41.0,original
7.74,10.22,43.0,original
13.58,15.36,28.0,original
3.61,31.78,35.0,original
13.39,16.81,43.0,original
10.06,10.32,56.0,original
16.91,52.0,0.0,original
6.08,9.8,0.0,original
4.3,52.85,0.0,original
16.67,9.37,0.0,original
14.45,74.1,0.0,original
15.7,69.31,0.0,original
27.35,16.11,56.0,original
9.02,15.65,68.0,original
7.03,33.25,86.0,original
21.03,7.46,61.0,original
9.46,32.16,71.0,original
7.23,7.63,64.0,original
19.28,8.54,59.0,original
9.96,16.02,75.0,original
2.36,34.26,52.0,original
2.14,11.76,86.0,original
4.45,8.06,33.0,original
2.54,12.44,59.0,original
4.68,12.16,39.0,original
9.12,7.7,19.0,original
7.76,6.47,26.0,original
7.3,5.79,39.0,original
3.68,21.66,22.0,original
8.27,14.84,57.0,original
27.47,8.39,81.0,original
21.02,32.23,50.0,original
28.71,26.88,39.0,original
6.72,26.55,38.0,original
19.53,33.46,42.0,original
34.58,26.83,79.0,original
21.63,32.5,64.0,original
7.37,3.78,72.0,original
6.72,30.92,55.0,original
5.24,45.36,86.0,original
4.17,12.42,79.0,original
8.75,11.24,32.0,original
8.55,12.2,51.0,original
9.14,30.3,62.0,original
10.77,11.27,41.0,original
5.25,14.43,32.0,original
14.52,11.64,39.0,original
14.31,11.67,45.0,original
6.95,16.65,73.0,original
4.82,32.5,52.0,original
5.31,14.85,72.0,original
4.71,12.08,51.0,original
10.7,11.49,39.0,original
9.31,33.99,38.0,original
3.69,12.7,46.0,original
2.77,35.51,50.0,original
3.62,12.59,33.0,original
5.94,30.23,55.0,original
9.39,32.76,56.0,original
5.5,32.85,39.0,original
4.02,25.82,76.0,original
4.87,124.98,61.0,original
9.52,32.12,63.0,original
7.55,32.55,55.0,original
5.98,31.26,74.0,original
7.03,124.49,74.0,original
6.65,25.87,53.0,original
14.27,8.18,0.0,original
13.83,8.13,0.0,original
11.35,68.36,34.0,original
6.72,13.24,51.0,original
11.61,11.65,47.0,original
6.81,67.21,39.0,original
7.45,35.59,24.0,original
11.14,155.33,52.0,original
10.12,12.74,41.0,original
4.42,14.73,76.0,original
8.68,130.19,56.0,original
7.45,23.21,73.0,original
8.73,23.17,57.0,original
6.67,16.45,82.0,original
3.71,23.42,73.0,original
4.26,24.47,69.0,original
9.71,16.92,63.0,original
8.95,52.79,0.0,original
6.86,38.45,0.0,original
24.85,38.58,0.0,original
5.27,10.47,0.0,original
23.6,38.85,0.0,original
19.73,51.4,0.0,original
15.33,53.85,0.0,original
8.76,47.86,0.0,original
9.84,9.87,23.0,original
9.28,31.38,38.0,original
6.49,15.57,59.0,original
3.4,32.86,29.0,original
12.23,32.69,23.0,original
2.9,10.6,58.0,original
5.21,32.81,67.0,original
7.01,16.1,74.0,original
6.36,15.15,80.0,original
4.96,51.28,84.0,original
3.8,16.57,97.0,original
7.03,12.01,85.0,original
5.94,49.22,81.0,original
3.92,22.71,67.0,original
5.32,15.57,36.0,original
10.86,2.94,0.0,original
12.58,15.77,0.0,original
9.11,3.04,0.0,original
11.49,16.03,0.0,original
6.77,12.46,54.0,original
6.94,19.49,64.0,original
7.36,17.35,48.0,original
2.7,17.24,44.0,original
2.84,12.58,67.0,original
4.72,30.89,97.0,original
4.19,16.46,81.0,original
8.3,17.08,80.0,original
4.68,49.16,79.0,original
6.75,11.76,58.0,original
5.14,15.93,65.0,original
5.04,5.61,27.0,original
8.48,7.78,32.0,original
3.33,7.92,26.0,original
4.3,8.25,41.0,original
4.77,22.39,25.0,original
8.69,11.08,44.0,original
7.86,20.57,40.0,original
3.85,6.29,38.0,original
6.7,3.07,0.0,original
13.4,12.4,0.0,original
7.97,11.64,0.0,original
10.66,8.58,0.0,original
6.32,7.93,0.0,original
12.4,7.53,0.0,original
12.14,3.2,0.0,original
2.06,16.88,0.0,original
14.76,3.03,0.0,original
6.57,13.07,0.0,original
7.86,11.78,0.0,original
10.61,7.38,0.0,original
8.98,8.01,0.0,original
15.25,8.09,0.0,original
6.45,31.2,29.0,original
11.33,24.98,41.0,original
13.88,31.57,57.0,original
2.55,33.62,64.0,original
11.1,9.36,44.0,original
6.68,10.12,62.0,original
11.12,14.76,30.0,original
10.77,14.94,71.0,original
18.06,33.18,74.0,original
19.22,46.15,50.0,original
4.66,29.58,43.0,original
15.49,49.56,69.0,original
20.08,25.41,71.0,original
14.8,46.86,65.0,original
21.4,15.31,45.0,original
7.55,8.55,60.0,original
4.63,20.58,51.0,original
3.02,12.29,51.0,original
4.52,134.29,54.0,original
3.58,31.25,66.0,original
7.25,29.67,39.0,original
5.32,15.41,63.0,original
7.77,11.2,95.0,original
7.77,16.03,99.0,original
2.84,50.26,93.0,original
4.14,48.9,99.0,original
5.41,48.27,83.0,original
3.64,47.58,88.0,original
10.23,15.28,55.0,original
18.26,44.76,63.0,original
16.18,46.98,73.0,original
21.18,24.33,45.0,original
11.26,141.57,84.0,original
5.69,134.45,57.0,original
2.77,147.93,58.0,original
3.51,17.53,37.0,original
4.79,11.44,60.0,original
4.94,18.53,36.0,original
2.52,18.86,53.0,original
10.84,33.38,63.0,original
5.43,151.29,70.0,original
6.18,16.45,53.0,original
6.22,31.71,82.0,original
4.06,33.94,48.0,original
2.52,34.93,61.0,original
5.26,23.7,68.0,original
2.86,25.84,51.0,original
8.38,16.01,57.0,original
9.43,16.62,62.0,original
12.94,29.6,60.0,original
9.41,31.78,66.0,original
7.37,14.8,64.0,original
4.11,25.07,35.0,original
9.95,22.21,54.0,original
8.28,24.73,41.0,original
6.2,19.86,39.0,original
4.09,20.84,50.0,original
6.77,13.78,44.0,original
3.3,18.35,46.0,original
4.94,12.4,42.0,original
3.57,125.7,71.0,original
6.57,129.78,63.0,original
4.18,129.36,57.0,original
8.84,31.01,51.0,original
9.06,24.32,57.0,original
3.25,33.38,53.0,original
6.17,22.11,63.0,original
7.86,131.66,51.0,original
9.84,17.18,81.0,original
6.64,142.44,82.0,original
8.75,15.15,54.0,original
3.14,23.63,60.0,original
6.11,32.37,55.0,original
2.99,14.06,64.0,original
3.85,11.54,55.0,original
3.32,14.88,54.0,original
3.61,19.13,46.0,original
4.77,12.16,68.0,original
5.65,13.74,46.0,original
2.47,11.73,47.0,original
7.78,47.73,88.0,original
2.41,32.91,87.0,original
3.68,16.52,91.0,original
6.27,45.72,95.0,original
2.08,11.92,88.0,original
6.25,30.09,85.0,original
6.79,18.34,57.0,original
7.29,21.43,40.0,original
3.2,18.24,42.0,original
6.61,11.43,41.0,original
3.27,32.53,46.0,original
1.26,62.93,68.0,original
6.54,12.7,75.0,original
6.53,11.78,34.0,original
1.94,154.66,47.0,original
1.91,31.15,83.0,original
10.93,146.49,52.0,original
2.53,12.6,60.0,original
3.05,153.42,43.0,original
8.83,62.81,56.0,original
3.67,30.07,30.0,original
4.72,14.37,43.0,original
4.73,29.88,44.0,original
3.14,24.42,60.0,original
4.79,25.38,73.0,original
9.79,34.6,70.0,original
4.45,22.83,67.0,original
7.02,19.04,45.0,original
5.85,20.41,39.0,original
6.08,18.63,53.0,original
6.32,18.98,53.0,original
6.5,14.92,37.0,original
2.97,12.39,43.0,original
4.26,20.84,63.0,original
3.51,50.66,0.0,original
7.58,40.09,0.0,original
16.75,49.91,0.0,original
19.76,39.25,0.0,original
11.76,32.01,21.0,original
3.72,71.41,75.0,original
11.34,13.08,32.0,original
7.59,64.13,85.0,original
6.73,12.29,79.0,original
11.88,12.8,20.0,original
6.94,30.84,79.0,original
9.99,11.54,42.0,original
8.66,16.76,38.0,original
7.02,16.0,66.0,original
2.72,13.02,42.0,original
2.72,14.73,51.0,original
5.54,13.11,65.0,original
4.47,12.71,66.0,original
5.19,14.43,34.0,original
5.1,11.12,62.0,original
6.19,14.62,67.0,original
6.72,18.28,56.0,original
5.96,66.05,69.0,original
7.15,30.85,47.0,original
1.7,32.92,49.0,original
6.16,64.62,82.0,original
3.29,15.42,0.0,original
2.32,2.93,0.0,original
2.29,16.36,0.0,original
14.46,7.37,0.0,original
13.62,17.68,0.0,original
2.67,16.45,53.0,original
2.66,31.21,36.0,original
8.74,32.81,63.0,original
14.56,11.67,64.0,original
9.8,11.29,70.0,original
8.93,8.15,62.0,original
3.11,22.57,33.0,original
4.31,11.89,33.0,original
7.12,21.27,50.0,original
4.2,7.96,51.0,original
8.06,20.3,35.0,original
3.44,6.09,20.0,original
2.61,7.99,41.0,original
11.82,31.14,47.0,original
2.69,152.88,39.0,original
8.35,12.03,22.0,original
10.26,68.45,49.0,original
9.91,71.78,32.0,original
9.25,12.71,34.0,original
9.24,12.96,48.0,original
2.57,12.87,42.0,original
10.53,65.99,21.0,original
9.6,139.95,74.0,original
11.07,34.69,55.0,original
4.03,11.53,76.0,original
4.09,33.3,50.0,original
8.15,13.27,40.0,original
6.63,13.42,22.0,original
8.88,30.82,67.0,original
2.82,136.94,73.0,original
5.74,32.96,80.0,original
4.9,33.41,79.0,original
4.49,12.84,78.0,original
6.04,47.28,87.0,original
1.65,34.23,87.0,original
2.1,16.0,86.0,original
1.9,50.49,78.0,original
4.2,32.74,88.0,original
4.84,12.74,94.0,original
4.39,12.08,90.0,original
6.49,141.03,79.0,original
11.2,33.75,31.0,original
3.87,63.12,28.0,original
6.72,69.76,27.0,original
1.31,48.96,92.0,original
8.76,30.75,79.0,original
1.77,15.67,92.0,original
1.9,17.05,83.0,original
4.43,12.77,86.0,original
1.47,15.61,84.0,original
3.07,17.24,89.0,original
6.56,20.24,19.0,original
4.38,11.23,20.0,original
7.87,5.87,61.0,original
4.58,32.06,78.0,original
2.37,15.98,93.0,original
1.46,12.42,98.0,original
4.26,29.84,87.0,original
8.67,34.41,82.0,original
4.88,47.82,86.0,original
3.59,45.83,86.0,original
4.93,68.6,42.0,original
4.95,136.28,34.0,original
5.04,12.69,36.0,original
1.44,33.87,31.0,original
4.43,31.63,41.0,original
21.99,33.65,49.0,original
12.0,16.71,57.0,original
22.73,32.11,50.0,original
5.44,33.55,73.0,original
10.42,22.86,65.0,original
17.91,15.01,51.0,original
3.2,17.0,91.0,original
1.79,16.36,88.0,original
5.33,29.59,79.0,original
3.51,15.74,90.0,original
5.72,14.87,79.0,original
2.74,46.88,97.0,original
1.74,14.74,83.0,original
4.86,14.94,92.0,original
6.35,20.38,40.0,original
8.62,5.84,27.0,original
5.94,7.38,55.0,original
8.1,21.79,25.0,original
7.24,12.01,39.0,original
2.13,12.7,37.0,original
4.29,20.46,42.0,original
6.09,7.57,24.0,original
13.58,12.18,60.0,original
11.23,15.03,69.0,original
10.35,48.97,46.0,original
5.23,51.23,46.0,original
17.17,29.9,72.0,original
19.19,48.76,72.0,original
17.94,31.76,44.0,original
5.98,32.13,63.0,original
16.76,15.41,60.0,original
1.85,32.71,65.0,original
7.46,15.12,30.0,original
14.11,15.73,60.0,original
1.96,12.4,71.0,original
13.32,16.15,52.0,original
4.21,31.53,63.0,original
12.68,14.59,72.0,original
7.91,15.72,57.0,original
3.01,12.92,34.0,original
2.36,19.33,40.0,original
5.93,21.05,50.0,original
9.11,33.86,58.0,original
6.93,140.22,56.0,original
4.79,11.24,58.0,original
2.69,18.53,41.0,original
2.33,17.35,39.0,original
6.89,11.94,51.0,original
4.36,14.56,46.0,original
18.99,50.11,50.0,original
22.15,51.43,54.0,original
15.58,32.6,71.0,original
17.11,23.04,42.0,original
14.62,22.65,74.0,original
7.63,24.22,61.0,original
3.1,25.68,59.0,original
4.13,34.86,50.0,original
8.19,22.09,78.0,original
14.34,11.67,36.0,original
3.05,14.18,57.0,original
2.07,31.77,37.0,original
15.77,7.38,0.0,original
2.76,3.24,0.0,original
12.79,3.14,0.0,original
7.86,15.93,0.0,original
11.77,16.65,0.0,original
12.3,13.28,0.0,original
4.51,54.32,0.0,original
17.37,37.79,0.0,original
18.18,54.43,0.0,original
7.85,11.2,74.0,original
10.59,14.56,69.0,original
1.81,14.5,49.0,original
8.84,31.36,31.0,original
18.47,15.16,62.0,original
5.57,29.58,50.0,original
7.63,48.1,73.0,original
19.53,16.55,60.0,original
20.48,29.72,65.0,original
9.47,16.41,65.0,original
8.03,45.3,75.0,original
13.73,15.9,49.0,original
16.8,17.06,43.0,original
16.76,25.3,47.0,original
5.98,23.38,54.0,original
7.57,140.78,80.0,original
2.09,139.07,43.0,original
11.22,32.4,49.0,original
6.06,141.72,36.0,original
3.77,154.95,40.0,original
9.15,31.09,32.0,original
10.87,33.52,61.0,original
7.75,15.24,67.0,original
8.77,11.26,31.0,original
3.83,14.08,54.0,original
8.63,16.01,58.0,original
13.44,11.54,42.0,original
7.69,9.42,62.0,original
7.45,31.25,57.0,original
9.4,9.94,35.0,original
8.05,22.4,51.0,original
8.64,15.88,49.0,original
3.72,12.56,74.0,original
13.95,15.77,63.0,original
9.34,31.16,39.0,original
8.36,14.02,42.0,original
6.66,14.09,63.0,original
12.22,16.02,70.0,original
8.67,12.81,56.0,original
2.66,34.21,36.0,original
2.3,15.34,41.0,original
3.26,12.2,74.0,original
11.11,12.59,56.0,original
8.74,33.34,66.0,original
4.68,17.03,36.0,original
12.7,14.01,59.0,original
6.02,14.03,38.0,original
11.26,12.67,43.0,original
9.22,125.5,58.0,original
3.54,15.28,69.0,original
5.18,24.68,61.0,original
9.89,10.17,67.0,original
7.09,14.95,48.0,original
13.21,10.41,65.0,original
5.35,9.93,54.0,original
13.77,23.95,48.0,original
9.88,16.02,40.0,original
13.03,31.73,55.0,original
2.19,3.9,87.0,original
2.44,3.88,54.0,original
20.47,32.94,70.0,original
23.34,34.05,41.0,original
3.03,4.3,77.0,original
4.19,30.89,46.0,original
4.59,124.05,80.0,original
9.84,138.25,77.0,original
9.08,22.56,76.0,original
5.02,15.89,74.0,original
3.22,25.14,59.0,original
4.77,53.08,0.0,original
16.23,66.81,0.0,original
8.24,39.66,0.0,original
13.97,74.53,0.0,original
6.6,73.86,0.0,original
8.04,10.67,0.0,original
6.32,75.01,0.0,original
4.21,38.04,0.0,original
7.46,37.08,0.0,original
16.93,48.57,0.0,original
4.27,31.2,79.0,original
5.63,12.85,91.0,original
2.53,11.68,85.0,original
3.13,12.48,82.0,original
2.03,30.3,86.0,original
3.56,47.64,98.0,original
1.31,15.64,88.0,original
2.65,12.83,80.0,original
8.65,12.18,83.0,original
1.33,12.17,78.0,original
3.0,11.43,89.0,original
3.7,51.83,82.0,original
8.34,11.75,82.0,original
4.9,34.25,93.0,original
1.38,16.74,85.0,original
6.15,12.78,86.0,original
5.19,29.81,86.0,original
1.91,34.02,90.0,original
7.15,32.17,84.0,original
1.51,46.0,87.0,original
7.35,49.13,99.0,original
3.57,16.09,82.0,original
7.87,49.0,81.0,original
6.21,11.84,81.0,original
4.95,44.3,85.0,original
3.27,16.28,78.0,original
8.57,31.47,88.0,original
7.49,51.15,93.0,original
6.95,11.91,91.0,original
5.04,48.69,86.0,original
23.0,30.57,68.0,original
21.42,32.28,79.0,original
20.79,32.12,83.0,original
4.22,134.35,75.0,original
4.87,16.54,77.0,original
4.45,17.07,75.0,original
8.86,15.93,59.0,original
8.24,16.31,73.0,original
7.65,32.33,72.0,original
1.68,31.85,40.0,original
11.49,17.21,39.0,original
9.45,23.7,80.0,original
6.63,35.76,55.0,original
6.98,16.96,60.0,original
7.98,24.88,77.0,original
10.84,69.64,24.0,original
5.92,32.32,56.0,original
7.37,11.86,78.0,original
4.12,62.78,46.0,original
7.57,13.32,25.0,original
9.52,63.53,44.0,original
5.78,12.26,85.0,original
3.1,2.78,0.0,original
5.77,8.17,0.0,original
7.41,12.58,0.0,original
2.67,3.03,0.0,original
4.83,7.39,0.0,original
5.07,3.14,0.0,original
2.21,12.8,0.0,original
11.87,15.98,0.0,original
4.12,12.87,55.0,original
5.2,11.81,36.0,original
3.6,11.77,42.0,original
6.77,20.57,50.0,original
6.01,13.68,57.0,original
3.62,12.12,62.0,original
4.64,13.45,53.0,original
4.89,17.98,64.0,original
5.94,19.83,60.0,original
4.03,12.04,58.0,original
7.48,21.22,58.0,original
4.48,12.7,19.0,original
2.09,12.63,44.0,original
5.28,7.56,24.0,original
4.52,21.17,22.0,original
8.13,21.16,24.0,original
5.76,5.97,58.0,original
4.33,21.42,48.0,original
9.77,25.72,43.0,original
9.75,33.91,67.0,original
9.17,10.28,24.0,original
9.56,9.44,49.0,original
12.45,30.43,44.0,original
5.94,15.12,60.0,original
17.35,22.27,72.0,original
7.0,49.13,59.0,original
22.23,15.44,43.0,original
12.01,25.84,48.0,original
5.71,44.35,97.0,original
3.69,12.13,87.0,original
1.6,44.24,80.0,original
8.38,12.71,70.0,original
10.58,137.72,64.0,original
4.05,11.69,43.0,original
1.9,13.25,69.0,original
6.88,149.44,27.0,original
1.83,35.98,79.0,original
2.74,12.9,76.0,original
5.7,31.5,41.0,original
7.61,70.02,86.0,original
6.67,35.62,49.0,original
10.28,144.69,51.0,original
8.44,13.09,41.0,original
3.82,12.39,61.0,original
5.17,140.1,48.0,original
1.75,16.46,69.0,original
3.67,11.26,50.0,original
9.22,12.32,22.0,original
3.83,8.2,37.0,original
5.89,8.37,35.0,original
9.39,14.97,49.0,original
9.81,14.92,65.0,original
20.35,45.88,68.0,original
19.52,16.9,43.0,original
5.14,16.53,55.0,original
8.33,24.42,72.0,original
19.43,30.71,75.0,original
12.83,15.5,57.0,original
15.8,50.02,45.0,original
4.63,29.73,69.0,original
4.81,31.63,60.0,original
4.65,11.47,57.0,original
6.13,20.75,47.0,original
4.91,13.53,68.0,original
7.26,20.25,54.0,original
7.21,19.5,56.0,original
14.55,15.34,66.0,original
15.96,15.73,43.0,original
19.39,31.28,53.0,original
18.97,47.78,73.0,original
11.56,15.3,30.0,original
12.35,23.92,35.0,original
5.07,12.3,81.0,original
3.64,45.38,87.0,original
17.79,17.14,64.0,original
6.6,12.87,58.0,original
13.15,16.43,73.0,original
16.37,14.86,67.0,original
21.48,11.91,77.0,original
13.0,12.79,58.0,original
9.04,7.68,78.0,original
11.21,11.18,50.0,original
2.55,15.92,48.0,original
6.47,13.81,55.0,original
15.73,15.5,50.0,original
14.07,30.81,56.0,original
11.01,14.98,55.0,original
13.92,22.53,57.0,original
8.85,9.84,56.0,original
2.77,31.36,40.0,original
11.38,32.24,40.0,original
14.47,14.73,66.0,original
14.59,33.55,53.0,original
13.95,13.81,58.0,original
3.46,32.99,58.0,original
1.78,15.36,36.0,original
4.03,14.06,47.0,original
8.94,32.09,62.0,original
3.36,11.62,48.0,original
7.02,15.72,74.0,original
12.07,15.55,34.0,original
11.84,30.9,41.0,original
20.27,16.43,51.0,original
14.07,25.25,54.0,original
12.28,22.57,48.0,original
19.55,31.53,47.0,original
12.23,32.5,64.0,original
7.48,34.1,51.0,original
10.68,14.76,45.0,original
5.0,71.53,0.0,original
18.95,55.97,0.0,original
15.54,9.78,0.0,original
15.04,54.22,0.0,original
4.6,39.97,0.0,original
3.9,68.65,0.0,original
8.78,11.29,90.0,original
8.48,49.68,86.0,original
3.99,12.78,92.0,original
6.78,20.35,64.0,original
5.73,19.19,41.0,original
7.7,29.51,49.0,original
4.84,15.94,67.0,original
12.35,34.16,46.0,original
14.6,17.09,50.0,original
2.79,14.76,67.0,original
14.35,32.76,40.0,original
14.04,12.26,58.0,original
14.02,14.67,30.0,original
6.75,11.1,41.0,original
4.56,12.12,20.0,original
2.02,19.42,21.0,original
8.52,12.37,36.0,original
7.0,20.44,52.0,original
3.37,5.76,53.0,original
9.58,6.33,35.0,original
21.6,22.29,56.0,original
19.01,23.09,72.0,original
8.73,46.39,76.0,original
6.51,22.47,69.0,original
21.99,25.43,62.0,original
14.99,31.69,73.0,original
9.34,22.1,74.0,original
12.09,29.51,48.0,original
4.03,24.76,65.0,original
6.59,25.53,43.0,original
8.32,9.69,33.0,original
13.5,31.57,50.0,original
5.89,25.69,62.0,original
6.83,9.37,50.0,original
6.6,35.47,59.0,original
3.76,137.18,64.0,original
7.99,35.74,60.0,original
5.53,32.4,54.0,original
2.69,22.53,80.0,original
3.8,22.25,46.0,original
2.51,20.5,46.0,original
3.96,6.48,23.0,original
7.81,12.27,59.0,original
20.69,16.62,88.0,original
15.22,16.96,67.0,original
25.05,16.81,60.0,original
23.81,32.52,84.0,original
10.63,7.61,60.0,original
10.7,13.29,64.0,original
8.71,11.75,46.0,original
6.4,12.53,84.0,original
4.06,11.82,35.0,original
3.12,144.01,26.0,original
9.91,34.4,25.0,original
9.45,34.19,65.0,original
4.0,34.21,47.0,original
6.79,11.94,50.0,original
5.02,11.59,38.0,original
4.67,21.42,63.0,original
5.9,18.91,65.0,original
2.43,12.47,39.0,original
2.43,14.04,53.0,original
6.67,48.2,91.0,original
3.85,47.79,87.0,original
2.08,30.71,94.0,original
2.96,15.36,80.0,original
7.49,16.88,80.0,original
6.47,33.65,95.0,original
2.12,34.29,78.0,original
6.89,50.88,84.0,original
14.72,68.32,0.0,original
22.04,10.46,0.0,original
23.57,75.93,0.0,original
20.19,35.99,0.0,original
16.79,70.0,0.0,original
9.98,54.86,0.0,original
1.49,33.25,80.0,original
1.57,51.69,88.0,original
5.45,48.85,99.0,original
5.44,12.6,72.0,original
10.8,15.49,71.0,original
11.47,11.93,61.0,original
19.77,7.87,62.0,original
25.13,7.49,76.0,original
26.23,7.8,61.0,original
18.11,16.81,84.0,original
7.23,16.29,71.0,original
20.22,17.25,56.0,original
22.0,17.05,76.0,original
2.18,8.06,0.0,original
13.59,2.97,0.0,original
8.41,12.29,0.0,original
14.17,17.53,0.0,original
9.11,7.67,0.0,original
5.96,17.85,0.0,original
7.8,17.33,0.0,original
10.07,16.33,66.0,original
13.73,24.14,51.0,original
21.64,17.1,52.0,original
22.0,29.58,49.0,original
19.29,32.19,61.0,original
7.3,15.59,95.0,original
7.69,14.88,95.0,original
4.35,11.82,78.0,original
5.78,15.53,99.0,original
3.46,12.13,99.0,original
12.53,25.27,56.0,original
15.06,25.9,67.0,original
20.27,22.85,49.0,original
12.8,44.18,74.0,original
10.15,44.39,71.0,original
20.1,23.57,47.0,original
8.32,48.73,43.0,original
20.72,16.41,46.0,original
14.6,15.92,0.0,original
9.8,13.06,0.0,original
14.27,12.99,0.0,original
15.39,16.57,0.0,original
14.8,12.76,0.0,original
6.86,2.93,0.0,original
5.52,12.59,80.0,original
4.46,15.56,82.0,original
4.83,31.16,90.0,original
5.49,12.21,81.0,original
7.51,29.5,47.0,original
6.46,30.13,62.0,original
3.71,32.06,66.0,original
12.98,30.88,33.0,original
14.58,31.75,49.0,original
5.18,10.43,51.0,original
12.67,29.85,65.0,original
11.69,23.64,48.0,original
9.0,15.85,25.0,original
12.86,16.91,60.0,original
2.56,32.09,60.0,original
13.49,16.78,30.0,original
7.86,34.49,47.0,original
1.91,14.49,44.0,original
10.62,51.14,61.0,original
18.86,24.46,47.0,original
5.12,34.46,72.0,original
19.91,33.23,59.0,original
17.88,23.81,72.0,original
18.26,16.71,61.0,original
15.12,32.29,86.0,original
13.99,17.25,61.0,original
11.86,7.43,78.0,original
13.17,16.61,81.0,original
10.85,33.65,51.0,original
7.16,14.19,31.0,original
11.72,30.47,49.0,original
4.15,30.33,63.0,original
8.59,12.75,63.0,original
12.33,16.08,58.0,original
1.8,12.02,50.0,original
8.13,3.04,0.0,original
2.58,16.21,0.0,original
15.17,2.93,0.0,original
9.07,3.23,0.0,original
15.23,15.55,0.0,original
5.01,34.0,45.0,original
14.51,31.48,67.0,original
8.69,31.8,53.0,original
13.02,29.79,66.0,original
6.0,12.16,30.0,original
14.99,11.89,41.0,original
1.44,31.13,92.0,original
7.61,51.17,84.0,original
4.4,29.62,82.0,original
4.88,31.32,97.0,original
7.8,12.02,88.0,original
1.81,33.55,91.0,original
7.33,33.72,79.0,original
4.2,11.91,91.0,original
15.49,15.37,0.0,original
3.34,17.08,0.0,original
11.68,7.59,0.0,original
10.15,2.86,0.0,original
7.48,31.38,51.0,original
5.65,35.79,72.0,original
7.06,20.13,38.0,original
3.08,18.24,53.0,original
5.87,20.93,59.0,original
4.58,17.35,59.0,original
4.27,14.96,42.0,original
3.74,18.92,35.0,original
4.85,20.31,49.0,original
4.7,17.04,58.0,original
10.38,12.52,39.0,original
3.41,12.44,72.0,original
4.6,33.37,69.0,original
14.65,14.97,43.0,original
5.94,11.49,54.0,original
6.43,16.31,44.0,original
10.06,12.76,72.0,original
6.07,6.12,57.0,original
4.94,8.03,46.0,original
6.45,7.62,60.0,original
2.14,7.61,55.0,original
9.04,8.53,25.0,original
2.75,19.82,58.0,original
9.76,6.08,24.0,original
5.84,7.57,18.0,original
5.18,7.47,22.0,original
8.57,12.06,24.0,original
5.18,13.46,0.0,original
7.89,17.46,0.0,original
11.86,8.25,0.0,original
13.57,11.72,0.0,original
14.86,16.5,0.0,original
7.3,12.93,0.0,original
3.68,25.45,68.0,original
7.91,22.23,49.0,original
5.24,23.94,82.0,original
2.29,5.65,48.0,original
6.77,6.06,58.0,original
3.03,6.45,21.0,original
4.68,5.95,20.0,original
8.36,12.3,88.0,original
8.3,30.8,80.0,original
3.34,33.23,86.0,original
4.88,15.56,91.0,original
1.53,15.08,90.0,original
6.36,12.61,99.0,original
12.91,31.55,39.0,original
14.46,15.7,57.0,original
3.3,15.27,36.0,original
8.4,16.18,59.0,original
8.01,17.11,49.0,original
5.91,25.28,54.0,original
19.54,44.63,51.0,original
13.57,16.81,71.0,original
12.9,23.75,46.0,original
14.97,16.98,53.0,original
11.37,15.76,76.0,original
8.83,49.21,0.0,original
21.4,39.81,0.0,original
2.97,34.48,81.0,original
5.31,32.06,85.0,original
4.87,33.88,84.0,original
3.53,33.39,80.0,original
4.71,11.63,88.0,original
8.37,47.63,99.0,original
5.3,12.91,67.0,original
12.65,11.16,58.0,original
13.14,15.93,66.0,original
9.4,14.08,71.0,original
11.32,30.43,48.0,original
13.35,17.11,44.0,original
9.88,14.49,69.0,original
4.02,16.52,45.0,original
14.86,12.58,44.0,original
1.71,31.52,79.0,original
7.42,12.49,81.0,original
4.43,51.26,78.0,original
6.58,33.33,82.0,original
8.95,44.68,80.0,original
4.54,11.86,83.0,original
6.68,46.0,80.0,original
4.32,15.31,90.0,original
7.08,32.65,63.0,original
6.81,15.95,25.0,original
2.75,9.27,69.0,original
8.15,24.98,43.0,original
13.32,15.75,67.0,original
9.96,10.56,68.0,original
12.92,32.2,32.0,original
10.91,9.61,67.0,original
9.72,25.1,35.0,original
12.08,10.33,26.0,original
12.76,34.47,26.0,original
10.93,22.68,40.0,original
5.57,15.78,45.0,original
3.83,16.54,74.0,original
7.69,22.56,51.0,original
8.45,35.5,80.0,original
4.24,25.23,51.0,original
2.55,138.45,52.0,original
2.89,31.81,51.0,original
6.72,33.35,61.0,original
9.61,32.96,75.0,original
6.18,22.22,46.0,original
4.62,16.68,68.0,original
6.35,50.07,60.0,original
22.13,45.76,43.0,original
6.96,11.39,38.0,original
6.99,19.39,41.0,original
2.31,16.37,33.0,original
10.32,16.96,57.0,original
6.95,15.64,79.0,original
23.87,12.83,72.0,original
8.42,11.32,82.0,original
11.71,16.39,40.0,original
5.34,31.53,61.0,original
20.42,14.85,84.0,original
6.26,11.91,86.0,original
11.97,144.12,26.0,original
10.7,151.43,76.0,original
4.83,30.99,73.0,original
4.68,16.22,66.0,original
1.74,12.59,72.0,original
11.75,30.94,79.0,original
7.48,49.65,95.0,original
8.8,47.16,95.0,original
14.39,33.11,48.0,original
9.38,11.49,72.0,original
10.7,15.34,67.0,original
10.52,12.25,65.0,original
29.83,17.04,68.0,original
9.29,11.51,71.0,original
16.17,16.39,85.0,original
14.09,16.96,75.0,original
22.03,12.54,87.0,original
17.9,15.24,59.0,original
26.98,30.07,60.0,original
1.46,143.35,85.0,original
2.35,66.16,76.0,original
3.91,132.52,45.0,original
4.26,11.6,43.0,original
2.29,11.88,86.0,original
4.86,148.62,79.0,original
8.97,65.46,26.0,original
6.15,49.76,85.0,original
7.65,30.76,78.0,original
4.43,46.71,92.0,original
6.32,11.34,93.0,original
4.34,14.97,79.0,original
2.32,30.86,80.0,original
3.42,7.66,0.0,original
8.23,7.67,0.0,original
15.35,12.64,0.0,original
8.47,2.96,0.0,original
7.9,8.15,0.0,original
12.31,3.2,0.0,original
3.49,33.33,56.0,original
7.72,126.23,70.0,original
5.54,16.48,70.0,original
3.73,33.3,77.0,original
4.41,13.07,39.0,original
4.74,134.59,27.0,original
1.29,65.1,50.0,original
6.83,35.46,40.0,original
3.56,31.58,59.0,original
3.9,135.61,44.0,original
11.95,66.28,29.0,original
8.77,11.85,35.0,original
11.89,13.86,67.0,original
6.22,17.01,70.0,original
13.78,15.33,57.0,original
11.92,15.46,37.0,original
12.92,29.6,57.0,original
11.36,15.12,55.0,original
13.75,11.88,65.0,original
3.83,14.99,32.0,original
8.3,3.15,0.0,original
9.21,13.02,0.0,original
5.28,7.67,0.0,original
14.32,17.81,0.0,original
4.59,13.38,0.0,original
13.85,7.37,0.0,original
4.72,17.34,0.0,original
29.74,11.13,77.0,original
19.18,11.49,83.0,original
25.91,17.06,77.0,original
17.54,11.82,82.0,original
18.15,74.8,0.0,original
13.0,52.37,0.0,original
21.21,9.21,0.0,original
10.76,54.17,0.0,original
31.77,8.1,52.0,original
33.46,8.51,35.0,original
10.68,4.31,47.0,original
13.0,17.75,0.0,original
4.34,12.49,0.0,original
3.38,11.67,0.0,original
9.47,17.2,0.0,original
2.71,17.36,0.0,original
12.8,12.66,0.0,original
14.61,30.18,55.0,original
2.6,32.99,33.0,original
7.57,11.98,72.0,original
1.72,15.11,67.0,original
5.35,15.34,34.0,original
16.21,7.67,71.0,original
11.26,7.49,54.0,original
34.98,31.29,46.0,original
20.21,4.1,61.0,original
7.8,133.42,79.0,original
3.49,25.47,67.0,original
8.48,35.86,50.0,original
5.86,30.75,57.0,original
8.45,138.44,64.0,original
6.91,25.58,80.0,original
3.61,25.38,70.0,original
5.36,136.85,52.0,original
29.34,11.35,74.0,original
28.37,16.3,78.0,original
27.94,8.26,61.0,original
14.32,30.91,73.0,original
25.1,30.27,75.0,original
20.17,12.09,80.0,original
3.49,12.66,44.0,original
6.79,8.37,42.0,original
9.62,22.67,41.0,original
4.01,20.84,42.0,original
10.12,70.17,31.0,original
8.83,64.81,27.0,original
23.91,30.19,65.0,original
9.63,33.38,87.0,original
7.54,19.86,19.0,original
7.08,20.46,52.0,original
5.83,6.06,62.0,original
7.06,10.59,67.0,original
5.21,29.49,53.0,original
11.85,15.71,44.0,original
5.96,15.35,64.0,original
11.21,29.8,65.0,original
4.87,16.13,73.0,original
12.92,16.47,70.0,original
10.0,14.89,72.0,original
3.46,15.21,35.0,original
2.88,12.06,59.0,original
1.61,16.71,62.0,original
12.9,7.92,55.0,original
27.84,27.48,86.0,original
3.23,24.22,61.0,original
8.68,23.95,37.0,original
5.21,30.98,56.0,original
13.5,34.47,27.0,original
11.42,15.87,49.0,original
7.83,31.7,32.0,original
12.46,30.05,29.0,original
12.66,15.56,59.0,original
5.74,16.75,27.0,original
13.24,10.57,55.0,original
10.06,31.49,52.0,original
6.69,12.06,96.0,original
7.64,44.86,86.0,original
4.1,16.41,99.0,original
5.98,49.26,86.0,original
8.85,12.25,82.0,original
5.05,16.87,95.0,original
7.14,11.12,94.0,original
6.53,33.53,89.0,original
8.14,12.64,90.0,original
4.89,16.19,91.0,original
2.63,34.01,87.0,original
1.51,32.62,84.0,original
8.89,47.18,94.0,original
1.4,11.29,85.0,original
8.01,15.31,82.0,original
12.68,16.56,56.0,original
6.54,24.54,45.0,original
10.93,22.71,30.0,original
7.43,15.65,69.0,original
5.63,32.75,51.0,original
6.31,14.78,66.0,original
3.04,15.45,64.0,original
6.37,24.93,76.0,original
27.54,8.35,88.0,original
14.07,12.64,59.0,original
8.13,7.98,72.0,original
12.01,16.05,62.0,original
5.75,49.93,87.0,original
8.1,45.26,93.0,original
3.51,15.89,83.0,original
4.0,12.53,80.0,original
6.13,5.79,28.0,original
2.73,20.1,25.0,original
7.84,12.67,20.0,original
8.74,6.09,45.0,original
19.15,25.13,83.0,original
8.49,31.89,83.0,original
21.87,48.05,72.0,original
15.85,48.42,54.0,original
13.07,36.07,0.0,original
22.03,35.24,0.0,original
18.46,48.93,0.0,original
19.47,54.95,0.0,original
10.76,9.34,0.0,original
23.81,9.64,0.0,original
6.28,74.26,0.0,original
5.96,6.2,41.0,original
5.04,8.48,52.0,original
3.18,6.14,27.0,original
9.86,20.22,26.0,original
7.61,5.97,45.0,original
6.26,20.27,49.0,original
6.16,14.18,70.0,original
8.23,16.42,42.0,original
12.16,16.1,31.0,original
5.99,30.38,61.0,original
3.22,11.85,50.0,original
4.93,33.49,73.0,original
9.09,11.65,45.0,original
6.27,32.58,40.0,original
8.79,23.04,57.0,original
7.06,34.97,59.0,original
8.62,31.55,70.0,original
9.0,23.23,81.0,original
3.35,22.52,59.0,original
9.56,16.76,71.0,original
9.48,25.14,59.0,original
7.04,31.76,48.0,original
21.42,49.52,0.0,original
20.83,9.5,0.0,original
16.39,41.03,0.0,original
13.03,40.05,0.0,original
12.88,9.75,0.0,original
9.96,70.29,0.0,original
13.95,71.21,0.0,original
4.78,7.88,56.0,original
2.95,6.39,33.0,original
8.19,5.78,58.0,original
5.21,12.3,27.0,original
4.39,5.65,20.0,original
3.72,34.39,96.0,original
7.46,15.76,98.0,original
8.1,46.59,88.0,original
4.47,14.92,95.0,original
3.62,12.01,85.0,original
8.56,12.81,95.0,original
7.46,15.61,81.0,original
6.64,31.67,97.0,original
10.37,133.92,86.0,original
5.23,63.43,70.0,original
6.25,61.69,38.0,original
2.38,12.56,75.0,original
2.1,12.55,37.0,original
6.24,63.03,79.0,original
3.9,149.41,72.0,original
9.26,16.02,69.0,original
6.48,32.11,64.0,original
6.93,18.83,41.0,original
5.11,11.96,58.0,original
4.94,18.79,53.0,original
5.93,11.37,37.0,original
3.48,13.13,34.0,original
5.9,19.26,34.0,original
2.38,14.85,46.0,original
25.6,33.41,73.0,original
19.21,34.3,60.0,original
29.66,32.03,87.0,original
7.47,7.53,62.0,original
11.15,7.63,63.0,original
26.13,7.68,72.0,original
5.99,7.5,65.0,original
11.05,12.27,0.0,original
5.87,7.63,0.0,original
9.61,17.65,0.0,original
7.9,17.26,0.0,original
2.05,12.02,0.0,original
7.36,7.85,0.0,original
18.27,71.57,0.0,original
22.17,75.93,0.0,original
22.88,9.56,0.0,original
21.49,52.53,0.0,original
4.46,11.92,37.0,original
8.85,7.58,54.0,original
2.71,7.59,20.0,original
8.15,8.2,35.0,original
3.64,11.96,32.0,original
6.24,21.3,52.0,original
9.74,16.03,22.0,original
9.8,10.43,22.0,original
11.04,33.55,28.0,original
6.98,22.88,30.0,original
6.84,24.28,60.0,original
7.18,24.73,60.0,original
7.43,14.86,76.0,original
6.07,31.37,42.0,original
8.66,10.52,63.0,original
12.02,14.91,39.0,original
7.85,33.76,38.0,original
10.06,15.05,37.0,original
2.59,16.57,39.0,original
5.37,5.65,48.0,original
6.12,12.56,25.0,original
4.88,20.1,47.0,original
8.0,8.62,54.0,original
7.51,20.16,53.0,original
4.45,19.51,39.0,original
1.94,33.54,79.0,original
6.94,16.38,98.0,original
11.34,31.27,45.0,original
9.07,16.22,67.0,original
6.99,15.74,53.0,original
22.34,25.87,64.0,original
9.04,32.7,64.0,original
13.01,47.66,59.0,original
6.9,33.18,61.0,original
8.59,29.86,57.0,original
10.52,15.87,56.0,original
8.75,11.73,39.0,original
14.02,34.42,31.0,original
11.62,15.87,40.0,original
6.07,14.98,68.0,original
4.37,47.51,92.0,original
8.33,12.83,78.0,original
7.52,46.94,95.0,original
8.39,33.89,99.0,original
8.5,15.88,95.0,original
7.67,30.72,98.0,original
8.4,9.55,62.0,original
13.35,16.22,43.0,original
3.48,32.27,51.0,original
13.89,9.95,67.0,original
7.62,16.74,50.0,original
7.2,17.2,31.0,original
13.54,10.73,66.0,original
9.87,33.49,24.0,original
4.72,133.89,81.0,original
5.35,12.96,69.0,original
1.83,11.96,27.0,original
10.19,69.32,69.0,original
3.54,67.04,33.0,original
4.55,33.6,64.0,original
8.07,17.25,51.0,original
9.16,31.06,78.0,original
2.53,15.03,48.0,original
9.56,16.11,74.0,original
3.74,24.74,62.0,original
9.16,16.94,82.0,original
5.51,16.12,48.0,original
5.37,47.22,43.0,original
4.97,30.96,56.0,original
22.25,24.54,42.0,original
4.62,30.33,68.0,original
6.19,31.53,67.0,original
5.27,15.17,43.0,original
19.94,46.89,60.0,original
30.86,25.47,72.0,original
31.87,25.91,74.0,original
6.67,7.78,79.0,original
30.12,7.82,56.0,original
3.06,7.5,50.0,original
15.77,7.83,77.0,original
9.75,33.02,85.0,original
1.75,4.15,47.0,original
14.72,32.54,42.0,original
7.44,32.99,69.0,original
2.33,12.05,41.0,original
6.9,16.08,52.0,original
2.95,12.77,96.0,original
6.33,15.45,99.0,original
2.19,12.07,99.0,original
2.6,48.66,98.0,original
3.97,16.41,83.0,original
5.77,51.53,96.0,original
6.35,32.55,82.0,original
3.28,11.59,87.0,original
6.56,155.25,74.0,original
7.47,12.89,40.0,original
6.45,71.01,67.0,original
1.45,13.44,24.0,original
8.94,68.13,24.0,original
2.41,133.2,36.0,original
3.33,145.98,44.0,original
10.82,145.63,51.0,original
10.51,15.67,43.0,original
3.5,29.6,63.0,original
10.39,10.69,63.0,original
3.5,31.94,37.0,original
7.86,128.6,72.0,original
7.67,34.69,76.0,original
5.91,23.7,68.0,original
4.32,140.68,70.0,original
5.66,32.57,73.0,original
4.08,35.75,85.0,original
4.43,66.06,34.0,original
3.03,16.35,93.0,original
4.06,31.08,86.0,original
6.65,7.75,86.0,original
17.32,33.62,74.0,original
27.59,12.14,80.0,original
27.59,8.34,63.0,original
12.38,7.69,65.0,original
6.73,11.55,58.0,original
25.2,30.25,59.0,original
9.97,8.4,89.0,original
2.44,12.09,94.0,original
8.65,11.5,95.0,original
2.02,29.74,91.0,original
2.57,11.71,78.0,original
10.51,14.89,52.0,original
14.67,12.18,62.0,original
14.11,16.54,41.0,original
7.03,30.12,45.0,original
2.43,11.17,53.0,original
5.08,16.76,31.0,original
6.96,21.28,65.0,original
5.1,20.69,39.0,original
2.82,20.99,63.0,original
6.87,12.83,34.0,original
3.12,12.79,44.0,original
11.81,15.1,31.0,original
7.48,9.23,66.0,original
8.83,14.76,51.0,original
1.36,47.36,98.0,original
3.12,51.62,92.0,original
7.05,16.25,99.0,original
6.87,32.09,90.0,original
2.5,12.52,81.0,original
2.13,16.44,80.0,original
3.49,15.91,89.0,original
3.62,16.18,99.0,original
3.94,17.08,61.0,original
2.1,12.2,71.0,original
3.12,14.33,52.0,original
4.96,14.49,40.0,original
3.61,12.12,54.0,original
7.33,18.7,65.0,original
6.98,2.91,0.0,original
6.23,7.82,0.0,original
3.45,3.19,0.0,original
13.41,2.82,0.0,original
14.04,12.15,0.0,original
12.53,8.16,0.0,original
12.65,8.07,0.0,original
8.63,8.32,0.0,original
24.61,8.43,77.0,original
15.78,7.47,86.0,original
10.71,32.22,55.0,original
26.96,7.5,86.0,original
27.1,7.94,58.0,original
8.16,27.5,71.0,original
29.82,8.07,52.0,original
30.73,25.11,71.0,original
8.54,15.74,0.0,original
14.8,16.95,0.0,original
4.05,3.19,0.0,original
13.07,17.33,0.0,original
5.86,12.49,0.0,original
15.08,15.78,0.0,original
10.99,12.04,0.0,original
9.95,11.62,0.0,original
8.51,35.35,28.0,original
10.9,68.32,55.0,original
9.62,145.12,26.0,original
7.56,133.75,68.0,original
4.97,33.88,23.0,original
8.34,12.62,70.0,original
3.28,33.27,59.0,original
6.56,23.14,73.0,original
2.91,23.56,64.0,original
2.93,23.41,72.0,original
6.0,16.22,76.0,original
2.92,15.5,80.0,original
6.34,130.77,48.0,original
7.33,17.2,42.0,original
4.27,13.96,56.0,original
12.54,11.26,57.0,original
9.76,16.81,51.0,original
8.17,32.44,58.0,original
12.58,14.75,65.0,original
8.99,29.64,43.0,original
13.68,3.1,0.0,original
3.87,2.8,0.0,original
9.85,8.6,0.0,original
7.13,15.77,42.0,original
19.19,33.81,44.0,original
9.39,34.18,75.0,original
13.02,33.46,75.0,original
19.06,15.27,61.0,original
6.18,12.39,30.0,original
14.82,30.08,53.0,original
8.96,31.48,48.0,original
7.66,15.44,73.0,original
12.65,17.27,39.0,original
6.95,32.08,63.0,original
9.2,15.21,56.0,original
10.04,11.07,43.0,original
5.88,16.97,36.0,original
5.43,11.11,46.0,original
2.75,13.33,66.0,original
21.22,9.9,0.0,original
13.33,10.56,0.0,original
10.99,15.67,54.0,original
7.22,14.77,38.0,original
9.46,11.81,61.0,original
8.76,11.18,34.0,original
9.19,11.27,42.0,original
12.71,32.27,70.0,original
10.15,15.96,55.0,original
7.35,14.16,33.0,original
4.65,40.39,0.0,original
18.82,54.19,0.0,original
10.79,10.38,0.0,original
23.39,55.24,0.0,original
11.66,9.87,0.0,original
20.99,68.64,0.0,original
7.86,10.07,0.0,original
4.47,10.73,0.0,original
4.3,22.89,52.0,original
6.59,16.13,65.0,original
4.79,139.61,73.0,original
7.01,16.68,57.0,original
7.83,16.18,75.0,original
2.76,25.25,82.0,original
8.35,7.92,0.0,original
2.23,17.37,0.0,original
10.92,13.04,0.0,original
13.64,8.63,0.0,original
5.83,12.21,0.0,original
5.38,15.33,65.0,original
7.19,12.89,33.0,original
7.09,16.21,74.0,original
12.78,30.01,63.0,original
3.54,33.47,59.0,original
5.98,15.51,71.0,original
4.51,22.7,79.0,original
4.04,24.92,65.0,original
6.27,66.35,61.0,original
11.12,61.89,65.0,original
4.17,70.67,55.0,original
3.78,67.25,28.0,original
8.21,135.46,34.0,original
2.37,46.74,93.0,original
7.39,15.19,78.0,original
8.61,30.86,90.0,original
4.64,47.15,83.0,original
4.6,48.05,90.0,original
8.04,12.93,81.0,original
3.22,15.15,83.0,original
8.94,7.75,38.0,original
8.7,20.4,53.0,original
8.43,21.56,29.0,original
2.0,6.08,62.0,original
4.74,19.8,47.0,original
4.17,12.79,45.0,original
6.72,11.23,35.0,original
2.44,20.72,34.0,original
2.56,14.11,43.0,original
4.88,12.38,44.0,original
2.34,14.55,59.0,original
2.56,32.55,43.0,original
13.25,14.59,61.0,original
7.89,29.58,33.0,original
12.19,16.08,54.0,original
3.1,16.6,57.0,original
3.0,32.16,61.0,original
10.32,15.78,58.0,original
10.82,15.4,68.0,original
4.9,46.99,97.0,original
7.79,48.37,93.0,original
5.04,17.02,84.0,original
3.01,31.79,92.0,original
4.9,49.82,88.0,original
8.94,29.75,82.0,original
5.73,30.28,97.0,original
6.47,65.36,33.0,original
5.31,35.36,22.0,original
4.23,65.53,74.0,original
6.43,34.47,58.0,original
4.62,149.5,49.0,original
1.21,143.76,78.0,original
5.77,131.94,63.0,original
7.69,34.53,67.0,original
9.2,15.43,55.0,original
7.87,25.42,78.0,original
15.07,31.03,69.0,original
15.58,8.45,78.0,original
16.41,31.03,68.0,original
13.48,27.62,35.0,original
15.45,7.58,35.0,original
28.32,26.31,82.0,original
4.71,19.79,37.0,original
8.98,5.84,62.0,original
6.5,11.35,44.0,original
8.1,7.84,20.0,original
2.47,11.92,36.0,original
8.85,8.03,48.0,original
9.27,5.77,35.0,original
12.0,55.2,0.0,original
24.24,10.56,0.0,original
14.57,40.6,0.0,original
12.84,35.72,0.0,original
7.26,123.63,78.0,original
5.13,24.89,51.0,original
2.57,139.39,71.0,original
8.68,123.34,69.0,original
9.44,25.44,51.0,original
8.18,33.47,54.0,original
5.09,34.22,65.0,original
4.33,138.55,54.0,original
21.76,33.58,80.0,original
17.43,11.97,88.0,original
9.23,10.26,49.0,original
9.89,14.98,47.0,original
3.6,33.13,35.0,original
9.53,23.95,61.0,original
13.87,29.47,55.0,original
4.71,17.05,27.0,original
3.27,15.01,54.0,original
11.24,24.57,39.0,original
20.44,10.66,0.0,original
22.6,37.97,0.0,original
16.88,36.31,0.0,original
4.95,40.38,0.0,original
11.83,15.18,45.0,original
13.13,9.31,24.0,original
6.82,24.91,46.0,original
4.15,24.57,26.0,original
6.59,24.45,51.0,original
3.19,31.06,25.0,original
3.5,9.5,30.0,original
9.85,11.81,20.0,original
3.94,68.22,63.0,original
3.16,15.61,84.0,original
7.4,32.77,98.0,original
4.23,33.51,85.0,original
2.78,30.41,91.0,original
4.63,15.54,81.0,original
2.13,34.45,94.0,original
4.87,48.11,93.0,original
5.55,29.88,82.0,original
4.8,34.22,93.0,original
2.72,12.04,98.0,original
6.79,34.46,96.0,original
5.24,12.31,82.0,original
8.45,15.18,98.0,original
2.51,44.52,97.0,original
5.97,45.11,85.0,original
3.02,49.55,87.0,original
4.51,64.45,81.0,original
9.77,70.63,35.0,original
7.13,72.12,76.0,original
5.64,12.86,55.0,original
2.64,13.74,56.0,original
6.47,11.83,41.0,original
4.88,19.38,34.0,original
2.83,20.78,65.0,original
4.22,18.62,63.0,original
7.05,15.01,52.0,original
6.81,6.06,54.0,original
2.02,22.04,54.0,original
8.44,6.37,38.0,original
5.71,5.74,54.0,original
7.08,8.07,49.0,original
3.32,20.86,24.0,original
8.98,11.48,43.0,original
20.57,15.15,51.0,original
4.51,16.22,44.0,original
15.37,31.05,68.0,original
14.55,32.11,51.0,original
11.45,32.74,44.0,original
17.19,16.84,69.0,original
12.3,10.73,22.0,original
7.72,9.9,39.0,original
8.44,15.66,67.0,original
15.55,17.17,42.0,original
20.39,7.4,82.0,original
15.62,7.47,83.0,original
28.94,15.79,69.0,original
17.6,12.68,79.0,original
27.22,3.77,70.0,original
30.35,7.44,57.0,original
23.63,33.96,77.0,original
8.68,11.58,49.0,original
7.99,11.77,70.0,original
7.04,12.53,45.0,original
5.08,11.24,83.0,original
5.57,29.93,96.0,original
5.62,18.27,67.0,original
2.52,21.38,42.0,original
5.65,19.53,62.0,original
3.73,12.75,51.0,original
7.13,16.68,38.0,original
5.63,19.32,63.0,original
5.94,7.53,29.0,original
9.93,20.78,53.0,original
3.49,11.45,49.0,original
5.97,19.38,50.0,original
7.85,17.2,69.0,original
9.16,136.26,76.0,original
9.89,127.26,69.0,original
8.81,15.75,64.0,original
8.4,22.49,53.0,original
17.02,54.13,0.0,original
23.59,9.82,0.0,original
11.14,53.93,0.0,original
15.06,52.77,0.0,original
4.22,10.6,0.0,original
14.33,52.53,0.0,original
4.2,12.16,20.0,original
6.61,12.86,20.0,original
1.9,32.27,57.0,original
3.95,24.74,43.0,original
8.21,34.3,40.0,original
9.01,25.41,58.0,original
12.13,10.64,25.0,original
4.6,22.74,65.0,original
8.98,29.97,57.0,original
5.68,24.19,28.0,original
6.45,10.14,67.0,original
11.7,16.86,64.0,original
12.89,30.67,58.0,original
3.88,24.86,39.0,original
1.32,34.19,82.0,original
6.3,16.73,95.0,original
11.27,11.61,70.0,original
1.7,66.62,60.0,original
11.92,61.47,79.0,original
9.58,31.36,86.0,original
6.62,11.73,39.0,original
3.21,35.22,53.0,original
2.59,17.19,38.0,original
6.94,14.44,65.0,original
4.59,19.34,61.0,original
26.75,11.49,86.0,original
21.7,16.14,87.0,original
18.85,14.91,77.0,original
10.62,15.67,80.0,original
9.02,8.64,80.0,original
26.16,8.37,59.0,original
21.67,33.05,63.0,original
17.49,8.31,65.0,original
5.84,21.61,59.0,original
8.62,7.58,24.0,original
4.3,6.33,61.0,original
4.19,7.64,36.0,original
14.6,33.03,70.0,original
8.83,15.98,44.0,original
4.24,31.28,47.0,original
14.73,16.33,48.0,original
9.74,15.91,52.0,original
8.1,23.87,72.0,original
6.23,133.39,73.0,original
6.99,32.35,84.0,original
8.4,33.89,78.0,original
6.72,50.17,96.0,original
6.76,45.07,88.0,original
5.58,30.25,83.0,original
5.48,32.07,95.0,original
1.72,15.52,95.0,original
2.11,11.22,51.0,original
14.55,16.3,45.0,original
3.26,17.2,39.0,original
9.49,33.42,71.0,original
14.4,33.75,45.0,original
10.28,15.92,58.0,original
11.91,15.44,33.0,original
6.46,16.31,50.0,original
9.98,24.54,61.0,original
2.63,136.61,59.0,original
6.84,134.63,53.0,original
7.76,35.6,79.0,original
5.03,14.25,61.0,original
1.82,15.15,41.0,original
11.47,65.86,67.0,original
7.43,150.58,52.0,original
3.36,71.99,78.0,original
9.77,69.07,23.0,original
6.61,34.73,50.0,original
11.01,16.35,50.0,original
12.6,15.94,43.0,original
4.83,11.96,41.0,original
4.76,32.08,61.0,original
1.29,30.22,87.0,original
1.75,15.13,89.0,original
8.11,32.99,86.0,original
6.37,30.37,90.0,original
2.94,30.78,86.0,original
5.52,45.94,80.0,original
5.51,15.71,88.0,original
3.04,16.13,89.0,original
13.56,10.03,31.0,original
9.09,10.18,62.0,original
13.1,14.76,64.0,original
5.46,23.93,63.0,original
8.98,29.48,55.0,original
8.27,69.45,76.0,original
4.37,11.72,21.0,original
5.27,71.42,71.0,original
4.3,34.32,80.0,original
2.39,15.75,41.0,original
9.62,32.47,65.0,original
4.49,15.79,38.0,original
3.1,16.12,37.0,original
10.81,14.97,53.0,original
9.21,11.97,48.0,original
5.33,14.67,73.0,original
9.06,36.36,0.0,original
3.36,10.37,0.0,original
12.14,40.54,0.0,original
21.56,53.72,0.0,original
12.54,37.19,0.0,original
6.53,53.58,0.0,original
19.41,54.23,0.0,original
7.14,5.94,54.0,original
2.79,20.71,52.0,original
11.54,33.87,60.0,original
2.35,11.87,31.0,original
5.69,11.7,43.0,original
6.24,14.12,49.0,original
3.42,11.11,39.0,original
6.18,12.11,38.0,original
7.25,19.4,49.0,original
7.35,20.52,62.0,original
6.75,12.1,65.0,original
3.62,12.46,68.0,original
12.02,15.67,50.0,original
11.13,14.2,57.0,original
10.79,11.43,63.0,original
10.5,32.05,63.0,original
8.31,14.58,74.0,original
2.32,16.07,62.0,original
7.67,31.0,54.0,original
7.4,33.58,70.0,original
9.85,138.34,55.0,original
3.68,31.51,65.0,original
4.44,14.81,51.0,original
9.17,35.74,61.0,original
3.87,10.35,38.0,original
11.62,33.64,43.0,original
9.12,25.44,40.0,original
13.19,29.82,52.0,original
13.22,14.84,23.0,original
6.33,16.64,52.0,original
5.67,12.15,59.0,original
8.65,29.65,34.0,original
7.22,12.06,40.0,original
7.41,12.06,53.0,original
14.6,14.27,46.0,original
9.63,17.25,36.0,original
10.36,14.04,64.0,original
5.8,17.24,52.0,original
4.01,12.84,49.0,original
7.33,20.2,56.0,original
4.98,16.78,42.0,original
5.37,12.68,55.0,original
3.02,12.71,58.0,original
2.84,13.4,62.0,original
3.27,11.21,40.0,original
5.11,139.72,37.0,original
5.41,70.03,20.0,original
1.91,66.83,37.0,original
14.67,12.37,39.0,original
7.27,29.66,57.0,original
13.65,29.78,73.0,original
13.4,33.19,72.0,original
3.73,11.36,73.0,original
23.8,66.95,0.0,original
21.09,9.77,0.0,original
14.95,69.39,0.0,original
15.33,10.22,0.0,original
15.1,54.69,0.0,original
2.56,17.6,37.0,original
5.46,19.8,38.0,original
3.37,12.4,55.0,original
7.32,21.3,45.0,original
2.53,13.52,67.0,original
7.07,12.91,62.0,original
6.63,20.17,56.0,original
5.05,20.05,35.0,original
8.66,127.34,81.0,original
3.11,25.81,82.0,original
4.12,22.32,80.0,original
4.55,31.54,72.0,original
7.72,33.72,71.0,original
5.31,23.72,62.0,original
8.07,23.99,56.0,original
2.68,12.98,0.0,original
4.0,2.83,0.0,original
15.23,12.32,0.0,original
15.41,7.41,0.0,original
14.15,12.56,0.0,original
14.64,3.17,0.0,original
4.88,15.75,60.0,original
8.32,11.94,53.0,original
4.21,11.51,60.0,original
7.78,16.19,43.0,original
11.98,31.25,61.0,original
15.22,16.25,50.0,original
20.19,44.28,57.0,original
2.87,33.43,46.0,original
4.34,16.96,27.0,original
9.98,9.53,59.0,original
6.24,30.23,65.0,original
16.8,31.23,67.0,original
9.58,15.88,66.0,original
13.95,45.94,75.0,original
7.89,32.02,51.0,original
15.57,16.63,44.0,original
14.77,25.36,44.0,original
16.36,49.94,42.0,original
9.03,51.29,71.0,original
16.46,55.01,0.0,original
10.4,75.46,0.0,original
10.11,38.32,0.0,original
24.27,53.25,0.0,original
16.58,74.39,0.0,original
10.24,9.63,0.0,original
15.08,12.95,0.0,original
4.99,11.67,0.0,original
4.26,3.07,0.0,original
4.39,12.06,0.0,original
9.8,12.68,0.0,original
9.47,11.7,0.0,original
12.12,30.21,50.0,original
4.11,34.03,28.0,original
7.92,22.58,51.0,original
11.71,50.1,54.0,original
22.41,34.49,50.0,original
21.33,15.88,53.0,original
22.29,33.17,53.0,original
12.73,12.02,31.0,original
1.59,17.23,34.0,original
12.96,29.71,60.0,original
11.56,16.14,58.0,original
4.59,29.97,36.0,original
18.57,35.21,0.0,original
12.61,51.35,0.0,original
4.61,77.38,0.0,original
5.49,10.45,0.0,original
14.12,9.9,0.0,original
12.21,9.26,0.0,original
19.71,51.51,0.0,original
23.49,38.74,0.0,original
3.71,25.48,75.0,original
8.02,143.09,69.0,original
9.32,24.93,78.0,original
5.86,16.92,51.0,original
7.0,141.46,54.0,original
3.81,14.88,61.0,original
3.77,17.79,39.0,original
6.05,18.65,63.0,original
4.59,12.33,54.0,original
3.01,19.19,58.0,original
4.29,18.5,36.0,original
7.82,31.25,55.0,original
8.13,12.11,66.0,original
2.18,34.07,43.0,original
6.15,12.27,58.0,original
2.69,15.75,59.0,original
3.94,15.52,40.0,original
11.42,32.18,33.0,original
15.67,12.02,73.0,original
10.58,16.88,78.0,original
7.52,7.65,81.0,original
3.49,4.14,57.0,original
25.56,7.54,49.0,original
16.02,32.98,53.0,original
10.11,9.53,0.0,original
15.31,38.98,0.0,original
4.31,36.9,0.0,original
14.57,9.29,0.0,original
16.84,51.05,0.0,original
16.0,66.29,0.0,original
19.3,69.93,0.0,original
19.22,38.57,0.0,original
12.3,8.04,75.0,original
16.74,8.19,84.0,original
21.38,7.72,81.0,original
6.79,5.8,58.0,original
5.48,21.06,18.0,original
6.9,20.72,45.0,original
5.75,11.17,39.0,original
4.98,6.36,28.0,original
4.44,21.09,45.0,original
2.49,5.63,36.0,original
9.35,21.87,46.0,original
4.57,62.48,81.0,original
9.5,153.73,27.0,original
4.51,71.13,45.0,original
11.19,69.19,76.0,original
10.94,13.17,70.0,original
12.42,12.13,0.0,original
7.29,8.04,0.0,original
15.68,7.62,0.0,original
2.04,12.81,91.0,original
2.07,11.95,90.0,original
8.79,14.77,94.0,original
1.68,14.87,90.0,original
2.32,34.46,98.0,original
2.2,15.44,93.0,original
6.87,33.61,94.0,original
10.69,66.67,0.0,original
7.46,51.8,0.0,original
6.54,20.07,46.0,original
5.09,17.81,42.0,original
2.9,16.98,67.0,original
2.38,11.14,95.0,original
5.94,16.77,97.0,original
8.87,44.31,86.0,original
2.78,34.09,93.0,original
3.16,14.93,41.0,original
4.69,18.74,54.0,original
7.42,18.53,43.0,original
6.34,14.05,34.0,original
4.17,18.16,55.0,original
4.24,17.98,64.0,original
3.64,19.17,59.0,original
4.05,17.0,37.0,original
7.67,68.33,86.0,original
9.25,64.58,72.0,original
11.98,140.6,26.0,original
11.02,12.95,34.0,original
9.68,11.88,73.0,original
7.92,31.74,39.0,original
5.21,11.2,71.0,original
12.02,12.26,71.0,original
12.57,12.67,32.0,original
12.95,14.11,43.0,original
1.77,14.09,58.0,original
5.07,16.67,49.0,original
13.11,30.22,53.0,original
6.89,6.09,46.0,original
9.12,11.18,33.0,original
5.43,11.41,33.0,original
4.8,15.5,30.0,original
7.71,15.45,40.0,original
2.67,14.97,53.0,original
3.77,9.96,22.0,original
6.98,24.02,61.0,original
4.72,30.71,52.0,original
6.79,22.85,68.0,original
13.8,9.52,32.0,original
5.79,17.15,75.0,original
4.53,139.8,50.0,original
6.15,136.62,74.0,original
4.14,16.29,67.0,original
4.5,137.73,76.0,original
6.65,7.57,47.0,original
5.88,8.1,31.0,original
6.22,20.87,59.0,original
3.81,5.8,27.0,original
4.07,22.29,19.0,original
14.62,15.41,63.0,original
5.93,15.86,59.0,original
4.56,15.73,49.0,original
12.81,14.2,36.0,original
6.08,15.76,54.0,original
13.66,14.6,34.0,original
2.11,47.32,86.0,original
3.27,16.9,83.0,original
4.04,32.67,37.0,original
7.57,13.92,62.0,original
11.09,34.35,55.0,original
6.44,16.22,45.0,original
10.31,24.12,59.0,original
6.7,15.15,27.0,original
7.3,16.77,35.0,original
11.59,12.62,43.0,original
7.23,14.05,58.0,original
6.46,11.27,35.0,original
13.45,12.89,65.0,original
12.7,34.02,63.0,original
1.8,32.07,61.0,original
8.59,16.31,70.0,original
9.26,16.39,49.0,original
15.25,32.32,42.0,original
14.74,16.28,74.0,original
14.51,16.58,76.0,original
5.17,47.98,60.0,original
5.89,15.05,60.0,original
19.14,51.57,46.0,original
5.48,34.35,74.0,original
15.92,46.32,73.0,original
16.51,48.79,52.0,original
4.94,25.49,57.0,original
16.75,51.78,69.0,original
23.04,17.19,79.0,original
23.48,7.66,71.0,original
9.5,16.56,57.0,original
2.52,15.24,72.0,original
3.41,17.03,66.0,original
8.3,11.6,55.0,original
4.72,16.02,60.0,original
5.13,25.57,59.0,original
6.08,30.86,49.0,original
10.04,16.37,53.0,original
6.25,33.74,22.0,original
5.03,14.92,37.0,original
12.95,9.96,44.0,original
10.42,9.23,47.0,original
6.25,15.17,68.0,original
6.08,153.07,40.0,original
3.88,145.86,24.0,original
9.44,12.22,31.0,original
3.0,11.52,58.0,original
1.66,12.3,72.0,original
11.51,31.82,67.0,original
4.86,63.49,68.0,original
2.29,32.7,26.0,original
10.22,31.51,84.0,original
4.04,62.05,31.0,original
5.88,136.97,43.0,original
5.99,13.16,59.0,original
1.57,32.28,53.0,original
5.58,35.68,42.0,original
6.85,32.28,29.0,original
9.55,31.37,42.0,original
8.39,69.81,50.0,original
1.51,13.23,37.0,original
15.58,40.41,0.0,original
14.0,38.88,0.0,original
13.93,51.07,0.0,original
17.2,53.35,0.0,original
24.08,9.49,0.0,original
19.26,74.08,0.0,original
11.24,52.99,0.0,original
6.92,9.8,0.0,original
11.28,77.63,0.0,original
20.12,30.81,43.0,original
6.01,22.35,65.0,original
5.86,15.41,0.0,original
10.57,2.8,0.0,original
2.71,11.64,0.0,original
15.43,72.32,0.0,original
18.08,37.1,0.0,original
20.37,9.23,0.0,original
13.54,73.02,0.0,original
2.47,14.82,90.0,original
4.63,12.59,83.0,original
1.81,31.66,92.0,original
5.93,16.55,89.0,original
2.96,11.11,95.0,original
7.12,12.01,67.0,original
8.23,34.26,49.0,original
1.69,12.43,61.0,original
2.59,11.53,54.0,original
10.48,12.57,34.0,original
1.82,33.51,39.0,original
3.2,19.84,36.0,original
5.32,14.38,54.0,original
4.82,13.63,55.0,original
7.42,12.75,38.0,original
2.34,19.94,38.0,original
2.72,18.66,68.0,original
7.01,13.73,55.0,original
34.75,32.02,63.0,original
32.98,7.71,61.0,original
25.5,8.53,68.0,original
5.37,7.75,68.0,original
10.99,8.09,73.0,original
11.59,12.12,58.0,original
6.3,15.56,49.0,original
5.0,151.35,24.0,original
8.06,66.75,50.0,original
8.69,13.43,22.0,original
8.99,140.04,42.0,original
7.66,32.91,70.0,original
1.79,62.9,51.0,original
9.53,32.64,79.0,original
9.62,25.24,79.0,original
8.06,143.6,74.0,original
2.76,22.88,79.0,original
3.99,23.76,51.0,original
2.82,134.6,70.0,original
4.5,23.88,56.0,original
5.3,20.41,60.0,original
4.2,11.21,65.0,original
6.36,18.84,54.0,original
5.2,17.59,39.0,original
2.64,13.03,55.0,original
5.35,14.24,37.0,original
5.96,15.06,56.0,original
7.15,11.25,57.0,original
2.69,29.57,81.0,original
2.71,12.01,96.0,original
8.77,11.9,81.0,original
8.59,12.06,78.0,original
7.22,30.94,92.0,original
2.46,12.46,45.0,original
3.22,14.14,43.0,original
2.79,20.55,42.0,original
6.47,11.91,41.0,original
4.62,13.23,36.0,original
9.15,38.44,0.0,original
18.56,37.96,0.0,original
7.99,51.77,0.0,original
20.06,14.85,85.0,original
15.88,7.62,67.0,original
25.48,34.15,69.0,original
14.17,7.94,78.0,original
28.92,16.28,73.0,original
4.27,3.14,0.0,original
8.66,3.07,0.0,original
10.96,12.86,0.0,original
14.99,12.42,0.0,original
13.7,3.21,0.0,original
12.45,3.18,0.0,original
14.72,7.97,0.0,original
9.63,32.25,58.0,original
9.06,24.08,72.0,original
5.7,16.49,50.0,original
6.19,25.18,64.0,original
5.78,8.37,0.0,original
12.12,16.51,0.0,original
4.85,7.63,0.0,original
10.86,12.82,59.0,original
3.49,32.66,42.0,original
7.51,64.09,49.0,original
10.59,137.02,37.0,original
9.2,143.66,80.0,original
10.65,34.27,21.0,original
8.37,35.58,37.0,original
4.62,12.74,60.0,original
10.95,15.43,71.0,original
13.62,16.75,59.0,original
5.19,33.0,76.0,original
11.7,32.06,50.0,original
15.59,15.17,70.0,original
7.87,44.88,95.0,original
1.91,11.43,80.0,original
5.28,30.27,98.0,original
2.17,33.27,98.0,original
8.54,44.84,95.0,original
6.51,29.45,99.0,original
5.11,15.47,98.0,original
10.54,11.98,0.0,original
9.96,3.14,0.0,original
5.41,3.0,0.0,original
12.82,7.63,0.0,original
12.19,7.5,0.0,original
15.23,15.71,0.0,original
8.4,30.67,27.0,original
12.79,10.75,40.0,original
4.41,20.53,18.0,original
9.97,20.44,18.0,original
6.24,8.07,52.0,original
3.09,11.65,26.0,original
4.6,11.85,39.0,original
2.83,12.68,26.0,original
7.79,20.41,29.0,original
9.36,8.4,35.0,original
4.21,16.86,33.0,original
10.78,31.51,45.0,original
3.9,47.49,94.0,original
3.85,11.69,90.0,original
8.22,16.33,94.0,original
5.71,12.39,98.0,original
8.07,48.56,98.0,original
5.05,16.44,83.0,original
2.83,45.43,85.0,original
3.67,49.49,83.0,original
3.0,31.41,82.0,original
8.88,142.84,45.0,original
5.6,134.49,65.0,original
2.27,12.04,33.0,original
8.2,13.15,47.0,original
4.23,9.55,29.0,original
12.27,32.96,26.0,original
23.79,66.65,0.0,original
22.49,55.07,0.0,original
13.68,49.46,0.0,original
3.31,37.74,0.0,original
11.66,9.97,0.0,original
9.2,31.4,60.0,original
2.77,31.78,76.0,original
2.94,25.03,57.0,original
6.0,30.96,69.0,original
7.98,15.57,54.0,original
3.73,15.48,66.0,original
3.36,15.2,39.0,original
4.76,20.99,58.0,original
4.82,6.45,34.0,original
4.14,8.1,37.0,original
3.83,8.3,32.0,original
7.14,21.8,34.0,original
4.15,22.17,58.0,original
7.42,16.38,37.0,original
1.86,12.14,40.0,original
12.3,15.26,70.0,original
4.39,32.7,33.0,original
12.52,30.6,37.0,original
6.83,12.39,73.0,original
4.3,12.72,52.0,original
4.27,15.47,46.0,original
8.0,15.59,74.0,original
12.13,15.74,48.0,original
4.02,11.6,52.0,original
3.18,14.34,34.0,original
11.57,12.87,73.0,original
6.85,15.57,58.0,original
11.02,30.98,31.0,original
1.84,45.17,92.0,original
2.97,16.06,80.0,original
8.75,31.49,27.0,original
5.36,31.77,22.0,original
4.89,12.45,81.0,original
11.51,33.92,54.0,original
10.09,14.82,35.0,original
3.76,11.93,62.0,original
9.08,14.49,33.0,original
7.9,15.65,70.0,original
12.21,14.6,52.0,original
14.59,31.84,68.0,original
11.88,16.2,69.0,original
11.9,30.0,45.0,original
10.81,31.83,71.0,original
5.64,14.28,58.0,original
5.45,15.08,43.0,original
9.63,15.08,66.0,original
5.99,33.62,31.0,original
7.68,12.12,41.0,original
25.8,33.23,62.0,original
29.93,12.78,87.0,original
12.15,12.24,79.0,original
3.74,30.27,80.0,original
3.3,31.97,78.0,original
5.06,11.64,90.0,original
9.77,32.82,44.0,original
13.48,16.0,42.0,original
6.94,11.06,33.0,original
7.17,11.56,52.0,original
5.8,5.9,32.0,original
9.87,12.9,61.0,original
7.71,7.48,46.0,original
9.72,21.89,45.0,original
3.9,11.84,43.0,original
7.7,12.44,38.0,original
7.4,19.99,57.0,original
14.42,16.58,65.0,original
26.56,34.37,59.0,original
16.26,29.51,61.0,original
10.02,17.27,90.0,original
17.06,29.86,88.0,original
24.6,29.93,89.0,original
20.61,14.73,72.0,original
6.99,12.31,74.0,original
13.78,8.61,66.0,original
8.94,33.01,79.0,original
27.82,17.07,77.0,original
16.52,33.89,89.0,original
21.16,39.1,0.0,original
5.58,36.23,0.0,original
21.63,67.54,0.0,original
12.24,9.82,0.0,original
20.29,71.56,0.0,original
3.29,11.6,66.0,original
2.22,33.65,62.0,original
2.96,16.24,59.0,original
7.63,125.32,55.0,original
6.73,15.31,66.0,original
8.99,140.14,53.0,original
5.63,15.01,66.0,original
2.61,132.32,64.0,original
8.24,35.74,70.0,original
5.07,132.26,51.0,original
13.2,12.27,47.0,original
2.54,32.0,53.0,original
8.26,32.05,72.0,original
3.96,12.96,0.0,original
4.98,16.7,0.0,original
4.78,7.55,0.0,original
5.8,12.56,38.0,original
6.29,7.59,60.0,original
9.85,11.8,52.0,original
2.78,19.73,46.0,original
2.63,20.57,61.0,original
5.59,21.62,46.0,original
4.92,16.71,39.0,original
6.58,17.43,67.0,original
2.43,15.2,31.0,original
10.56,33.68,36.0,original
9.4,11.6,49.0,original
17.95,70.54,0.0,original
19.08,37.04,0.0,original
4.65,32.03,67.0,original
3.98,10.55,59.0,original
5.55,12.07,81.0,original
7.43,32.2,79.0,original
8.82,11.24,82.0,original
24.42,32.73,89.0,original
21.94,31.52,63.0,original
24.21,8.05,76.0,original
26.78,12.72,84.0,original
8.31,16.23,50.0,original
4.78,22.26,74.0,original
3.4,15.28,63.0,original
9.26,34.52,61.0,original
9.42,16.32,72.0,original
17.21,50.21,0.0,original
13.87,69.05,0.0,original
17.18,36.87,0.0,original
24.56,9.94,0.0,original
21.92,73.15,0.0,original
24.77,40.18,0.0,original
24.37,39.71,0.0,original
3.33,11.53,28.0,original
6.11,19.82,60.0,original
10.44,142.13,29.0,original
2.35,150.85,43.0,original
4.02,63.48,45.0,original
5.01,11.83,73.0,original
7.33,145.54,20.0,original
8.52,147.12,52.0,original
8.72,22.42,46.0,original
7.09,7.61,31.0,original
8.32,5.96,37.0,original
2.86,11.44,59.0,original
9.97,5.86,28.0,original
2.44,8.64,22.0,original
9.53,20.56,52.0,original
7.08,30.61,70.0,original
26.21,15.83,64.0,original
25.54,16.48,58.0,original
27.59,29.64,80.0,original
28.01,12.52,85.0,original
16.68,8.07,85.0,original
4.28,13.57,40.0,original
2.34,17.08,35.0,original
4.17,16.7,60.0,original
5.23,17.45,47.0,original
4.94,16.2,0.0,original
4.16,2.94,0.0,original
7.56,15.41,0.0,original
11.47,7.78,0.0,original
9.86,7.7,0.0,original
7.94,11.53,0.0,original
5.97,8.59,0.0,original
8.68,31.22,98.0,original
8.76,47.24,95.0,original
7.48,30.46,85.0,original
11.37,11.12,39.0,original
9.78,30.99,35.0,original
11.88,30.36,44.0,original
10.8,11.2,44.0,original
10.12,12.67,43.0,original
5.64,14.72,71.0,original
3.72,16.09,42.0,original
6.91,31.78,80.0,original
7.17,49.67,91.0,original
7.7,47.61,82.0,original
1.39,45.34,85.0,original
6.5,30.45,79.0,original
7.28,12.43,84.0,original
6.76,54.94,0.0,original
22.35,51.81,0.0,original
15.25,10.72,0.0,original
1.79,11.97,64.0,original
4.73,12.84,75.0,original
8.04,64.08,43.0,original
11.35,33.09,65.0,original
11.02,35.7,78.0,original
2.38,145.68,55.0,original
1.52,149.18,58.0,original
5.54,137.67,62.0,original
7.59,24.31,53.0,original
3.63,35.14,64.0,original
8.26,31.99,81.0,original
9.88,15.89,60.0,original
7.12,127.19,57.0,original
9.68,10.18,39.0,original
3.89,30.01,34.0,original
10.74,29.69,30.0,original
7.99,9.94,26.0,original
11.26,30.46,31.0,original
13.24,34.15,42.0,original
9.79,16.79,47.0,original
8.41,25.18,61.0,original
19.29,49.32,76.0,original
15.6,32.14,54.0,original
15.19,15.22,55.0,original
12.54,22.42,75.0,original
15.82,15.72,52.0,original
10.65,12.36,90.0,original
26.97,30.14,79.0,original
27.83,8.29,60.0,original
14.26,11.79,82.0,original
25.89,33.35,76.0,original
9.76,16.49,81.0,original
15.57,32.58,61.0,original
17.58,8.19,64.0,original
2.62,62.12,33.0,original
2.41,137.02,48.0,original
3.57,70.43,44.0,original
3.49,150.76,33.0,original
3.05,33.74,63.0,original
8.0,34.37,20.0,original
7.2,7.7,0.0,original
3.27,11.82,0.0,original
4.63,53.99,0.0,original
18.75,52.97,0.0,original
23.22,52.89,0.0,original
4.04,53.85,0.0,original
10.83,39.2,0.0,original
8.39,37.55,0.0,original
5.66,62.68,23.0,original
8.02,143.55,23.0,original
7.07,149.81,38.0,original
9.76,32.68,24.0,original
5.29,64.55,25.0,original
11.32,66.58,72.0,original
1.65,31.2,20.0,original
8.68,68.88,78.0,original
7.35,33.15,85.0,original
6.67,49.26,98.0,original
5.98,51.0,88.0,original
8.2,11.24,99.0,original
2.78,15.44,83.0,original
1.64,16.91,86.0,original
1.98,30.94,93.0,original
8.17,11.78,97.0,original
8.05,24.34,62.0,original
9.89,14.85,53.0,original
33.48,8.25,78.0,original
19.2,4.08,47.0,original
22.4,4.31,48.0,original
12.16,24.89,54.0,original
5.08,16.66,49.0,original
13.62,9.42,62.0,original
2.77,14.75,80.0,original
2.07,33.2,81.0,original
8.87,12.78,97.0,original
7.33,15.41,87.0,original
2.66,15.88,96.0,original
10.45,12.44,55.0,original
11.09,11.59,70.0,original
6.11,8.05,68.0,original
27.16,12.2,58.0,original
8.55,16.96,52.0,original
2.67,129.23,62.0,original
9.68,33.67,49.0,original
4.81,35.89,76.0,original
8.8,22.42,79.0,original
5.32,15.37,51.0,original
9.52,24.3,72.0,original
6.5,17.21,58.0,original
11.82,63.45,55.0,original
9.49,12.91,50.0,original
2.4,31.15,57.0,original
11.8,35.38,38.0,original
13.76,32.39,34.0,original
5.43,30.56,31.0,original
10.45,12.03,71.0,original
3.62,20.36,62.0,original
5.07,14.28,35.0,original
6.01,18.09,49.0,original
5.55,11.24,36.0,original
7.42,14.53,68.0,original
6.85,19.91,36.0,original
5.68,19.0,39.0,original
21.83,11.72,81.0,original
16.7,11.86,84.0,original
22.34,15.87,77.0,original
22.32,17.21,65.0,original
23.11,32.6,62.0,original
23.6,7.7,69.0,original
22.59,15.86,78.0,original
25.57,11.5,78.0,original
9.37,9.22,60.0,original
8.67,34.06,69.0,original
8.78,44.8,56.0,original
14.96,33.65,73.0,original
13.76,15.6,42.0,original
15.49,29.68,54.0,original
11.67,47.8,56.0,original
4.68,29.67,69.0,original
5.59,12.53,98.0,original
7.88,17.01,89.0,original
6.98,32.48,80.0,original
5.3,33.49,82.0,original
7.12,12.1,94.0,original
5.77,137.14,80.0,original
8.77,24.53,73.0,original
5.85,15.7,57.0,original
7.06,23.13,57.0,original
7.14,123.61,67.0,original
3.23,16.14,61.0,original
16.48,38.31,0.0,original
19.92,35.21,0.0,original
4.72,39.79,0.0,original
5.6,35.88,84.0,original
1.61,68.71,48.0,original
6.13,66.86,38.0,original
8.83,13.21,23.0,original
1.25,68.21,47.0,original
11.31,15.68,64.0,original
8.27,14.41,45.0,original
9.04,14.3,58.0,original
4.81,12.36,30.0,original
2.21,15.21,50.0,original
5.2,33.15,70.0,original
13.11,33.1,71.0,original
5.99,34.04,41.0,original
6.72,12.84,64.0,original
1.84,33.67,41.0,original
3.77,15.62,46.0,original
6.9,12.75,32.0,original
3.46,21.93,23.0,original
3.73,12.56,53.0,original
7.47,19.74,62.0,original
4.38,12.02,42.0,original
6.89,12.31,39.0,original
2.63,5.97,40.0,original
11.45,13.01,33.0,original
9.14,66.87,27.0,original
4.17,11.58,47.0,original
4.25,19.0,51.0,original
3.46,14.68,39.0,original
2.79,17.05,62.0,original
3.71,20.66,60.0,original
6.54,144.35,40.0,original
5.28,65.81,73.0,original
7.16,137.28,69.0,original
7.72,35.96,39.0,original
5.32,31.08,33.0,original
7.1,16.17,0.0,original
4.28,3.21,0.0,original
12.85,11.87,0.0,original
2.65,12.47,0.0,original
4.2,12.6,0.0,original
14.99,16.53,0.0,original
8.25,3.11,0.0,original
6.3,12.55,38.0,original
7.08,11.5,39.0,original
3.02,12.9,50.0,original
9.99,11.82,52.0,original
5.0,8.08,18.0,original
6.17,24.79,49.0,original
4.53,22.34,54.0,original
9.46,23.4,61.0,original
5.46,32.19,79.0,original
5.11,13.28,53.0,original
6.74,11.62,62.0,original
3.97,15.64,99.0,original
4.71,16.61,93.0,original
6.65,12.81,94.0,original
3.1,12.89,98.0,original
7.11,49.23,80.0,original
1.69,16.84,91.0,original
8.23,33.4,80.0,original
7.95,14.92,25.0,original
6.94,9.21,62.0,original
2.82,25.59,59.0,original
11.58,22.71,41.0,original
9.54,25.67,44.0,original
7.04,14.51,66.0,original
4.67,17.17,40.0,original
8.61,15.59,40.0,original
8.53,11.88,43.0,original
1.91,12.9,43.0,original
8.23,12.48,63.0,original
14.54,14.83,53.0,original
4.7,30.27,47.0,original
2.72,16.59,74.0,original
13.21,16.0,40.0,original
21.99,53.07,0.0,original
19.37,50.69,0.0,original
24.94,9.47,0.0,original
23.11,10.1,0.0,original
6.57,48.57,0.0,original
11.79,9.95,31.0,original
4.52,31.99,30.0,original
11.3,15.51,63.0,original
6.7,17.0,42.0,original
7.53,16.12,57.0,original
11.44,11.36,55.0,original
14.71,11.86,35.0,original
4.41,11.46,65.0,original
7.25,17.25,31.0,original
14.09,16.87,30.0,original
8.16,34.19,35.0,original
1.97,33.07,58.0,original
5.36,16.0,70.0,original
4.23,16.2,70.0,original
9.15,17.32,0.0,original
8.37,7.37,0.0,original
3.93,12.31,0.0,original
3.82,12.21,0.0,original
12.45,15.5,0.0,original
5.15,2.9,0.0,original
6.66,12.52,0.0,original
21.69,16.47,71.0,original
5.83,49.31,63.0,original
4.89,46.79,93.0,original
7.14,46.51,96.0,original
1.8,11.85,88.0,original
7.71,17.05,83.0,original
3.49,48.88,95.0,original
2.76,12.31,86.0,original
8.81,145.82,72.0,original
3.96,154.02,81.0,original
11.64,12.45,30.0,original
5.27,143.53,49.0,original
8.38,15.71,71.0,original
3.93,20.21,39.0,original
6.41,5.96,24.0,original
3.67,12.57,53.0,original
11.41,14.26,68.0,original
8.22,11.1,45.0,original
10.88,31.71,67.0,original
8.1,13.91,65.0,original
4.48,15.01,54.0,original
11.03,16.76,60.0,original
2.5,24.49,77.0,original
9.54,141.86,81.0,original
6.52,22.6,73.0,original
4.64,34.52,78.0,original
5.26,22.97,66.0,original
7.48,25.47,80.0,original
8.38,140.08,82.0,original
8.08,16.79,60.0,original
10.61,8.07,0.0,original
7.9,8.02,0.0,original
15.36,2.93,0.0,original
15.13,2.92,0.0,original
15.46,3.03,0.0,original
11.33,13.36,0.0,original
5.71,18.6,51.0,original
6.55,12.17,36.0,original
2.97,13.34,66.0,original
4.02,14.92,59.0,original
6.03,15.85,55.0,original
8.07,32.53,69.0,original
7.36,9.38,46.0,original
4.89,34.06,61.0,original
6.49,15.08,88.0,original
28.86,30.56,69.0,original
18.46,7.62,67.0,original
24.84,32.84,84.0,original
22.71,7.89,58.0,original
25.78,8.04,77.0,original
27.16,34.3,77.0,original
13.34,32.38,89.0,original
4.99,22.12,56.0,original
8.31,16.0,71.0,original
3.83,16.4,51.0,original
3.49,15.72,63.0,original
12.03,25.89,52.0,original
11.44,14.78,64.0,original
12.6,33.7,43.0,original
8.23,30.08,63.0,original
9.39,34.41,50.0,original
4.74,34.27,54.0,original
12.33,22.57,43.0,original
5.91,15.47,39.0,original
8.32,16.36,43.0,original
2.26,14.07,53.0,original
12.02,14.3,31.0,original
6.36,11.64,59.0,original
13.28,30.34,72.0,original
18.89,7.69,75.0,original
11.19,7.46,78.0,original
28.41,31.25,68.0,original
20.27,12.36,83.0,original
12.66,11.1,62.0,original
12.11,25.26,32.0,original
6.31,24.96,66.0,original
6.44,15.93,43.0,original
7.41,25.57,60.0,original
5.7,16.35,48.0,original
11.54,17.19,34.0,original
13.94,22.82,42.0,original
18.06,33.31,57.0,original
8.71,48.79,49.0,original
19.07,24.86,73.0,original
8.01,15.93,69.0,original
7.59,16.19,60.0,original
21.17,16.79,61.0,original
11.86,15.98,64.0,original
10.74,23.82,45.0,original
13.48,9.32,56.0,original
6.31,15.46,38.0,original
3.2,22.08,65.0,original
8.57,25.0,68.0,original
4.6,16.66,31.0,original
7.86,16.42,47.0,original
13.58,9.57,67.0,original
6.97,12.11,57.0,original
9.12,12.6,43.0,original
4.07,14.78,54.0,original
4.36,13.96,48.0,original
2.35,14.33,36.0,original
13.16,15.53,42.0,original
9.78,33.0,67.0,original
4.5,11.09,82.0,original
7.18,16.88,83.0,original
2.02,44.94,83.0,original
6.52,13.35,65.0,original
2.26,17.91,60.0,original
7.21,13.3,47.0,original
8.21,24.75,35.0,original
6.32,23.91,50.0,original
3.53,9.4,32.0,original
3.59,17.2,47.0,original
13.45,30.1,28.0,original
7.89,9.33,47.0,original
6.16,15.91,26.0,original
10.6,50.79,64.0,original
13.02,29.47,42.0,original
9.05,25.02,42.0,original
16.72,25.01,73.0,original
18.75,35.78,0.0,original
6.51,52.07,0.0,original
17.82,68.41,0.0,original
14.25,49.81,0.0,original
13.14,39.1,0.0,original
8.05,52.67,0.0,original
7.25,29.99,88.0,original
7.65,48.8,89.0,original
2.69,17.06,92.0,original
7.54,50.94,81.0,original
8.67,47.12,78.0,original
6.1,47.12,88.0,original
4.5,12.65,82.0,original
1.62,12.31,45.0,original
6.71,13.97,40.0,original
6.98,34.75,57.0,original
4.22,15.73,76.0,original
4.45,22.34,65.0,original
8.34,23.58,67.0,original
2.91,16.79,72.0,original
6.93,19.43,52.0,original
3.8,18.52,44.0,original
3.19,14.54,45.0,original
3.59,13.85,47.0,original
4.12,12.14,40.0,original
7.38,21.23,54.0,original
6.45,12.94,56.0,original
2.62,18.59,62.0,original
13.13,29.59,27.0,original
4.48,30.75,58.0,original
3.52,10.36,41.0,original
10.28,32.25,26.0,original
6.71,24.58,65.0,original
5.34,16.03,22.0,original
2.58,9.36,38.0,original
2.59,23.65,28.0,original
17.85,33.53,90.0,original
24.68,8.31,66.0,original
22.93,15.12,73.0,original
11.21,10.03,0.0,original
20.65,10.15,0.0,original
5.19,15.57,69.0,original
6.22,16.26,60.0,original
2.8,16.08,40.0,original
11.36,31.48,59.0,original
13.53,15.73,56.0,original
12.17,29.63,65.0,original
12.81,15.0,70.0,original
11.81,12.82,71.0,original
7.78,49.94,78.0,original
2.1,11.96,92.0,original
2.41,19.85,64.0,original
3.76,18.53,55.0,original
4.11,12.93,42.0,original
7.02,19.9,52.0,original
6.44,18.02,60.0,original
5.34,21.25,34.0,original
3.66,14.59,54.0,original
2.45,16.63,60.0,original
8.59,124.55,75.0,original
8.13,33.95,71.0,original
6.81,24.52,61.0,original
6.1,135.64,66.0,original
3.29,143.12,68.0,original
8.94,14.91,48.0,original
7.36,33.48,48.0,original
8.53,32.55,77.0,original
4.43,16.77,40.0,original
3.92,20.71,49.0,original
2.75,18.82,68.0,original
8.28,64.19,75.0,original
1.62,150.72,62.0,original
8.84,134.8,51.0,original
4.6,8.39,0.0,original
10.66,8.58,0.0,original
12.0,13.46,0.0,original
14.21,15.44,0.0,original
2.97,3.12,0.0,original
10.32,67.2,0.0,original
8.55,9.26,0.0,original
22.56,48.27,0.0,original
5.87,55.66,0.0,original
5.8,76.36,0.0,original
20.63,9.34,0.0,original
16.25,10.58,0.0,original
11.92,40.49,0.0,original
22.06,50.1,42.0,original
16.4,23.85,53.0,original
13.07,31.67,61.0,original
19.32,22.38,58.0,original
5.02,11.94,34.0,original
6.61,14.11,34.0,original
5.95,18.62,41.0,original
6.24,14.76,35.0,original
3.54,18.45,47.0,original
6.31,11.65,39.0,original
5.59,13.04,51.0,original
7.48,11.62,44.0,original
2.5,11.24,42.0,original
5.27,11.63,65.0,original
4.96,17.77,42.0,original
4.65,13.83,43.0,original
5.91,19.38,42.0,original
2.73,12.99,62.0,original
4.22,47.96,79.0,original
6.02,32.52,90.0,original
8.83,47.86,91.0,original
2.05,29.69,79.0,original
4.21,48.08,99.0,original
10.09,11.75,0.0,original
10.19,7.54,0.0,original
11.08,3.06,0.0,original
11.01,12.38,0.0,original
2.45,17.75,0.0,original
7.43,12.16,0.0,original
6.23,30.56,44.0,original
10.65,12.09,65.0,original
7.03,34.29,43.0,original
2.05,16.7,60.0,original
4.64,30.66,93.0,original
3.26,12.08,83.0,original
2.49,33.81,83.0,original
8.48,11.82,89.0,original
2.78,12.78,86.0,original
6.58,24.56,60.0,original
6.43,25.8,71.0,original
8.39,23.95,82.0,original
7.08,9.26,40.0,original
10.58,24.01,58.0,original
7.25,25.23,48.0,original
4.88,32.27,52.0,original
7.92,24.93,37.0,original
6.76,13.18,62.0,original
2.55,13.48,58.0,original
3.99,11.41,53.0,original
5.11,18.57,50.0,original
6.53,12.4,45.0,original
7.01,19.58,58.0,original
5.49,11.16,34.0,original
7.91,25.63,60.0,original
6.17,16.56,29.0,original
14.67,14.85,74.0,original
14.51,12.23,31.0,original
5.43,29.76,68.0,original
4.76,76.13,0.0,original
24.55,47.85,0.0,original
24.58,55.69,0.0,original
23.71,37.62,0.0,original
10.48,9.86,0.0,original
5.32,15.82,50.0,original
1.85,15.04,48.0,original
7.07,15.26,43.0,original
11.04,15.28,49.0,original
6.78,11.84,34.0,original
6.58,30.49,52.0,original
2.66,11.09,64.0,original
11.96,32.99,51.0,original
7.16,12.73,66.0,original
6.77,20.96,57.0,original
4.91,12.45,43.0,original
3.95,18.88,54.0,original
12.55,17.1,65.0,original
5.17,14.92,35.0,original
4.04,17.24,47.0,original
13.84,10.72,53.0,original
11.34,32.36,64.0,original
8.6,33.29,25.0,original
9.81,22.21,43.0,original
2.63,18.51,47.0,original
2.25,17.59,56.0,original
9.48,20.0,39.0,original
3.86,6.24,49.0,original
7.61,21.57,42.0,original
4.55,8.37,41.0,original
5.89,8.37,40.0,original
2.29,5.7,20.0,original
11.23,16.17,54.0,original
8.52,14.91,35.0,original
2.91,30.91,65.0,original
6.2,16.26,46.0,original
6.83,12.64,34.0,original
6.65,21.33,34.0,original
5.82,17.98,50.0,original
6.96,11.61,52.0,original
5.61,17.21,46.0,original
7.31,16.88,51.0,original
2.75,14.06,40.0,original
3.35,18.85,39.0,original
3.22,12.93,58.0,original
6.18,13.74,39.0,original
7.15,12.66,48.0,original
5.71,20.66,45.0,original
6.86,16.87,44.0,original
4.84,18.63,41.0,original
6.04,5.59,21.0,original
7.07,5.84,21.0,original
6.84,6.15,36.0,original
3.78,12.68,38.0,original
3.69,6.36,53.0,original
3.35,20.87,42.0,original
5.13,32.76,65.0,original
12.64,30.31,33.0,original
1.59,29.89,49.0,original
5.22,25.79,65.0,original
10.55,23.81,32.0,original
5.81,9.6,49.0,original
11.83,23.55,53.0,original
12.47,16.42,67.0,original
14.96,34.03,76.0,original
21.78,50.93,68.0,original
2.61,12.39,91.0,original
3.04,50.23,83.0,original
3.6,11.77,84.0,original
4.53,33.27,98.0,original
4.44,47.79,82.0,original
1.67,32.16,88.0,original
6.82,51.64,78.0,original
18.5,51.69,0.0,original
21.79,50.84,0.0,original
21.72,9.7,0.0,original
10.21,49.95,0.0,original
20.22,71.53,0.0,original
4.22,7.83,52.0,original
5.89,7.68,29.0,original
2.11,5.74,21.0,original
2.1,8.28,56.0,original
7.96,152.28,32.0,original
2.71,67.14,51.0,original
2.39,31.23,38.0,original
9.29,11.61,30.0,original
4.37,71.43,65.0,original
9.16,12.12,42.0,original
10.05,35.19,51.0,original
1.42,151.5,44.0,original
10.12,145.4,28.0,original
11.25,71.58,58.0,original
2.3,149.56,39.0,original
6.42,70.72,0.0,original
11.21,37.51,0.0,original
17.81,75.83,0.0,original
20.41,53.06,0.0,original
14.8,9.62,0.0,original
6.97,52.54,0.0,original
11.86,9.36,0.0,original
16.89,50.02,0.0,original
7.61,137.14,68.0,original
3.59,130.03,53.0,original
8.7,143.61,81.0,original
13.26,14.75,45.0,original
11.39,16.54,58.0,original
6.61,14.41,30.0,original
7.18,11.53,46.0,original
8.58,14.79,41.0,original
12.06,15.58,57.0,original
11.63,31.6,44.0,original
7.94,31.56,55.0,original
5.92,130.82,58.0,original
4.81,16.19,52.0,original
3.4,35.08,77.0,original
6.09,34.2,56.0,original
5.35,14.95,72.0,original
9.68,14.99,48.0,original
3.51,15.96,74.0,original
7.39,24.92,64.0,original
8.61,131.09,64.0,original
2.68,25.38,51.0,original
8.6,133.68,58.0,original
3.19,23.6,64.0,original
2.75,23.53,70.0,original
5.96,14.72,72.0,original
8.56,31.2,56.0,original
4.46,25.74,61.0,original
9.24,15.97,64.0,original
3.58,35.43,21.0,original
6.18,13.45,56.0,original
5.77,65.06,76.0,original
10.25,12.17,62.0,original
2.46,12.84,78.0,original
5.82,24.99,71.0,original
3.51,24.89,54.0,original
6.99,14.96,67.0,original
8.09,31.91,72.0,original
9.45,31.83,60.0,original
5.38,16.19,51.0,original
6.41,134.87,62.0,original
13.39,8.61,0.0,original
12.29,2.92,0.0,original
4.01,11.9,0.0,original
9.69,3.15,0.0,original
7.48,15.73,0.0,original
7.13,11.72,0.0,original
13.84,7.68,0.0,original
3.26,21.55,53.0,original
2.95,12.33,39.0,original
9.98,7.7,50.0,original
5.47,7.64,35.0,original
4.1,11.5,28.0,original
7.77,22.57,51.0,original
6.98,6.35,51.0,original
5.84,12.41,29.0,original
3.05,133.29,81.0,original
8.62,132.18,55.0,original
4.84,137.67,60.0,original
5.17,123.63,81.0,original
9.28,25.4,55.0,original
5.3,35.74,72.0,original
3.17,24.66,59.0,original
7.52,8.34,0.0,original
14.85,7.73,0.0,original
9.58,20.31,27.0,original
4.91,8.55,52.0,original
2.95,50.6,80.0,original
6.23,45.52,82.0,original
5.23,29.88,98.0,original
6.56,31.74,99.0,original
5.99,44.61,80.0,original
7.04,14.47,61.0,original
4.99,19.14,39.0,original
2.95,7.73,54.0,original
6.4,11.49,56.0,original
3.37,20.61,51.0,original
2.66,12.71,43.0,original
4.55,11.43,39.0,original
9.04,12.99,37.0,original
11.65,31.11,31.0,original
9.7,15.53,62.0,original
3.21,33.17,73.0,original
5.05,32.26,61.0,original
4.36,23.74,52.0,original
9.33,32.71,50.0,original
2.57,24.25,72.0,original
4.49,15.63,79.0,original
4.43,17.31,0.0,original
6.58,8.36,0.0,original
9.9,8.48,0.0,original
3.36,2.99,0.0,original
15.68,2.97,0.0,original
2.7,17.33,0.0,original
15.44,8.57,0.0,original
7.61,11.28,98.0,original
6.46,15.46,99.0,original
8.08,49.96,91.0,original
2.9,11.13,96.0,original
2.05,17.03,89.0,original
1.45,11.66,84.0,original
2.86,15.59,88.0,original
9.87,136.87,51.0,original
3.45,33.69,55.0,original
2.63,22.33,65.0,original
3.63,20.28,52.0,original
4.49,13.71,49.0,original
5.62,15.09,43.0,original
6.57,20.05,59.0,original
5.12,12.52,48.0,original
4.8,12.74,64.0,original
7.44,19.22,39.0,original
3.85,14.03,48.0,original
3.39,21.55,56.0,original
6.38,18.57,51.0,original
4.91,135.87,57.0,original
9.09,125.03,71.0,original
6.18,34.11,80.0,original
8.73,30.76,77.0,original
8.91,35.82,65.0,original
3.21,16.43,62.0,original
6.57,24.05,74.0,original
11.3,11.48,58.0,original
1.8,15.81,67.0,original
1.33,15.18,85.0,original
1.81,15.97,86.0,original
4.16,12.64,92.0,original
2.42,11.58,91.0,original
8.92,14.93,98.0,original
7.88,11.58,98.0,original
3.92,30.77,99.0,original
3.33,45.58,79.0,original
6.16,14.53,46.0,original
2.56,18.99,56.0,original
5.8,11.57,61.0,original
6.2,139.89,40.0,original
7.08,33.97,66.0,original
8.92,65.47,78.0,original
6.25,33.15,33.0,original
5.44,12.16,75.0,original
9.62,7.77,21.0,original
4.24,8.26,26.0,original
19.54,7.59,61.0,original
8.15,31.16,74.0,original
15.96,15.06,71.0,original
13.36,16.74,74.0,original
12.11,22.51,64.0,original
22.37,14.82,63.0,original
21.17,29.66,67.0,original
11.71,16.24,76.0,original
16.66,24.68,54.0,original
11.6,31.01,71.0,original
12.27,15.12,75.0,original
7.53,24.45,58.0,original
6.24,23.7,74.0,original
4.51,134.18,48.0,original
3.62,25.02,78.0,original
9.08,24.42,63.0,original
5.47,16.02,59.0,original
7.45,34.1,73.0,original
16.34,47.92,56.0,original
9.35,51.14,64.0,original
10.07,22.21,44.0,original
10.65,22.69,76.0,original
5.38,21.08,49.0,original
3.37,14.45,43.0,original
6.56,19.8,46.0,original
3.8,12.82,57.0,original
7.07,13.42,37.0,original
5.75,16.57,54.0,original
7.45,13.43,48.0,original
7.4,13.62,35.0,original
21.23,55.1,0.0,original
5.71,52.48,0.0,original
13.2,9.91,0.0,original
10.59,16.41,26.0,original
9.97,32.98,36.0,original
4.12,15.91,53.0,original
10.46,10.67,28.0,original
9.06,22.55,52.0,original
2.81,15.84,43.0,original
11.22,32.27,42.0,original
13.85,25.61,65.0,original
12.02,24.23,62.0,original
7.75,24.27,61.0,original
7.44,12.9,89.0,original
6.33,15.12,95.0,original
5.3,11.69,98.0,original
14.99,67.68,0.0,original
20.43,35.73,0.0,original
23.33,75.88,0.0,original
9.35,75.56,0.0,original
16.26,37.42,0.0,original
10.27,50.4,0.0,original
12.06,9.36,58.0,original
11.49,9.79,34.0,original
25.04,31.02,78.0,original
16.74,4.2,51.0,original
32.85,26.97,61.0,original
8.61,4.1,71.0,original
32.28,30.34,57.0,original
29.21,8.02,57.0,original
21.98,7.4,51.0,original
21.67,26.96,75.0,original
10.11,146.73,83.0,original
10.55,34.49,57.0,original
8.28,12.57,57.0,original
9.77,34.06,41.0,original
6.29,12.29,81.0,original
13.39,15.41,60.0,original
7.4,15.23,56.0,original
7.72,17.24,61.0,original
11.55,14.29,54.0,original
2.86,18.63,56.0,original
6.29,21.47,45.0,original
2.74,13.7,51.0,original
4.69,11.27,38.0,original
5.35,18.72,41.0,original
4.47,13.58,50.0,original
3.81,14.63,46.0,original
4.94,12.41,90.0,original
5.76,11.25,81.0,original
7.88,33.23,87.0,original
2.04,44.64,84.0,original
7.57,128.22,82.0,original
8.47,32.0,80.0,original
6.89,32.74,74.0,original
9.73,14.88,70.0,original
6.7,64.62,86.0,original
10.03,152.89,27.0,original
6.62,140.92,48.0,original
6.25,32.74,31.0,original
7.61,34.37,44.0,original
7.68,11.76,0.0,original
6.65,3.06,0.0,original
10.68,3.19,0.0,original
14.46,2.85,0.0,original
14.63,13.27,0.0,original
10.39,8.14,0.0,original
8.31,17.46,0.0,original
21.12,31.55,79.0,original
13.4,33.98,72.0,original
20.59,8.35,57.0,original
21.16,12.29,69.0,original
12.48,7.81,68.0,original
17.18,8.03,62.0,original
7.56,33.02,92.0,original
7.91,12.77,87.0,original
4.8,11.91,91.0,original
10.49,3.24,0.0,original
2.47,11.7,0.0,original
8.48,11.63,0.0,original
3.99,13.14,41.0,original
3.9,13.2,48.0,original
3.24,19.11,56.0,original
5.13,20.97,61.0,original
4.19,11.37,41.0,original
7.33,12.29,48.0,original
3.97,20.35,48.0,original
3.02,18.52,63.0,original
4.98,13.25,68.0,original
3.26,12.32,36.0,original
2.78,19.04,65.0,original
7.05,19.44,62.0,original
14.19,16.19,82.0,original
21.98,8.19,59.0,original
11.61,14.73,86.0,original
6.56,30.88,60.0,original
9.85,31.46,25.0,original
4.46,12.68,67.0,original
2.56,11.78,67.0,original
8.77,11.99,37.0,original
5.79,35.72,27.0,original
8.77,64.49,44.0,original
5.18,32.12,82.0,original
12.6,8.57,0.0,original
13.85,8.26,0.0,original
3.37,8.38,0.0,original
11.24,8.44,0.0,original
9.83,7.91,0.0,original
14.01,17.74,0.0,original
8.86,16.7,0.0,original
6.57,12.05,43.0,original
4.36,18.86,36.0,original
5.13,20.07,35.0,original
7.54,16.19,55.0,original
6.69,31.54,51.0,original
6.35,15.36,60.0,original
4.93,23.71,63.0,original
8.33,12.2,67.0,original
4.68,15.06,55.0,original
5.19,14.01,36.0,original
3.61,32.01,55.0,original
10.31,15.18,72.0,original
4.59,31.26,80.0,original
7.66,49.4,78.0,original
6.84,14.97,96.0,original
1.71,12.1,89.0,original
2.56,45.71,80.0,original
3.1,11.53,84.0,original
6.59,14.87,90.0,original
4.81,44.52,81.0,original
5.99,13.1,56.0,original
6.14,18.12,52.0,original
3.94,19.65,64.0,original
5.5,18.67,44.0,original
9.66,20.0,57.0,original
6.32,21.48,30.0,original
3.64,11.05,38.0,original
5.55,7.43,60.0,original
5.97,8.24,20.0,original
9.91,20.6,55.0,original
4.85,8.42,36.0,original
3.68,11.91,50.0,original
10.56,67.05,53.0,original
6.08,70.54,37.0,original
1.53,67.57,22.0,original
22.82,8.34,68.0,original
11.28,12.29,86.0,original
26.98,11.99,77.0,original
20.64,31.41,43.0,original
20.09,32.64,76.0,original
16.01,31.53,64.0,original
22.08,9.9,0.0,original
15.9,54.7,0.0,original
6.69,33.39,96.0,original
5.84,16.09,81.0,original
8.09,34.41,81.0,original
8.55,48.68,94.0,original
4.13,11.25,89.0,original
3.8,14.23,39.0,original
13.54,11.52,61.0,original
7.77,14.85,53.0,original
12.48,33.02,42.0,original
3.08,30.53,70.0,original
1.66,16.47,65.0,original
10.71,30.09,63.0,original
5.81,9.47,42.0,original
11.38,16.47,54.0,original
12.28,23.86,27.0,original
6.55,10.79,57.0,original
12.39,34.4,56.0,original
4.82,24.94,41.0,original
4.1,33.74,68.0,original
4.71,31.25,94.0,original
7.45,30.33,89.0,original
7.9,12.23,80.0,original
3.14,33.36,89.0,original
7.52,35.04,70.0,original
7.69,23.66,79.0,original
7.34,23.74,60.0,original
4.31,15.47,65.0,original
9.98,15.48,71.0,original
8.47,30.65,94.0,original
7.98,15.93,84.0,original
6.17,17.04,91.0,original
16.29,12.41,64.0,original
9.51,8.2,79.0,original
19.66,16.23,64.0,original
25.34,7.7,72.0,original
2.49,24.73,25.0,original
12.28,10.02,40.0,original
11.34,16.04,27.0,original
3.81,9.63,31.0,original
8.67,33.27,55.0,original
4.95,22.21,48.0,original
7.5,16.69,45.0,original
10.82,9.95,64.0,original
9.65,22.85,59.0,original
9.72,22.08,28.0,original
8.54,139.12,65.0,original
10.63,132.52,43.0,original
8.28,13.31,42.0,original
6.52,66.76,47.0,original
5.57,12.15,65.0,original
11.2,7.89,0.0,original
5.78,8.07,0.0,original
12.4,7.38,0.0,original
12.03,3.1,0.0,original
12.3,22.47,59.0,original
14.95,22.1,70.0,original
22.65,15.51,70.0,original
13.69,14.99,75.0,original
11.96,25.47,27.0,original
3.5,9.63,67.0,original
9.56,29.61,47.0,original
4.49,32.22,52.0,original
7.72,9.97,22.0,original
4.88,25.18,37.0,original
4.75,10.06,47.0,original
2.77,31.26,31.0,original
4.1,7.43,0.0,original
4.18,8.21,0.0,original
14.08,16.61,0.0,original
9.25,11.77,0.0,original
7.68,12.86,0.0,original
9.15,16.81,36.0,original
8.23,29.67,71.0,original
1.78,15.32,59.0,original
4.42,12.74,39.0,original
7.52,15.12,41.0,original
2.81,12.72,49.0,original
11.76,34.07,74.0,original
5.83,33.36,48.0,original
20.28,23.61,46.0,original
15.54,24.18,48.0,original
13.86,17.21,47.0,original
9.09,32.35,72.0,original
5.51,65.65,36.0,original
2.54,64.0,43.0,original
11.64,31.04,57.0,original
24.59,16.78,69.0,original
11.88,31.6,81.0,original
16.2,33.43,85.0,original
8.74,11.53,70.0,original
10.59,11.52,74.0,original
7.24,21.51,49.0,original
2.95,18.87,53.0,original
4.34,21.17,57.0,original
2.39,18.52,51.0,original
3.38,19.55,35.0,original
2.81,19.35,40.0,original
2.72,14.9,45.0,original
4.23,12.95,68.0,original
5.55,13.99,54.0,original
2.33,20.52,36.0,original
12.28,22.74,59.0,original
15.51,44.55,52.0,original
12.94,44.96,46.0,original
3.78,32.16,97.0,original
2.34,16.9,88.0,original
2.13,50.49,84.0,original
4.56,16.74,61.0,original
5.98,20.18,41.0,original
3.39,19.28,48.0,original
7.82,11.77,83.0,original
5.86,12.36,82.0,original
12.68,16.71,35.0,original
10.97,25.83,28.0,original
6.07,23.07,42.0,original
12.37,29.71,52.0,original
6.09,16.43,0.0,original
11.25,12.56,0.0,original
10.36,8.63,0.0,original
9.63,16.37,0.0,original
9.48,3.2,0.0,original
11.8,17.21,0.0,original
7.88,32.13,54.0,original
7.56,30.43,53.0,original
4.35,15.37,32.0,original
2.01,14.64,53.0,original
9.7,32.03,51.0,original
12.79,12.64,31.0,original
7.02,25.37,75.0,original
2.6,16.56,67.0,original
3.05,16.94,57.0,original
6.43,15.29,81.0,original
5.94,32.75,56.0,original
4.15,16.28,60.0,original
5.88,23.56,62.0,original
4.83,25.62,82.0,original
13.19,32.43,90.0,original
15.19,12.69,75.0,original
22.13,12.34,55.0,original
9.11,16.23,59.0,original
13.57,15.83,71.0,original
25.23,11.8,82.0,original
17.25,12.57,68.0,original
7.26,17.83,41.0,original
5.87,11.59,64.0,original
7.22,11.51,46.0,original
4.79,13.61,38.0,original
3.61,11.48,53.0,original
3.55,21.58,39.0,original
3.18,12.07,60.0,original
7.32,18.51,43.0,original
19.3,72.68,0.0,original
12.56,72.44,0.0,original
7.01,10.44,0.0,original
5.99,10.08,0.0,original
12.21,10.61,0.0,original
9.22,50.34,0.0,original
6.51,12.98,40.0,original
6.92,17.11,55.0,original
5.04,20.84,36.0,original
6.37,11.89,41.0,original
2.06,15.26,69.0,original
14.84,14.41,30.0,original
14.86,11.74,57.0,original
6.94,33.48,49.0,original
6.17,11.49,66.0,original
14.95,15.87,57.0,original
8.9,11.52,36.0,original
9.64,15.66,53.0,original
2.5,32.7,47.0,original
2.41,15.82,53.0,original
6.68,33.64,37.0,original
4.56,33.17,60.0,original
12.78,14.35,59.0,original
5.42,11.78,31.0,original
2.79,33.64,50.0,original
8.54,11.5,48.0,original
9.88,12.26,37.0,original
5.79,30.44,69.0,original
4.74,11.05,68.0,original
4.14,12.69,52.0,original
14.83,31.74,71.0,original
5.75,16.06,60.0,original
9.89,15.95,35.0,original
2.4,11.54,32.0,original
8.46,12.11,68.0,original
10.94,15.9,36.0,original
7.38,32.79,56.0,original
7.51,14.87,70.0,original
14.06,12.12,63.0,original
4.42,17.07,43.0,original
12.77,15.1,63.0,original
10.35,17.08,57.0,original
5.4,24.93,23.0,original
12.82,15.63,29.0,original
6.53,32.19,28.0,original
12.02,30.46,42.0,original
2.97,23.33,56.0,original
3.35,23.78,75.0,original
5.53,132.67,69.0,original
7.45,123.84,67.0,original
7.28,15.57,79.0,original
4.47,134.26,70.0,original
3.72,17.0,59.0,original
7.62,35.98,64.0,original
11.01,16.37,61.0,original
14.73,15.2,44.0,original
3.2,12.06,63.0,original
12.43,34.42,65.0,original
8.38,16.98,30.0,original
6.03,33.67,30.0,original
13.4,11.56,72.0,original
12.49,13.98,58.0,original
7.74,29.5,62.0,original
10.57,16.48,50.0,original
11.53,12.44,54.0,original
7.95,34.17,64.0,original
9.0,31.6,36.0,original
10.3,31.74,23.0,original
13.43,23.08,55.0,original
10.72,25.88,35.0,original
12.44,30.22,56.0,original
8.89,32.12,41.0,original
5.52,63.22,66.0,original
5.09,71.27,45.0,original
1.73,35.15,56.0,original
9.19,30.97,45.0,original
11.82,62.87,74.0,original
9.84,11.74,39.0,original
8.81,143.57,35.0,original
4.27,12.78,41.0,original
7.58,13.16,80.0,original
6.08,13.36,32.0,original
7.11,3.13,0.0,original
6.86,2.97,0.0,original
6.01,10.47,65.0,original
9.03,32.02,32.0,original
10.85,32.95,40.0,original
7.24,31.64,47.0,original
4.06,10.18,55.0,original
7.78,19.7,23.0,original
4.67,8.46,38.0,original
2.56,7.82,33.0,original
7.69,20.6,59.0,original
7.68,6.08,55.0,original
6.39,6.26,37.0,original
4.45,7.93,33.0,original
5.75,12.44,32.0,original
5.75,38.53,0.0,original
21.59,40.54,0.0,original
15.12,70.77,0.0,original
23.68,76.35,0.0,original
2.76,151.49,23.0,original
10.66,66.82,71.0,original
3.39,13.12,64.0,original
5.42,31.39,33.0,original
9.61,35.69,54.0,original
5.53,11.69,99.0,original
7.82,11.78,80.0,original
1.67,17.1,94.0,original
5.31,29.68,92.0,original
5.21,24.78,79.0,original
5.73,25.7,51.0,original
5.98,11.47,95.0,original
7.51,15.03,78.0,original
2.33,12.26,83.0,original
8.48,30.85,84.0,original
7.08,32.68,90.0,original
3.55,11.07,84.0,original
1.87,29.69,90.0,original
1.44,14.76,99.0,original
7.26,144.05,65.0,original
1.47,34.24,82.0,original
10.51,31.21,23.0,original
6.89,33.68,55.0,original
1.6,34.99,46.0,original
7.04,151.78,26.0,original
11.3,31.3,73.0,original
1.52,30.91,77.0,original
1.37,31.22,78.0,original
4.8,16.91,86.0,original
2.63,16.03,60.0,original
6.15,22.87,51.0,original
13.03,15.01,40.0,original
8.86,25.31,25.0,original
3.04,25.77,29.0,original
13.62,25.5,54.0,original
18.45,45.07,60.0,original
12.94,15.4,71.0,original
12.48,33.97,62.0,original
8.47,25.65,70.0,original
15.95,23.02,47.0,original
10.84,31.33,46.0,original
7.67,29.98,59.0,original
10.3,2.99,0.0,original
6.88,3.02,0.0,original
11.82,16.54,0.0,original
5.05,16.07,86.0,original
1.94,48.55,91.0,original
3.53,15.04,97.0,original
2.53,15.25,94.0,original
4.37,12.8,88.0,original
2.63,17.2,98.0,original
5.08,44.51,91.0,original
4.21,17.29,65.0,original
2.29,13.3,62.0,original
7.0,12.82,64.0,original
7.09,19.34,62.0,original
4.75,19.09,39.0,original
4.9,12.57,38.0,original
5.08,14.66,44.0,original
8.18,32.33,69.0,original
6.57,12.21,69.0,original
6.3,17.09,39.0,original
5.55,12.5,52.0,original
4.68,16.01,56.0,original
2.21,33.24,89.0,original
3.15,49.94,87.0,original
1.87,31.81,99.0,original
6.93,48.2,88.0,original
3.77,5.72,45.0,original
9.0,21.53,39.0,original
7.32,7.47,48.0,original
5.54,8.51,37.0,original
6.71,20.55,37.0,original
7.57,8.03,34.0,original
8.42,20.36,62.0,original
7.41,20.75,43.0,original
3.41,18.72,46.0,original
3.1,12.35,61.0,original
6.69,18.29,54.0,original
6.88,16.97,41.0,original
8.4,22.18,44.0,original
8.35,20.83,57.0,original
9.88,30.19,37.0,original
14.91,30.21,38.0,original
3.95,34.49,42.0,original
7.89,15.29,61.0,original
10.34,11.58,57.0,original
6.84,33.28,70.0,original
17.06,40.12,0.0,original
20.4,9.88,0.0,original
5.64,17.26,54.0,original
2.43,21.21,36.0,original
2.92,17.7,55.0,original
3.92,11.27,55.0,original
3.46,11.87,66.0,original
5.77,11.91,64.0,original
3.5,21.27,66.0,original
5.29,14.91,72.0,original
7.42,32.64,56.0,original
3.39,31.66,64.0,original
8.83,24.29,75.0,original
9.72,16.23,76.0,original
4.77,30.97,76.0,original
34.24,29.78,37.0,original
20.1,33.93,49.0,original
28.54,34.35,77.0,original
29.3,4.01,55.0,original
27.65,3.77,49.0,original
1.75,26.8,66.0,original
31.07,27.44,87.0,original
34.15,24.06,61.0,original
9.24,16.59,79.0,original
2.91,35.82,79.0,original
8.26,33.58,65.0,original
6.89,15.52,80.0,original
3.38,16.79,51.0,original
4.82,33.49,81.0,original
10.88,9.77,0.0,original
20.96,40.7,0.0,original
22.72,39.72,0.0,original
13.05,73.75,0.0,original
6.4,54.71,0.0,original
1.45,12.57,91.0,original
6.36,49.59,87.0,original
5.96,33.78,88.0,original
3.21,31.25,98.0,original
15.81,39.81,0.0,original
7.79,10.23,0.0,original
3.4,39.68,0.0,original
7.48,14.86,87.0,original
2.18,11.18,97.0,original
12.63,15.57,68.0,original
11.91,32.9,56.0,original
12.5,12.31,36.0,original
11.36,34.56,60.0,original
10.83,34.6,29.0,original
7.36,144.9,40.0,original
8.25,64.58,56.0,original
4.59,70.47,75.0,original
5.14,25.16,56.0,original
7.6,9.22,56.0,original
2.81,22.51,30.0,original
12.86,33.87,32.0,original
3.62,14.97,36.0,original
10.27,15.48,58.0,original
1.95,16.65,42.0,original
6.51,14.69,55.0,original
11.93,33.78,64.0,original
8.6,12.42,38.0,original
6.22,16.13,0.0,original
5.0,12.28,0.0,original
7.06,8.27,0.0,original
2.52,12.8,0.0,original
13.6,17.92,0.0,original
10.06,7.48,0.0,original
3.16,16.23,0.0,original
5.72,47.18,42.0,original
5.6,25.4,48.0,original
10.53,14.87,76.0,original
16.45,49.36,67.0,original
12.38,33.07,49.0,original
18.3,31.32,51.0,original
8.29,11.09,60.0,original
5.85,21.9,58.0,original
3.78,21.22,48.0,original
5.64,11.06,54.0,original
3.98,22.49,47.0,original
8.25,11.41,34.0,original
3.35,7.43,20.0,original
3.49,69.07,0.0,original
4.14,69.93,0.0,original
23.65,50.74,0.0,original
15.62,70.68,0.0,original
9.77,10.08,0.0,original
1.74,16.14,37.0,original
1.72,12.66,33.0,original
3.4,14.81,66.0,original
7.22,15.42,51.0,original
3.52,31.37,57.0,original
6.19,16.52,72.0,original
7.71,15.42,70.0,original
5.24,35.41,62.0,original
3.4,24.45,61.0,original
4.77,12.56,41.0,original
8.18,11.99,54.0,original
6.61,12.68,26.0,original
8.09,21.39,50.0,original
6.61,20.89,37.0,original
2.76,11.21,57.0,original
5.28,17.55,51.0,original
4.24,14.44,65.0,original
2.62,19.79,59.0,original
6.07,12.79,60.0,original
6.06,13.25,67.0,original
6.12,14.61,64.0,original
5.85,19.91,44.0,original
3.54,20.96,65.0,original
6.11,32.79,85.0,original
8.93,45.44,80.0,original
4.78,50.85,82.0,original
6.66,29.54,95.0,original
2.79,12.4,83.0,original
8.56,16.26,98.0,original
3.46,31.84,30.0,original
10.96,12.0,41.0,original
1.61,33.35,67.0,original
2.53,32.45,71.0,original
9.2,31.23,66.0,original
3.76,14.28,58.0,original
8.32,12.25,74.0,original
6.09,11.33,55.0,original
4.13,31.95,95.0,original
2.62,15.49,93.0,original
2.95,11.83,94.0,original
6.5,34.53,79.0,original
4.91,15.44,91.0,original
1.68,31.59,88.0,original
6.78,16.84,82.0,original
12.42,34.25,52.0,original
9.7,32.81,74.0,original
14.92,49.43,62.0,original
9.61,33.79,65.0,original
10.07,24.47,49.0,original
5.74,44.74,74.0,original
13.77,31.72,59.0,original
2.08,17.2,95.0,original
8.87,44.74,85.0,original
2.37,14.79,81.0,original
2.58,25.01,65.0,original
3.51,134.76,81.0,original
8.81,143.54,40.0,original
6.73,13.31,61.0,original
8.86,152.93,20.0,original
8.17,31.73,66.0,original
6.34,149.63,39.0,original
4.3,13.28,59.0,original
10.55,132.87,37.0,original
1.98,71.98,41.0,original
13.89,7.43,0.0,original
8.07,7.76,0.0,original
12.34,3.02,0.0,original
8.0,7.59,0.0,original
2.89,12.55,0.0,original
3.38,8.25,0.0,original
3.74,25.16,30.0,original
11.47,16.9,34.0,original
13.46,9.86,44.0,original
13.42,10.41,24.0,original
7.02,24.64,32.0,original
12.17,31.81,43.0,original
10.44,10.03,68.0,original
18.66,16.46,53.0,original
18.26,16.11,49.0,original
9.26,46.56,71.0,original
9.77,16.69,57.0,original
12.69,32.25,44.0,original
5.65,140.14,68.0,original
7.1,144.12,58.0,original
3.61,25.25,80.0,original
3.86,143.64,48.0,original
9.08,135.43,78.0,original
7.88,23.68,54.0,original
9.25,32.88,75.0,original
22.28,7.65,58.0,original
25.69,30.5,76.0,original
5.54,19.2,58.0,original
7.41,20.46,41.0,original
11.1,67.78,74.0,original
4.59,137.85,28.0,original
8.6,134.13,29.0,original
11.84,68.24,59.0,original
4.78,63.91,29.0,original
4.62,16.46,66.0,original
14.03,31.24,69.0,original
7.97,15.47,74.0,original
3.75,16.12,60.0,original
2.79,15.43,67.0,original
20.18,51.49,72.0,original
10.53,31.0,52.0,original
13.13,30.65,57.0,original
20.41,50.08,70.0,original
6.06,15.72,43.0,original
13.13,23.33,65.0,original
15.29,16.6,66.0,original
11.42,45.29,69.0,original
7.93,17.0,0.0,original
11.79,13.32,0.0,original
2.33,8.22,0.0,original
16.41,10.68,0.0,original
16.93,48.89,0.0,original
22.61,53.2,0.0,original
10.76,76.19,0.0,original
3.26,20.38,43.0,original
5.17,14.83,46.0,original
4.31,13.37,34.0,original
22.59,30.37,55.0,original
20.65,30.45,56.0,original
15.51,31.39,67.0,original
10.33,46.58,63.0,original
16.1,51.4,74.0,original
8.29,15.17,45.0,original
7.82,33.17,52.0,original
9.94,14.54,45.0,original
10.45,12.54,33.0,original
3.34,11.65,36.0,original
13.32,30.91,50.0,original
3.44,14.69,33.0,original
9.22,129.99,61.0,original
5.68,128.47,72.0,original
7.63,7.86,57.0,original
8.04,8.63,70.0,original
25.19,15.73,78.0,original
8.26,21.99,42.0,original
8.42,12.85,51.0,original
6.89,8.52,20.0,original
2.84,14.81,69.0,original
6.84,23.76,52.0,original
6.1,25.77,71.0,original
2.5,13.33,57.0,original
2.22,12.29,51.0,original
5.59,14.54,48.0,original
3.82,18.61,58.0,original
7.33,19.51,54.0,original
5.21,12.39,59.0,original
12.43,33.78,31.0,original
9.89,19.83,45.0,original
2.64,5.89,29.0,original
2.53,21.49,26.0,original
9.32,5.77,57.0,original
2.79,12.4,33.0,original
7.45,5.85,52.0,original
9.66,8.23,35.0,original
3.01,22.09,43.0,original
2.59,19.71,56.0,original
8.51,21.01,50.0,original
3.51,11.21,61.0,original
3.44,20.94,61.0,original
8.12,5.77,41.0,original
6.82,7.39,33.0,original
5.01,6.16,48.0,original
9.65,7.42,54.0,original
3.21,8.34,46.0,original
4.0,21.64,43.0,original
3.94,6.02,57.0,original
11.84,12.49,70.0,original
27.12,16.64,86.0,original
10.85,31.28,61.0,original
28.15,33.82,90.0,original
14.94,7.94,57.0,original
9.04,30.36,85.0,original
7.63,23.05,50.0,original
4.88,16.44,51.0,original
13.59,22.48,62.0,original
11.46,10.4,32.0,original
3.65,30.8,57.0,original
12.96,24.13,32.0,original
9.33,133.14,79.0,original
8.56,17.27,72.0,original
2.6,25.44,64.0,original
9.75,15.52,78.0,original
2.74,130.56,77.0,original
3.08,15.16,72.0,original
5.24,24.42,68.0,original
3.35,16.7,74.0,original
8.52,32.66,59.0,original
3.45,34.02,22.0,original
8.03,70.01,27.0,original
10.92,35.96,74.0,original
9.86,72.11,41.0,original
6.01,137.55,32.0,original
3.55,65.41,36.0,original
6.85,35.8,39.0,original
2.57,11.75,71.0,original
12.57,11.69,42.0,original
5.91,12.91,69.0,original
2.22,30.77,30.0,original
16.33,40.65,0.0,original
9.48,36.36,0.0,original
20.67,49.62,0.0,original
17.29,10.13,0.0,original
12.75,12.41,57.0,original
3.2,31.27,74.0,original
9.92,33.74,33.0,original
2.91,32.83,66.0,original
6.73,15.15,37.0,original
9.13,14.93,55.0,original
1.85,32.92,59.0,original
1.39,16.65,80.0,original
6.3,50.31,90.0,original
6.29,11.93,79.0,original
6.88,46.13,97.0,original
6.41,11.59,92.0,original
7.64,11.13,81.0,original
8.81,15.53,79.0,original
8.65,22.94,69.0,original
5.22,16.82,57.0,original
6.22,33.52,81.0,original
5.69,16.35,86.0,original
1.34,11.83,88.0,original
3.53,19.41,63.0,original
7.44,14.2,50.0,original
5.8,17.74,34.0,original
3.7,18.9,61.0,original
3.93,13.5,41.0,original
6.53,21.32,37.0,original
5.87,12.37,18.0,original
4.41,12.51,27.0,original
5.54,5.98,40.0,original
9.18,8.0,25.0,original
2.4,7.46,46.0,original
7.73,8.26,28.0,original
19.15,22.1,69.0,original
19.81,45.61,60.0,original
17.76,30.99,54.0,original
19.41,24.85,73.0,original
14.89,32.07,70.0,original
20.15,44.19,71.0,original
9.12,34.14,51.0,original
2.3,146.49,43.0,original
8.43,13.49,40.0,original
9.01,33.44,74.0,original
2.75,32.05,42.0,original
3.26,15.5,24.0,original
8.43,10.54,32.0,original
4.45,15.22,48.0,original
7.18,9.82,64.0,original
3.12,13.06,0.0,original
3.82,17.44,0.0,original
5.72,17.01,0.0,original
6.2,133.25,50.0,original
6.01,67.02,84.0,original
3.82,135.33,67.0,original
4.92,141.62,42.0,original
8.97,33.59,74.0,original
2.46,12.53,23.0,original
9.41,67.09,63.0,original
24.16,32.94,70.0,original
27.96,7.47,58.0,original
6.2,16.17,61.0,original
18.64,12.3,83.0,original
21.79,8.15,55.0,original
4.06,35.73,51.0,original
7.47,34.85,75.0,original
5.26,31.11,63.0,original
6.37,23.9,63.0,original
2.66,15.45,75.0,original
9.66,15.66,60.0,original
10.5,9.59,41.0,original
10.8,64.73,38.0,original
3.48,155.3,74.0,original
4.94,67.11,41.0,original
6.98,12.75,84.0,original
5.66,13.29,73.0,original
6.81,62.03,36.0,original
8.42,11.84,71.0,original
3.4,70.54,41.0,original
10.46,144.88,20.0,original
11.91,66.83,58.0,original
11.85,11.59,45.0,original
8.71,69.79,71.0,original
7.31,62.54,77.0,original
4.45,14.39,69.0,original
4.94,16.23,33.0,original
3.81,12.56,58.0,original
12.16,12.59,62.0,original
9.77,12.26,60.0,original
10.43,31.91,60.0,original
4.1,16.57,92.0,original
8.79,12.84,80.0,original
5.36,49.96,83.0,original
5.97,15.67,88.0,original
5.21,12.72,92.0,original
2.5,14.74,80.0,original
1.71,46.26,98.0,original
5.98,46.13,93.0,original
17.44,25.36,42.0,original
10.74,22.9,73.0,original
12.3,49.77,61.0,original
17.24,47.48,57.0,original
21.65,16.39,49.0,original
19.67,46.66,74.0,original
8.32,15.2,53.0,original
3.13,34.42,68.0,original
12.91,22.38,57.0,original
13.67,9.55,68.0,original
7.42,16.22,73.0,original
3.58,30.94,53.0,original
6.46,7.94,59.0,original
2.89,11.8,24.0,original
4.14,6.09,54.0,original
3.82,12.94,33.0,original
3.1,22.64,51.0,original
5.01,7.56,57.0,original
7.72,12.4,60.0,original
14.09,7.43,80.0,original
4.07,12.73,50.0,original
4.1,16.76,63.0,original
3.5,20.68,67.0,original
4.25,19.15,65.0,original
4.25,17.11,57.0,original
5.69,17.12,46.0,original
9.54,12.21,47.0,original
2.65,12.87,52.0,original
8.42,7.63,53.0,original
8.19,12.43,44.0,original
9.19,7.45,37.0,original
3.54,21.92,46.0,original
7.71,8.64,62.0,original
9.86,12.03,72.0,original
8.7,12.56,50.0,original
13.95,15.28,44.0,original
5.53,15.05,45.0,original
5.35,15.49,43.0,original
10.24,34.41,57.0,original
12.11,12.0,65.0,original
1.97,30.87,73.0,original
5.04,15.34,55.0,original
5.9,12.06,73.0,original
6.39,29.69,32.0,original
2.63,11.83,66.0,original
5.18,15.4,36.0,original
4.35,11.46,52.0,original
4.41,15.55,33.0,original
9.12,15.81,54.0,original
12.74,24.57,60.0,original
10.33,25.21,22.0,original
7.39,14.91,56.0,original
7.84,9.94,23.0,original
2.86,16.8,33.0,original
4.3,30.75,58.0,original
11.91,30.1,44.0,original
4.89,16.38,34.0,original
8.51,7.45,31.0,original
4.6,20.14,62.0,original
7.5,7.63,21.0,original
9.05,6.14,43.0,original
2.65,6.09,55.0,original
5.44,8.6,60.0,original
6.92,7.45,32.0,original
8.43,30.6,85.0,original
3.08,44.67,84.0,original
2.58,44.57,96.0,original
8.78,31.64,93.0,original
5.24,29.71,81.0,original
1.77,33.26,93.0,original
2.75,34.01,99.0,original
3.13,20.35,19.0,original
7.62,7.42,44.0,original
4.29,7.96,45.0,original
5.06,19.67,61.0,original
6.86,12.03,34.0,original
6.27,21.95,39.0,original
5.07,11.81,43.0,original
8.86,7.75,21.0,original
3.48,11.98,42.0,original
11.19,71.57,56.0,original
5.74,151.38,37.0,original
5.63,65.98,62.0,original
6.03,65.55,59.0,original
3.73,11.68,35.0,original
4.98,6.28,19.0,original
3.78,54.6,0.0,original
11.13,35.23,0.0,original
21.77,55.13,0.0,original
3.14,37.96,0.0,original
24.65,55.96,0.0,original
6.04,9.38,0.0,original
12.79,75.53,0.0,original
8.44,7.75,0.0,original
2.58,13.13,0.0,original
13.45,12.15,0.0,original
13.31,25.01,67.0,original
17.44,29.66,73.0,original
19.56,23.41,48.0,original
6.5,15.91,83.0,original
4.67,15.85,83.0,original
3.92,34.17,97.0,original
14.03,15.67,0.0,original
8.03,17.98,0.0,original
6.07,2.92,0.0,original
3.11,8.6,0.0,original
12.01,3.13,0.0,original
15.84,3.13,0.0,original
15.97,2.93,0.0,original
10.13,30.82,30.0,original
7.95,13.97,61.0,original
13.5,33.34,56.0,original
13.99,16.15,39.0,original
8.94,32.16,61.0,original
8.9,34.08,64.0,original
10.95,15.08,35.0,original
4.55,12.06,30.0,original
9.76,14.06,68.0,original
6.08,11.17,52.0,original
11.34,12.93,58.0,original
5.15,15.5,74.0,original
8.84,11.93,49.0,original
10.51,17.21,68.0,original
11.45,33.73,34.0,original
5.68,16.36,34.0,original
10.22,12.91,38.0,original
2.92,15.18,51.0,original
4.55,22.98,64.0,original
6.29,25.53,73.0,original
3.62,35.12,66.0,original
6.65,33.78,48.0,original
6.07,24.79,50.0,original
9.29,35.15,72.0,original
4.75,15.68,80.0,original
3.36,15.47,74.0,original
6.05,12.77,86.0,original
3.45,29.71,90.0,original
8.6,46.71,83.0,original
8.73,15.45,96.0,original
6.36,31.21,94.0,original
7.24,16.75,88.0,original
10.05,24.19,48.0,original
8.52,10.52,36.0,original
4.72,24.16,67.0,original
3.61,17.17,39.0,original
7.28,47.47,87.0,original
3.89,50.82,89.0,original
1.73,45.35,95.0,original
8.0,33.86,81.0,original
21.9,7.41,88.0,original
9.47,8.26,88.0,original
12.95,11.43,71.0,original
20.7,31.6,70.0,original
19.12,11.53,57.0,original
10.06,11.27,57.0,original
4.99,65.1,59.0,original
2.52,11.85,77.0,original
7.51,13.43,86.0,original
8.97,45.66,94.0,original
7.94,12.61,86.0,original
7.33,16.56,84.0,original
2.65,15.3,82.0,original
7.45,34.16,85.0,original
7.37,12.55,95.0,original
6.2,45.1,90.0,original
9.7,68.95,0.0,original
21.68,67.64,0.0,original
8.34,11.08,55.0,original
8.13,11.92,50.0,original
4.72,8.44,19.0,original
2.52,5.92,33.0,original
3.17,8.35,34.0,original
7.63,7.99,40.0,original
10.84,34.18,64.0,original
7.53,34.2,69.0,original
9.41,15.28,66.0,original
6.83,10.17,52.0,original
2.97,15.98,25.0,original
11.17,24.8,30.0,original
12.92,12.82,0.0,original
7.38,3.05,0.0,original
12.16,15.92,0.0,original
9.84,17.91,0.0,original
14.48,13.4,0.0,original
13.11,12.13,0.0,original
11.21,76.66,0.0,original
13.57,51.44,0.0,original
23.16,10.16,0.0,original
6.29,38.66,0.0,original
7.52,15.36,60.0,original
6.08,124.69,57.0,original
3.93,16.46,72.0,original
8.86,24.3,62.0,original
7.22,22.09,76.0,original
8.76,150.36,51.0,original
7.19,12.91,65.0,original
1.43,64.57,20.0,original
8.09,11.96,68.0,original
8.75,12.07,45.0,original
3.37,54.22,0.0,original
15.8,49.41,0.0,original
2.61,12.86,61.0,original
5.09,12.75,62.0,original
3.54,8.62,0.0,original
5.4,8.61,0.0,original
15.89,15.57,64.0,original
20.25,31.12,62.0,original
20.18,15.33,55.0,original
6.71,8.3,60.0,original
19.55,7.9,76.0,original
15.91,32.46,76.0,original
6.87,20.92,48.0,original
3.34,19.85,48.0,original
3.07,12.5,54.0,original
5.95,19.87,50.0,original
6.21,18.94,38.0,original
2.4,12.91,48.0,original
3.87,13.08,39.0,original
10.08,151.97,58.0,original
9.81,69.25,75.0,original
1.76,12.36,51.0,original
8.14,11.94,59.0,original
11.41,33.56,62.0,original
7.02,70.89,52.0,original
1.67,34.48,32.0,original
7.47,15.83,82.0,original
8.33,15.71,82.0,original
8.96,48.93,99.0,original
4.55,16.79,78.0,original
5.43,12.79,86.0,original
3.56,46.18,85.0,original
8.52,22.47,50.0,original
8.35,25.36,63.0,original
2.55,16.48,67.0,original
8.06,33.7,30.0,original
11.75,69.34,64.0,original
3.29,12.12,63.0,original
6.3,13.48,43.0,original
7.01,33.14,85.0,original
7.16,11.46,87.0,original
1.49,51.17,98.0,original
1.33,12.21,80.0,original
6.78,15.78,86.0,original
3.41,45.29,99.0,original
5.84,29.68,94.0,original
4.06,47.76,89.0,original
6.71,70.41,39.0,original
2.84,152.06,27.0,original
5.78,11.86,34.0,original
2.39,11.51,79.0,original
4.14,66.53,79.0,original
13.64,9.22,58.0,original
7.05,9.71,54.0,original
13.85,22.25,53.0,original
7.25,10.08,35.0,original
13.55,24.19,42.0,original
3.3,8.44,57.0,original
5.41,12.72,52.0,original
2.63,20.97,24.0,original
6.5,12.94,60.0,original
8.83,19.74,25.0,original
3.4,7.64,18.0,original
3.76,11.33,49.0,original
2.89,17.77,49.0,original
5.34,12.4,61.0,original
3.55,12.11,52.0,original
5.57,6.31,20.0,original
5.09,8.22,28.0,original
3.26,6.19,25.0,original
8.69,7.72,35.0,original
3.92,19.4,18.0,original
9.57,9.23,0.0,original
5.38,37.24,0.0,original
14.36,49.97,0.0,original
9.06,75.48,0.0,original
7.19,18.98,66.0,original
2.59,15.04,46.0,original
4.35,18.38,64.0,original
5.52,13.38,56.0,original
3.02,19.92,36.0,original
5.77,20.42,46.0,original
6.11,14.37,49.0,original
4.09,13.41,29.0,original
5.32,34.37,38.0,original
5.57,138.66,32.0,original
6.64,63.59,67.0,original
5.08,18.94,42.0,original
3.09,16.94,67.0,original
4.91,11.82,46.0,original
6.46,13.64,58.0,original
4.93,18.66,40.0,original
7.48,35.3,66.0,original
8.02,140.92,74.0,original
4.85,25.29,52.0,original
4.47,15.69,49.0,original
3.74,136.1,65.0,original
8.42,31.53,60.0,original
5.59,126.79,71.0,original
7.33,23.61,51.0,original
8.18,23.3,26.0,original
9.85,14.97,44.0,original
12.23,32.41,22.0,original
3.7,17.0,45.0,original
5.92,30.34,46.0,original
9.81,15.35,49.0,original
4.15,25.64,55.0,original
6.05,135.41,76.0,original
11.08,31.75,25.0,original
4.78,140.63,51.0,original
8.03,13.47,44.0,original
8.49,148.78,73.0,original
11.75,34.59,39.0,original
11.56,11.71,72.0,original
11.26,154.09,52.0,original
8.95,50.99,85.0,original
2.13,12.24,85.0,original
6.83,47.54,90.0,original
2.66,15.32,79.0,original
8.9,12.35,90.0,original
7.37,50.14,82.0,original
4.35,11.35,96.0,original
8.57,15.49,90.0,original
1.78,11.84,79.0,original
6.18,16.38,99.0,original
3.98,32.57,93.0,original
5.25,48.95,85.0,original
7.67,66.87,45.0,original
8.83,153.2,77.0,original
11.55,69.58,63.0,original
8.21,31.02,77.0,original
4.62,32.85,74.0,original
8.2,16.95,32.0,original
14.61,33.58,41.0,original
13.76,15.88,52.0,original
12.93,16.63,60.0,original
6.7,14.1,69.0,original
7.51,16.45,54.0,original
1.91,14.37,47.0,original
5.67,11.82,51.0,original
5.87,32.95,66.0,original
1.67,140.5,74.0,original
5.62,35.02,26.0,original
10.9,12.44,45.0,original
10.99,31.07,74.0,original
4.88,45.64,64.0,original
12.24,49.35,67.0,original
9.34,25.8,72.0,original
6.24,34.05,23.0,original
3.61,16.52,46.0,original
6.47,24.6,54.0,original
7.94,23.99,65.0,original
14.18,22.69,48.0,original
11.5,30.21,71.0,original
12.06,48.11,59.0,original
18.56,46.02,61.0,original
10.36,15.84,0.0,original
4.87,17.9,0.0,original
7.02,2.85,0.0,original
2.11,11.29,94.0,original
1.45,16.78,79.0,original
3.17,46.99,81.0,original
8.6,16.31,86.0,original
6.81,45.87,83.0,original
8.26,15.41,86.0,original
4.62,33.88,83.0,original
3.7,32.22,89.0,original
3.48,12.71,85.0,original
4.79,16.71,98.0,original
5.62,49.19,94.0,original
5.36,20.76,61.0,original
7.37,12.06,56.0,original
3.13,21.35,52.0,original
22.49,71.14,0.0,original
19.07,10.48,0.0,original
6.55,52.25,0.0,original
13.56,38.79,0.0,original
4.49,70.59,0.0,original
5.29,34.28,83.0,original
7.33,12.9,79.0,original
2.53,16.28,40.0,original
13.38,14.0,32.0,original
8.53,12.77,39.0,original
5.76,15.08,72.0,original
9.96,31.76,32.0,original
9.14,16.22,45.0,original
3.15,24.9,22.0,original
8.44,9.76,30.0,original
10.31,9.36,37.0,original
8.03,32.24,60.0,original
12.61,23.24,35.0,original
3.13,23.79,30.0,original
1.41,29.82,85.0,original
7.35,31.28,78.0,original
3.59,32.97,98.0,original
4.41,33.96,95.0,original
3.83,12.71,84.0,original
14.6,32.78,42.0,original
5.09,32.53,67.0,original
1.69,16.21,41.0,original
2.39,30.78,37.0,original
1.64,11.32,73.0,original
7.53,15.2,40.0,original
11.51,14.59,73.0,original
2.83,12.55,54.0,original
3.97,152.26,77.0,original
4.97,12.83,77.0,original
9.68,67.06,41.0,original
7.27,149.37,46.0,original
6.89,31.08,65.0,original
7.67,15.93,56.0,original
11.0,15.71,72.0,original
3.1,16.58,50.0,original
11.41,12.62,42.0,original
12.12,12.2,50.0,original
8.34,12.15,45.0,original
7.19,11.41,39.0,original
9.35,32.2,30.0,original
2.36,31.95,94.0,original
1.33,15.99,81.0,original
3.65,29.63,93.0,original
13.76,10.56,68.0,original
11.77,29.5,47.0,original
9.42,35.53,57.0,original
7.33,136.02,42.0,original
8.7,10.6,66.0,original
12.74,32.13,38.0,original
9.06,14.87,62.0,original
8.79,9.26,52.0,original
5.12,25.03,23.0,original
12.94,9.76,42.0,original
13.71,22.6,37.0,original
6.08,10.29,26.0,original
5.08,134.94,61.0,original
3.27,14.82,62.0,original
3.7,24.9,80.0,original
9.03,16.42,81.0,original
9.45,16.56,61.0,original
8.02,17.96,0.0,original
6.82,13.1,0.0,original
10.57,11.68,0.0,original
11.32,16.74,0.0,original
5.01,2.77,0.0,original
10.72,7.53,0.0,original
5.65,17.27,40.0,original
5.4,14.75,60.0,original
3.98,11.19,51.0,original
6.11,14.19,60.0,original
4.61,11.17,52.0,original
5.85,11.8,41.0,original
4.15,11.89,59.0,original
9.57,20.49,61.0,original
4.97,12.43,19.0,original
6.88,8.18,55.0,original
9.03,16.87,53.0,original
5.03,32.94,58.0,original
5.74,33.3,79.0,original
8.1,16.98,72.0,original
4.18,32.17,68.0,original
6.78,22.41,76.0,original
4.13,155.17,60.0,original
3.55,34.26,20.0,original
3.87,153.48,70.0,original
7.98,135.83,79.0,original
8.37,12.56,82.0,original
7.05,46.86,94.0,original
3.19,11.38,98.0,original
3.57,11.22,84.0,original
4.21,14.23,45.0,original
7.37,13.04,46.0,original
5.53,16.84,37.0,original
7.33,14.58,42.0,original
2.54,19.43,35.0,original
4.89,19.61,28.0,original
7.95,7.45,30.0,original
6.1,25.52,62.0,original
7.55,123.28,58.0,original
2.85,31.4,48.0,original
9.87,135.43,66.0,original
11.27,14.04,49.0,original
8.77,31.88,39.0,original
8.32,15.28,42.0,original
7.21,12.24,56.0,original
11.77,15.44,61.0,original
3.99,23.1,69.0,original
13.41,10.56,42.0,original
4.97,22.24,24.0,original
7.06,22.48,65.0,original
9.87,29.64,47.0,original
2.62,25.85,34.0,original
25.14,7.68,86.0,original
27.46,12.18,74.0,original
22.78,34.39,55.0,original
28.96,12.44,89.0,original
5.02,7.81,51.0,original
5.26,11.22,48.0,original
5.13,19.93,50.0,original
5.16,20.05,47.0,original
3.11,20.23,43.0,original
9.15,11.72,52.0,original
4.61,5.91,60.0,original
4.99,8.55,43.0,original
6.64,6.17,41.0,original
3.83,8.24,42.0,original
8.14,8.2,47.0,original
9.34,14.53,69.0,original
8.35,16.12,68.0,original
22.49,29.9,42.0,original
15.22,51.08,47.0,original
4.74,31.15,70.0,original
19.27,33.36,58.0,original
18.56,49.85,61.0,original
15.51,34.24,60.0,original
5.19,12.8,27.0,original
2.05,11.6,45.0,original
1.27,34.83,58.0,original
9.58,35.27,66.0,original
2.68,12.62,75.0,original
9.47,34.61,44.0,original
7.89,12.0,53.0,original
1.64,12.61,80.0,original
28.0,33.63,89.0,original
8.55,34.2,59.0,original
9.31,12.09,57.0,original
23.77,8.6,71.0,original
23.52,11.15,73.0,original
8.83,7.81,72.0,original
26.12,11.76,61.0,original
11.53,8.33,68.0,original
27.87,15.91,88.0,original
23.63,29.81,81.0,original
26.52,8.25,75.0,original
21.02,8.55,77.0,original
10.48,16.07,74.0,original
13.74,15.72,81.0,original
26.81,17.21,56.0,original
17.36,31.77,88.0,original
12.61,12.73,0.0,original
2.03,3.08,0.0,original
7.18,12.89,0.0,original
15.12,17.39,0.0,original
14.97,13.13,0.0,original
8.13,12.91,0.0,original
11.33,8.51,0.0,original
3.89,29.74,78.0,original
3.38,12.59,78.0,original
3.99,15.78,75.0,original
9.71,34.88,55.0,original
4.89,34.98,50.0,original
9.11,16.58,75.0,original
3.53,139.98,74.0,original
3.42,131.25,79.0,original
4.41,24.93,60.0,original
6.52,24.12,66.0,original
4.8,138.15,61.0,original
8.66,33.2,82.0,original
8.93,29.62,40.0,original
10.62,11.83,60.0,original
10.19,32.85,47.0,original
3.79,29.62,81.0,original
8.17,11.89,89.0,original
6.46,11.66,94.0,original
2.7,34.27,92.0,original
7.1,44.99,92.0,original
1.29,44.29,83.0,original
6.66,45.37,96.0,original
5.88,8.56,28.0,original
7.84,7.95,39.0,original
5.19,11.5,45.0,original
7.04,5.62,34.0,original
9.62,6.19,44.0,original
6.53,6.23,37.0,original
3.97,12.46,57.0,original
5.73,5.71,23.0,original
15.15,17.27,76.0,original
10.32,16.77,74.0,original
10.73,23.33,63.0,original
17.9,46.77,69.0,original
13.35,32.83,57.0,original
3.46,3.08,0.0,original
9.86,17.41,0.0,original
6.12,8.45,0.0,original
10.65,15.55,0.0,original
9.79,3.09,0.0,original
11.02,8.33,0.0,original
7.57,3.21,0.0,original
3.99,2.93,0.0,original
23.2,11.97,66.0,original
20.69,16.59,78.0,original
9.0,7.93,67.0,original
29.32,12.27,75.0,original
3.49,12.56,84.0,original
7.54,31.48,85.0,original
8.09,11.33,78.0,original
3.87,34.51,79.0,original
1.49,51.0,87.0,original
3.35,139.52,69.0,original
7.84,34.41,72.0,original
9.58,130.35,56.0,original
6.11,17.02,60.0,original
8.86,14.91,89.0,original
2.11,44.22,96.0,original
8.65,45.24,85.0,original
6.06,46.27,81.0,original
4.15,50.27,82.0,original
18.31,33.83,42.0,original
20.05,50.86,64.0,original
10.7,24.74,75.0,original
5.76,34.4,42.0,original
11.67,31.09,75.0,original
8.62,16.37,94.0,original
7.99,29.46,79.0,original
4.53,11.87,81.0,original
12.75,33.44,36.0,original
11.91,33.95,65.0,original
12.58,30.36,27.0,original
12.26,30.46,71.0,original
1.51,32.84,32.0,original
4.56,15.0,36.0,original
10.84,12.68,52.0,original
5.61,11.71,64.0,original
8.86,14.7,52.0,original
1.51,12.53,73.0,original
2.3,15.28,31.0,original
15.2,7.68,0.0,original
4.05,3.15,0.0,original
10.77,7.84,0.0,original
20.0,14.91,79.0,original
12.15,8.13,87.0,original
22.73,17.07,59.0,original
19.29,11.87,66.0,original
15.61,7.48,61.0,original
22.96,31.72,68.0,original
14.65,30.34,77.0,original
16.46,16.04,80.0,original
2.36,12.55,0.0,original
13.79,8.48,0.0,original
4.12,13.14,0.0,original
10.63,16.34,0.0,original
10.28,33.57,69.0,original
4.1,69.37,34.0,original
9.66,68.35,71.0,original
3.9,31.97,32.0,original
6.15,33.85,43.0,original
1.63,35.04,32.0,original
9.62,136.77,58.0,original
7.25,9.33,0.0,original
14.37,38.08,0.0,original
1.76,11.97,82.0,original
7.95,48.01,90.0,original
1.74,49.43,83.0,original
6.0,48.45,88.0,original
7.9,46.16,54.0,original
6.45,15.68,76.0,original
4.92,44.65,43.0,original
12.22,32.85,44.0,original
8.73,17.04,71.0,original
3.39,23.68,62.0,original
3.31,23.72,63.0,original
2.54,32.79,56.0,original
9.82,35.05,65.0,original
22.5,33.91,63.0,original
19.3,22.22,56.0,original
8.91,51.79,70.0,original
7.05,66.54,64.0,original
2.12,62.02,31.0,original
5.7,35.23,71.0,original
4.89,12.46,32.0,original
2.29,12.08,68.0,original
1.53,70.59,28.0,original
7.09,66.32,60.0,original
19.95,32.62,51.0,original
8.44,14.9,71.0,original
20.48,45.55,66.0,original
7.3,34.12,48.0,original
5.78,13.32,63.0,original
6.5,12.71,43.0,original
8.61,12.14,38.0,original
14.77,31.06,52.0,original
3.67,12.12,28.0,original
8.04,7.57,45.0,original
3.97,5.77,53.0,original
5.32,19.79,57.0,original
3.61,12.03,23.0,original
2.41,8.59,44.0,original
7.83,8.18,54.0,original
5.4,11.94,49.0,original
2.22,21.31,41.0,original
5.45,12.9,57.0,original
3.52,19.82,59.0,original
3.99,11.4,65.0,original
3.74,11.74,41.0,original
2.25,11.66,56.0,original
6.72,18.15,59.0,original
13.33,10.13,0.0,original
13.19,54.74,0.0,original
4.18,15.04,39.0,original
12.2,32.5,64.0,original
14.91,17.18,47.0,original
10.79,15.37,30.0,original
6.96,31.78,64.0,original
10.46,15.19,73.0,original
9.72,64.31,26.0,original
11.64,12.08,22.0,original
10.57,70.0,34.0,original
4.48,16.93,90.0,original
3.96,15.28,98.0,original
6.38,12.83,0.0,original
4.7,7.53,0.0,original
2.62,12.48,0.0,original
13.38,8.08,0.0,original
14.85,2.86,0.0,original
8.88,3.21,0.0,original
5.17,17.59,0.0,original
3.72,12.5,0.0,original
4.3,34.05,80.0,original
7.42,45.23,89.0,original
6.85,45.46,94.0,original
8.12,11.64,93.0,original
8.05,46.96,98.0,original
5.32,12.5,79.0,original
6.58,15.54,98.0,original
3.49,33.14,97.0,original
13.5,14.74,26.0,original
7.5,32.87,48.0,original
5.87,25.84,46.0,original
8.1,16.71,65.0,original
10.79,17.27,23.0,original
10.17,15.19,47.0,original
3.65,11.28,53.0,original
10.04,30.06,57.0,original
1.87,11.95,65.0,original
14.66,16.19,47.0,original
2.4,14.88,57.0,original
10.57,30.4,66.0,original
10.56,17.0,57.0,original
3.64,10.73,65.0,original
6.19,9.36,42.0,original
2.58,25.08,36.0,original
13.8,10.41,51.0,original
11.81,14.73,65.0,original
10.98,29.85,31.0,original
2.68,12.71,0.0,original
2.44,15.96,0.0,original
7.45,16.55,0.0,original
15.81,11.56,0.0,original
10.67,31.51,40.0,original
5.9,15.79,44.0,original
8.41,17.16,58.0,original
6.03,12.07,63.0,original
7.49,29.81,64.0,original
14.14,29.44,38.0,original
4.01,13.94,65.0,original
6.51,21.56,67.0,original
3.35,16.72,58.0,original
5.6,11.18,48.0,original
6.44,18.4,53.0,original
5.37,11.22,63.0,original
5.93,15.05,61.0,original
2.13,22.38,60.0,original
8.68,5.72,30.0,original
4.36,11.48,35.0,original
3.45,15.53,73.0,original
9.12,25.87,61.0,original
8.32,17.0,67.0,original
3.77,24.31,67.0,original
6.54,15.85,54.0,original
7.15,25.22,80.0,original
6.37,23.02,56.0,original
9.64,35.81,79.0,original
8.49,11.65,79.0,original
7.51,15.16,79.0,original
6.61,51.26,96.0,original
8.38,11.28,82.0,original
6.99,35.84,65.0,original
3.48,16.82,54.0,original
8.37,14.98,82.0,original
5.6,34.65,56.0,original
3.82,34.18,55.0,original
3.65,23.4,64.0,original
4.1,130.11,56.0,original
2.86,5.79,52.0,original
2.06,8.06,46.0,original
8.98,5.57,48.0,original
5.96,12.39,46.0,original
8.77,21.06,41.0,original
5.38,21.62,34.0,original
21.97,30.3,87.0,original
10.94,31.44,62.0,original
6.58,8.19,58.0,original
28.71,16.46,71.0,original
23.32,12.44,63.0,original
1.5,30.79,80.0,original
6.1,14.73,85.0,original
6.04,12.24,83.0,original
6.59,32.89,84.0,original
7.69,34.34,87.0,original
1.54,12.3,98.0,original
6.19,138.52,22.0,original
9.31,11.88,26.0,original
2.43,13.47,66.0,original
3.49,141.89,35.0,original
10.91,68.53,65.0,original
4.79,70.09,79.0,original
6.66,12.24,66.0,original
5.41,11.71,35.0,original
5.18,15.66,0.0,original
9.96,2.97,0.0,original
6.82,3.11,0.0,original
13.4,3.12,0.0,original
2.41,2.97,0.0,original
14.61,10.76,0.0,original
14.05,39.22,0.0,original
6.46,37.9,0.0,original
3.92,48.74,0.0,original
15.64,48.95,0.0,original
4.82,14.06,50.0,original
2.74,13.19,59.0,original
5.36,17.82,54.0,original
4.19,11.28,44.0,original
2.91,21.17,45.0,original
7.27,13.45,35.0,original
7.2,12.77,57.0,original
4.37,11.2,60.0,original
5.74,23.74,57.0,original
6.44,17.09,74.0,original
6.89,23.83,78.0,original
8.33,25.24,61.0,original
4.58,16.09,51.0,original
4.29,35.91,80.0,original
7.82,132.77,55.0,original
6.86,143.88,72.0,original
5.02,32.54,49.0,original
7.35,33.69,21.0,original
4.49,35.91,28.0,original
4.08,31.6,62.0,original
5.46,11.67,21.0,original
11.6,144.96,55.0,original
3.84,12.31,65.0,original
9.12,130.38,63.0,original
6.81,32.39,65.0,original
9.85,24.46,57.0,original
7.06,17.17,72.0,original
4.62,24.42,62.0,original
9.55,133.79,49.0,original
3.66,24.6,50.0,original
3.52,32.4,81.0,original
2.32,20.55,56.0,original
7.15,18.79,60.0,original
2.65,13.23,47.0,original
6.38,18.7,50.0,original
4.47,19.75,47.0,original
2.75,21.2,49.0,original
2.45,20.91,42.0,original
3.27,18.25,41.0,original
23.62,9.8,0.0,original
21.18,74.95,0.0,original
18.89,74.99,0.0,original
16.93,35.06,0.0,original
5.66,9.4,0.0,original
13.29,48.46,0.0,original
10.16,10.7,0.0,original
2.83,12.12,36.0,original
9.46,32.9,53.0,original
13.23,16.38,59.0,original
8.16,32.41,37.0,original
8.79,15.7,38.0,original
2.76,15.49,38.0,original
3.45,12.14,48.0,original
6.51,11.42,60.0,original
3.86,6.18,47.0,original
9.31,10.41,59.0,original
6.11,16.4,69.0,original
8.94,61.97,85.0,original
7.14,12.75,63.0,original
8.36,30.79,28.0,original
10.38,33.1,38.0,original
2.05,151.04,38.0,original
7.41,155.44,65.0,original
3.68,147.03,52.0,original
3.5,9.49,30.0,original
5.82,17.24,49.0,original
8.57,15.55,53.0,original
10.34,15.97,49.0,original
4.48,24.92,43.0,original
10.43,16.23,58.0,original
1.85,12.24,94.0,original
4.34,34.43,98.0,original
7.54,48.36,87.0,original
3.42,33.05,84.0,original
6.51,20.92,42.0,original
8.24,7.87,38.0,original
6.89,6.39,18.0,original
3.34,8.56,37.0,original
2.48,11.97,46.0,original
4.06,8.63,24.0,original
5.31,12.74,49.0,original
8.82,5.86,61.0,original
8.44,14.76,61.0,original
14.1,12.87,56.0,original
10.73,11.19,62.0,original
10.18,14.33,56.0,original
6.6,15.64,32.0,original
2.92,32.12,67.0,original
14.84,15.37,58.0,original
13.51,11.36,55.0,original
12.62,15.95,46.0,original
14.66,16.63,66.0,original
10.73,11.21,42.0,original
13.47,12.57,58.0,original
13.75,17.2,37.0,original
5.99,44.52,89.0,original
5.9,30.76,78.0,original
8.86,30.44,63.0,original
8.96,15.02,55.0,original
12.14,17.13,63.0,original
11.97,15.86,43.0,original
4.15,15.02,97.0,original
8.6,44.21,90.0,original
8.58,30.97,89.0,original
4.83,51.8,85.0,original
2.68,49.69,97.0,original
6.58,17.18,80.0,original
3.5,11.71,60.0,original
2.86,21.81,26.0,original
7.43,22.67,45.0,original
6.2,5.93,60.0,original
8.2,7.62,39.0,original
9.56,21.97,24.0,original
16.74,16.24,73.0,original
10.91,7.62,67.0,original
24.32,7.55,80.0,original
18.98,29.68,64.0,original
12.77,11.24,82.0,original
7.43,32.34,76.0,original
9.74,15.39,55.0,original
5.42,32.29,51.0,original
6.0,25.67,71.0,original
9.28,31.43,50.0,original
7.34,135.57,69.0,original
8.04,16.19,59.0,original
8.07,16.22,53.0,original
17.02,47.13,45.0,original
15.05,49.18,69.0,original
10.62,51.24,46.0,original
4.85,31.91,55.0,original
18.29,50.73,58.0,original
16.28,15.25,45.0,original
21.09,22.33,58.0,original
9.99,24.78,66.0,original
2.03,8.05,0.0,original
10.7,7.75,0.0,original
13.16,12.4,0.0,original
2.89,2.98,0.0,original
10.21,8.49,0.0,original
9.91,12.87,0.0,original
8.22,17.28,0.0,original
12.47,16.09,0.0,original
21.63,15.89,62.0,original
26.33,12.25,78.0,original
20.33,8.37,80.0,original
27.35,7.74,56.0,original
9.43,12.63,25.0,original
8.51,12.01,36.0,original
2.54,11.52,57.0,original
7.76,7.58,42.0,original
7.38,11.85,46.0,original
15.0,11.78,0.0,original
5.21,2.92,0.0,original
5.99,3.07,0.0,original
5.48,11.97,0.0,original
11.53,12.85,0.0,original
9.45,35.78,27.0,original
11.4,12.54,76.0,original
4.78,154.58,50.0,original
10.56,142.47,23.0,original
4.76,34.82,51.0,original
3.57,34.02,72.0,original
1.93,65.6,75.0,original
7.74,68.91,66.0,original
10.71,12.63,79.0,original
11.06,66.75,59.0,original
6.18,34.74,79.0,original
4.08,123.41,57.0,original
5.59,15.11,59.0,original
8.29,138.83,77.0,original
7.53,24.96,61.0,original
3.7,25.3,78.0,original
3.53,19.52,63.0,original
5.04,12.34,60.0,original
18.08,11.99,65.0,original
7.19,16.14,77.0,original
19.75,8.29,83.0,original
2.25,15.27,88.0,original
7.4,51.04,86.0,original
8.39,33.23,99.0,original
6.78,15.73,89.0,original
4.69,12.4,91.0,original
3.18,11.9,91.0,original
7.4,12.68,91.0,original
4.56,11.47,81.0,original
8.39,30.63,91.0,original
5.39,46.57,80.0,original
1.78,15.66,80.0,original
3.28,16.36,61.0,original
14.45,14.24,35.0,original
10.96,31.3,68.0,original
6.78,12.33,36.0,original
7.8,33.9,43.0,original
13.04,33.53,69.0,original
2.04,33.82,80.0,original
5.39,15.46,91.0,original
4.35,33.54,85.0,original
10.44,12.53,73.0,original
3.28,68.0,86.0,original
5.53,152.89,24.0,original
7.81,35.28,80.0,original
7.82,36.03,30.0,original
8.67,138.16,86.0,original
6.66,15.68,67.0,original
5.7,15.49,49.0,original
3.71,11.16,38.0,original
7.23,11.49,39.0,original
2.06,14.75,50.0,original
10.75,31.61,69.0,original
8.63,17.19,51.0,original
6.22,11.96,64.0,original
5.2,13.19,58.0,original
4.2,14.93,68.0,original
6.42,19.88,54.0,original
5.76,14.27,51.0,original
4.17,12.85,37.0,original
28.47,30.92,50.0,original
8.24,33.32,48.0,original
11.25,29.66,53.0,original
20.67,7.82,74.0,original
6.62,27.54,50.0,original
5.17,26.88,53.0,original
10.9,29.49,84.0,original
9.83,3.74,40.0,original
13.15,12.77,70.0,original
14.15,33.78,70.0,original
7.17,12.87,96.0,original
3.36,34.28,79.0,original
2.45,51.11,94.0,original
8.52,11.77,90.0,original
7.43,30.39,87.0,original
9.44,14.94,49.0,original
9.66,34.95,76.0,original
7.57,34.63,51.0,original
4.78,15.63,71.0,original
5.62,22.75,82.0,original
8.54,24.26,74.0,original
8.17,14.89,61.0,original
7.21,11.71,32.0,original
8.75,11.12,35.0,original
7.7,12.44,67.0,original
11.15,15.63,72.0,original
12.84,33.53,34.0,original
10.49,14.68,47.0,original
4.68,11.06,58.0,original
6.08,16.08,46.0,original
14.49,16.14,35.0,original
11.06,12.62,34.0,original
10.66,15.93,49.0,original
14.8,33.36,55.0,original
12.39,14.13,56.0,original
14.58,32.16,39.0,original
9.11,12.8,68.0,original
12.84,16.09,67.0,original
11.73,34.04,24.0,original
3.86,32.42,31.0,original
5.4,22.68,31.0,original
4.62,23.85,22.0,original
3.86,16.53,44.0,original
7.63,15.96,55.0,original
7.69,29.54,38.0,original
16.67,25.49,59.0,original
21.96,44.91,50.0,original
22.08,46.87,46.0,original
14.54,15.34,61.0,original
11.73,24.69,66.0,original
3.29,29.94,69.0,original
1.64,11.39,69.0,original
4.55,14.77,41.0,original
5.06,68.39,73.0,original
7.25,13.03,36.0,original
10.53,33.01,56.0,original
6.91,31.11,40.0,original
1.58,63.62,22.0,original
6.44,62.86,50.0,original
1.62,15.59,33.0,original
14.52,32.16,44.0,original
3.88,15.16,70.0,original
13.96,33.32,56.0,original
5.64,16.87,67.0,original
8.85,16.69,90.0,original
4.07,49.02,93.0,original
2.18,17.08,90.0,original
7.14,15.11,57.0,original
6.59,14.57,72.0,original
3.84,30.05,59.0,original
13.6,15.49,73.0,original
9.34,11.86,52.0,original
5.26,15.44,50.0,original
2.38,14.78,43.0,original
3.36,146.59,28.0,original
2.27,66.29,51.0,original
4.2,135.68,75.0,original
3.45,17.57,55.0,original
5.72,21.46,61.0,original
1.66,11.71,99.0,original
1.51,16.07,93.0,original
4.05,33.86,89.0,original
4.31,32.17,78.0,original
5.21,47.96,94.0,original
5.16,12.9,80.0,original
4.01,13.83,35.0,original
6.44,11.43,42.0,original
2.2,11.19,63.0,original
7.08,20.18,45.0,original
3.62,12.38,34.0,original
3.51,19.5,54.0,original
14.89,10.05,0.0,original
20.74,35.1,0.0,original
23.38,71.26,0.0,original
10.15,15.61,56.0,original
9.92,32.96,47.0,original
11.21,15.29,71.0,original
9.25,34.06,29.0,original
3.2,24.36,26.0,original
4.6,22.64,45.0,original
7.17,16.1,29.0,original
8.64,32.61,63.0,original
9.24,32.91,70.0,original
4.92,22.45,45.0,original
13.53,46.01,68.0,original
3.85,142.48,73.0,original
9.07,143.61,68.0,original
2.52,33.92,82.0,original
6.34,15.91,73.0,original
4.09,33.05,63.0,original
8.16,44.39,43.0,original
8.84,17.24,61.0,original
4.57,50.33,58.0,original
19.69,31.72,76.0,original
7.99,17.23,49.0,original
15.0,34.51,67.0,original
12.94,25.23,46.0,original
13.66,16.23,59.0,original
5.58,7.82,26.0,original
8.9,20.93,57.0,original
4.35,5.93,31.0,original
5.3,11.3,49.0,original
8.82,8.48,57.0,original
8.08,19.68,33.0,original
7.47,11.93,27.0,original
6.12,19.83,54.0,original
6.99,23.99,56.0,original
5.27,23.5,81.0,original
3.27,16.63,63.0,original
2.9,32.37,70.0,original
3.86,31.62,75.0,original
3.96,138.81,52.0,original
4.94,15.67,58.0,original
7.29,6.07,46.0,original
7.44,22.43,38.0,original
9.91,5.98,48.0,original
9.07,11.91,25.0,original
4.75,20.23,50.0,original
4.48,12.56,21.0,original
5.82,6.16,30.0,original
5.3,12.01,20.0,original
5.38,64.18,62.0,original
1.66,12.97,39.0,original
10.73,68.75,37.0,original
28.14,7.82,66.0,original
3.51,8.41,70.0,original
31.28,26.93,77.0,original
18.76,29.87,70.0,original
32.72,29.93,71.0,original
33.67,25.93,52.0,original
11.61,7.89,59.0,original
9.8,24.38,47.0,original
22.04,15.18,75.0,original
5.62,31.81,75.0,original
5.71,25.35,69.0,original
6.08,32.04,61.0,original
22.53,23.73,48.0,original
11.72,31.32,42.0,original
22.42,29.46,50.0,original
7.0,22.97,64.0,original
8.16,24.86,56.0,original
6.79,15.61,52.0,original
13.21,9.95,30.0,original
11.39,14.74,67.0,original
11.78,30.03,25.0,original
5.9,9.98,63.0,original
9.16,15.92,58.0,original
3.09,12.95,52.0,original
6.21,18.35,68.0,original
4.0,14.78,66.0,original
5.81,17.52,67.0,original
6.24,19.25,56.0,original
5.91,20.23,67.0,original
4.97,19.53,44.0,original
6.34,14.86,66.0,original
8.72,15.24,63.0,original
11.96,30.37,49.0,original
14.33,15.49,40.0,original
12.95,14.84,74.0,original
5.86,11.6,40.0,original
3.71,12.52,31.0,original
7.93,25.42,51.0,original
7.12,15.9,78.0,original
3.14,15.99,51.0,original
7.68,22.49,79.0,original
3.36,137.98,72.0,original
5.42,23.0,52.0,original
7.8,25.9,56.0,original
2.59,136.33,62.0,original
6.31,127.83,59.0,original
9.18,16.98,52.0,original
4.3,136.42,49.0,original
7.05,22.22,51.0,original
5.52,77.32,0.0,original
8.18,36.6,0.0,original
2.17,11.36,53.0,original
6.57,8.25,21.0,original
2.1,5.92,18.0,original
21.53,30.78,60.0,original
11.09,8.34,68.0,original
8.79,8.44,65.0,original
28.73,29.62,61.0,original
9.28,7.53,76.0,original
10.91,14.8,68.0,original
26.07,12.26,60.0,original
9.72,127.5,82.0,original
6.0,15.82,53.0,original
9.46,23.02,68.0,original
4.14,3.01,0.0,original
2.33,15.45,0.0,original
6.47,3.09,0.0,original
8.83,18.02,0.0,original
6.16,25.79,73.0,original
2.58,122.86,54.0,original
8.4,134.28,49.0,original
7.87,15.21,51.0,original
9.48,25.64,69.0,original
7.44,35.09,73.0,original
4.1,22.4,72.0,original
2.69,31.32,55.0,original
4.5,10.44,42.0,original
5.09,32.13,38.0,original
11.24,23.58,40.0,original
2.56,14.86,34.0,original
12.18,31.83,62.0,original
3.08,10.15,60.0,original
7.29,30.25,25.0,original
6.86,12.32,45.0,original
6.96,11.07,36.0,original
3.2,19.83,45.0,original
4.14,20.86,51.0,original
4.68,21.26,56.0,original
6.85,11.64,39.0,original
7.95,11.3,49.0,original
9.65,19.67,51.0,original
8.11,6.36,45.0,original
3.65,11.42,30.0,original
6.62,15.65,66.0,original
18.1,30.56,79.0,original
28.75,7.9,64.0,original
21.84,30.31,55.0,original
23.95,7.72,85.0,original
24.22,16.6,81.0,original
26.5,33.02,80.0,original
2.07,49.98,82.0,original
7.31,31.1,83.0,original
20.4,36.12,0.0,original
5.29,35.22,0.0,original
13.88,9.22,0.0,original
15.57,10.73,0.0,original
8.04,38.24,0.0,original
20.05,9.34,0.0,original
21.16,69.6,0.0,original
11.4,56.14,0.0,original
19.76,10.38,0.0,original
22.95,9.59,0.0,original
18.03,9.7,0.0,original
2.99,49.23,0.0,original
16.2,10.74,0.0,original
17.1,38.88,0.0,original
11.51,141.06,27.0,original
2.23,12.56,55.0,original
6.31,34.61,20.0,original
2.84,138.45,50.0,original
1.56,153.14,61.0,original
6.98,136.93,26.0,original
9.17,11.81,41.0,original
11.29,146.25,72.0,original
6.27,12.81,70.0,original
29.02,34.3,75.0,original
11.5,7.79,56.0,original
26.34,7.49,64.0,original
6.46,30.53,56.0,original
18.37,8.6,64.0,original
8.7,12.02,76.0,original
22.27,30.39,90.0,original
9.36,50.62,53.0,original
5.61,25.12,46.0,original
6.18,16.1,54.0,original
11.7,44.21,58.0,original
11.6,25.02,74.0,original
19.86,51.82,49.0,original
8.36,25.67,76.0,original
9.18,47.74,74.0,original
9.6,24.95,59.0,original
5.45,30.75,75.0,original
4.44,25.87,52.0,original
9.97,17.2,69.0,original
6.06,22.26,51.0,original
7.31,31.62,66.0,original
12.06,31.33,68.0,original
5.95,33.37,46.0,original
20.88,31.44,69.0,original
5.75,15.76,55.0,original
12.01,15.62,70.0,original
7.34,10.48,62.0,original
3.8,15.37,29.0,original
6.84,12.4,58.0,original
6.98,21.24,62.0,original
9.98,22.47,40.0,original
9.34,21.14,49.0,original
8.45,20.82,42.0,original
8.95,12.7,51.0,original
5.02,5.55,42.0,original
5.6,6.04,44.0,original
5.47,14.79,93.0,original
5.91,31.22,81.0,original
7.17,15.72,80.0,original
8.92,16.2,41.0,original
2.54,9.67,69.0,original
11.9,15.42,67.0,original
11.52,24.81,49.0,original
12.27,22.76,63.0,original
11.34,23.71,22.0,original
5.94,17.25,42.0,original
4.28,22.28,61.0,original
4.58,15.51,0.0,original
11.45,3.07,0.0,original
4.2,13.38,0.0,original
8.46,17.1,0.0,original
10.4,3.23,0.0,original
11.09,7.49,0.0,original
14.25,2.83,0.0,original
15.15,2.87,0.0,original
12.49,30.06,44.0,original
9.64,11.86,31.0,original
2.45,11.93,70.0,original
28.61,12.84,62.0,original
20.94,12.79,71.0,original
29.53,33.52,66.0,original
19.15,9.28,0.0,original
15.44,10.54,0.0,original
3.4,55.79,0.0,original
6.21,55.99,0.0,original
17.56,39.53,0.0,original
18.13,9.55,0.0,original
14.98,74.69,0.0,original
15.99,48.75,0.0,original
9.9,37.92,0.0,original
24.13,68.49,0.0,original
5.58,24.34,39.0,original
9.46,25.62,56.0,original
13.29,16.19,39.0,original
5.88,10.09,37.0,original
4.65,29.95,33.0,original
8.42,11.4,41.0,original
7.97,11.43,57.0,original
12.85,30.69,55.0,original
5.74,16.94,34.0,original
5.76,32.26,52.0,original
4.66,33.82,42.0,original
8.52,16.27,40.0,original
2.72,31.59,49.0,original
5.12,34.77,82.0,original
7.58,141.63,82.0,original
5.02,140.62,80.0,original
2.9,63.46,23.0,original
3.2,33.02,56.0,original
13.72,32.02,67.0,original
3.72,15.29,70.0,original
7.04,16.35,63.0,original
13.48,12.38,50.0,original
13.12,13.82,72.0,original
12.25,11.15,42.0,original
5.31,11.94,63.0,original
4.2,16.45,36.0,original
16.96,31.42,49.0,original
6.56,15.91,45.0,original
14.41,45.74,57.0,original
18.27,50.32,74.0,original
9.6,46.08,74.0,original
5.44,29.61,44.0,original
18.39,23.95,50.0,original
2.7,16.97,47.0,original
3.83,20.43,61.0,original
4.17,18.79,37.0,original
6.21,20.36,57.0,original
6.08,11.94,39.0,original
5.18,20.03,39.0,original
2.91,18.32,63.0,original
3.68,16.76,48.0,original
8.25,67.76,71.0,original
10.51,12.14,43.0,original
10.19,136.36,41.0,original
1.96,35.39,27.0,original
5.72,137.96,28.0,original
3.39,11.78,37.0,original
9.99,155.12,22.0,original
11.51,12.3,81.0,original
3.98,140.79,71.0,original
8.02,13.04,57.0,original
9.59,155.14,53.0,original
3.17,12.05,53.0,original
3.13,34.47,75.0,original
7.94,65.88,34.0,original
4.99,142.18,60.0,original
7.9,22.57,57.0,original
9.54,15.39,74.0,original
9.7,15.26,60.0,original
3.32,32.08,68.0,original
16.17,34.49,51.0,original
10.12,16.92,54.0,original
18.37,24.48,43.0,original
13.31,31.5,73.0,original
12.65,33.06,53.0,original
7.26,32.3,62.0,original
6.4,32.65,39.0,original
8.61,14.99,22.0,original
11.44,11.81,69.0,original
4.23,12.42,47.0,original
6.56,35.23,63.0,original
3.89,25.14,77.0,original
6.25,136.35,54.0,original
8.87,15.61,77.0,original
3.08,25.37,65.0,original
5.35,138.04,64.0,original
8.39,24.38,80.0,original
6.94,35.88,61.0,original
2.71,13.36,20.0,original
1.96,12.14,62.0,original
9.9,153.8,52.0,original
6.71,139.03,67.0,original
4.1,31.01,51.0,original
11.57,145.02,60.0,original
4.94,32.16,83.0,original
2.54,11.07,99.0,original
3.93,46.84,79.0,original
8.38,12.38,91.0,original
3.11,12.6,98.0,original
13.78,23.42,56.0,original
10.18,9.64,34.0,original
12.91,16.4,23.0,original
12.13,34.37,57.0,original
8.1,33.27,58.0,original
3.72,15.57,57.0,original
4.38,23.29,60.0,original
2.71,33.45,30.0,original
20.11,39.98,0.0,original
7.84,53.45,0.0,original
3.19,9.97,0.0,original
3.93,70.45,0.0,original
10.13,49.41,0.0,original
13.33,73.91,0.0,original
6.25,34.68,79.0,original
3.56,24.7,77.0,original
5.76,23.29,80.0,original
7.09,22.76,56.0,original
8.22,33.82,60.0,original
3.63,15.25,82.0,original
23.5,66.9,0.0,original
7.27,37.19,0.0,original
16.29,40.31,0.0,original
24.52,10.18,0.0,original
23.35,9.39,0.0,original
9.61,37.59,0.0,original
7.63,67.64,0.0,original
13.82,11.87,61.0,original
7.4,14.74,65.0,original
13.84,17.05,47.0,original
10.53,11.99,42.0,original
7.69,16.28,43.0,original
10.26,13.85,47.0,original
5.23,12.41,57.0,original
3.46,30.35,40.0,original
8.8,48.59,80.0,original
7.61,32.62,91.0,original
2.4,30.16,82.0,original
4.17,15.28,83.0,original
6.14,33.54,79.0,original
3.24,31.47,54.0,original
8.2,25.75,65.0,original
9.94,25.86,79.0,original
2.67,32.6,50.0,original
4.24,14.8,58.0,original
9.83,32.67,22.0,original
7.0,47.24,53.0,original
17.64,14.86,74.0,original
14.61,16.84,61.0,original
21.84,48.17,57.0,original
9.57,11.71,55.0,original
8.35,33.8,38.0,original
2.54,14.39,73.0,original
4.11,12.89,42.0,original
10.0,17.19,67.0,original
12.17,12.88,52.0,original
12.39,14.87,39.0,original
10.84,11.27,33.0,original
5.98,25.53,53.0,original
9.97,140.3,72.0,original
9.9,15.77,73.0,original
5.93,12.55,35.0,original
3.2,14.89,40.0,original
2.96,29.61,67.0,original
2.53,16.79,71.0,original
4.87,14.91,43.0,original
5.53,14.61,38.0,original
6.87,29.85,56.0,original
2.36,16.84,42.0,original
13.62,47.97,0.0,original
5.94,10.12,0.0,original
5.76,11.07,89.0,original
5.37,12.92,93.0,original
2.51,29.62,95.0,original
1.92,11.65,90.0,original
7.16,15.54,94.0,original
2.92,24.0,49.0,original
4.8,140.52,60.0,original
3.91,12.4,29.0,original
4.01,8.41,43.0,original
7.65,11.51,62.0,original
20.49,24.85,43.0,original
10.91,34.21,56.0,original
7.14,11.15,98.0,original
7.33,16.2,78.0,original
3.96,44.53,88.0,original
4.79,11.8,96.0,original
4.92,33.81,57.0,original
7.82,31.09,48.0,original
6.73,17.04,66.0,original
4.18,16.08,49.0,original
5.78,16.58,61.0,original
4.24,141.8,53.0,original
3.06,131.05,77.0,original
2.27,22.01,56.0,original
2.32,21.97,25.0,original
9.23,9.96,37.0,original
12.99,31.69,33.0,original
8.95,23.13,65.0,original
9.84,17.39,0.0,original
15.3,3.16,0.0,original
4.38,11.09,45.0,original
10.75,11.31,52.0,original
14.66,29.54,68.0,original
2.45,16.05,39.0,original
13.03,14.83,45.0,original
9.27,11.62,56.0,original
14.51,16.65,51.0,original
2.63,16.06,81.0,original
7.69,49.85,98.0,original
3.14,33.56,98.0,original
2.38,29.8,98.0,original
2.55,11.45,84.0,original
4.63,16.06,85.0,original
5.41,19.78,68.0,original
2.88,14.75,47.0,original
2.62,14.77,60.0,original
5.12,11.21,40.0,original
3.5,11.41,60.0,original
5.03,20.76,56.0,original
4.53,12.96,47.0,original
2.55,30.51,34.0,original
12.96,23.75,26.0,original
10.81,31.11,31.0,original
7.61,10.59,57.0,original
12.18,15.79,37.0,original
4.12,23.84,61.0,original
10.14,34.09,67.0,original
23.24,8.44,89.0,original
20.96,30.92,87.0,original
19.05,30.6,67.0,original
27.55,31.79,88.0,original
28.8,7.95,81.0,original
26.11,16.56,59.0,original
2.87,15.14,28.0,original
10.64,23.1,68.0,original
10.72,9.47,49.0,original
4.37,71.28,0.0,original
9.87,36.09,0.0,original
24.49,67.33,0.0,original
3.74,20.71,53.0,original
3.66,21.73,33.0,original
2.31,6.39,45.0,original
9.71,8.26,40.0,original
3.29,20.61,46.0,original
3.74,20.14,43.0,original
6.28,5.69,43.0,original
10.57,146.96,52.0,original
1.47,69.59,25.0,original
5.38,31.06,75.0,original
9.69,32.39,84.0,original
1.32,50.91,95.0,original
5.57,32.57,87.0,original
1.97,15.15,92.0,original
2.49,16.32,88.0,original
4.91,12.44,85.0,original
8.25,31.35,85.0,original
23.39,8.64,49.0,original
2.8,3.96,37.0,original
20.43,3.71,85.0,original
30.59,30.77,46.0,original
3.89,20.04,49.0,original
3.28,21.22,38.0,original
4.08,11.05,47.0,original
4.68,18.04,36.0,original
4.38,20.37,65.0,original
2.78,19.08,62.0,original
3.09,18.93,51.0,original
2.37,13.33,52.0,original
5.77,12.38,47.0,original
7.38,11.52,54.0,original
7.07,12.93,40.0,original
3.19,17.19,66.0,original
3.73,16.85,42.0,original
2.56,21.36,51.0,original
7.05,12.15,35.0,original
2.75,18.26,68.0,original
6.34,11.7,53.0,original
6.35,12.65,50.0,original
5.01,24.39,49.0,original
8.2,16.44,73.0,original
5.34,22.83,82.0,original
4.88,31.64,48.0,original
6.6,132.65,63.0,original
2.96,22.44,77.0,original
6.37,16.69,71.0,original
4.94,125.49,49.0,original
2.6,33.61,95.0,original
4.77,11.05,91.0,original
3.43,33.85,80.0,original
8.31,14.92,94.0,original
2.05,16.17,97.0,original
8.62,30.89,83.0,original
7.81,35.33,29.0,original
3.26,11.9,32.0,original
2.81,12.77,58.0,original
2.89,139.32,34.0,original
8.68,144.36,70.0,original
2.59,12.66,35.0,original
2.62,19.35,56.0,original
5.77,21.24,63.0,original
6.33,19.03,55.0,original
4.4,11.52,44.0,original
3.39,18.24,54.0,original
5.97,18.89,41.0,original
4.89,11.54,81.0,original
8.85,32.42,83.0,original
3.41,33.17,97.0,original
2.91,35.74,63.0,original
2.97,136.47,71.0,original
8.08,31.6,56.0,original
4.27,25.61,56.0,original
3.97,22.48,52.0,original
5.35,25.18,77.0,original
3.65,132.52,49.0,original
13.68,17.1,65.0,original
17.77,7.4,67.0,original
23.6,31.35,55.0,original
23.34,11.74,55.0,original
6.81,11.57,74.0,original
21.66,11.05,78.0,original
23.5,16.38,74.0,original
5.33,13.01,68.0,original
3.34,18.61,45.0,original
5.54,17.46,40.0,original
5.15,14.87,44.0,original
6.01,19.29,58.0,original
3.69,18.4,34.0,original
2.53,12.17,39.0,original
4.69,14.33,47.0,original
6.21,4.22,72.0,original
15.97,26.64,70.0,original
28.17,7.77,46.0,original
17.15,7.78,55.0,original
15.0,8.42,52.0,original
5.58,7.94,0.0,original
14.92,2.81,0.0,original
9.1,12.34,0.0,original
5.95,13.88,68.0,original
11.29,30.8,42.0,original
4.41,15.61,50.0,original
9.24,14.55,46.0,original
8.84,31.65,58.0,original
11.49,12.86,42.0,original
7.56,11.96,58.0,original
8.9,20.12,42.0,original
2.06,21.61,39.0,original
3.13,8.16,38.0,original
3.75,5.74,48.0,original
2.8,5.77,60.0,original
6.58,30.32,91.0,original
1.63,12.88,88.0,original
8.78,16.66,86.0,original
7.45,44.53,86.0,original
8.29,15.04,82.0,original
7.95,47.56,89.0,original
6.0,37.95,0.0,original
22.76,9.28,0.0,original
12.75,54.53,0.0,original
17.7,49.03,0.0,original
13.92,9.26,0.0,original
5.52,9.26,0.0,original
11.6,61.81,70.0,original
3.71,65.2,62.0,original
2.73,12.82,20.0,original
11.54,68.89,52.0,original
3.62,67.38,58.0,original
8.98,71.3,50.0,original
4.98,31.07,24.0,original
10.34,153.74,37.0,original
24.16,40.6,0.0,original
3.36,9.79,0.0,original
21.05,40.17,0.0,original
15.98,10.03,0.0,original
7.76,12.56,75.0,original
4.69,12.73,29.0,original
1.57,71.96,65.0,original
3.23,19.83,67.0,original
4.95,13.23,60.0,original
6.27,13.08,68.0,original
6.83,34.28,49.0,original
14.27,33.2,59.0,original
6.29,29.71,68.0,original
2.34,32.7,30.0,original
4.33,11.19,19.0,original
6.8,19.66,62.0,original
2.11,12.6,52.0,original
6.15,8.28,46.0,original
9.92,6.27,50.0,original
7.51,23.01,26.0,original
5.02,16.73,67.0,original
3.94,30.24,59.0,original
10.33,16.08,23.0,original
11.07,16.25,65.0,original
5.49,10.34,23.0,original
4.06,16.48,68.0,original
5.39,48.49,45.0,original
12.03,50.96,44.0,original
19.71,34.23,75.0,original
21.58,14.91,48.0,original
14.82,14.95,74.0,original
22.63,17.13,66.0,original
8.29,34.22,93.0,original
5.29,34.21,94.0,original
5.35,44.45,97.0,original
7.3,50.51,88.0,original
5.39,11.23,88.0,original
8.59,33.02,84.0,original
4.22,34.37,81.0,original
7.35,15.66,89.0,original
2.79,32.71,78.0,original
2.14,34.39,97.0,original
8.38,12.3,78.0,original
5.05,12.88,56.0,original
5.31,12.57,51.0,original
4.92,19.13,38.0,original
7.49,16.15,61.0,original
7.39,15.94,36.0,original
7.48,15.11,54.0,original
12.87,16.15,48.0,original
4.86,29.54,37.0,original
13.2,9.52,56.0,original
6.59,22.35,43.0,original
9.04,31.07,61.0,original
8.31,24.6,24.0,original
5.27,31.57,57.0,original
5.84,22.75,35.0,original
7.5,11.05,46.0,original
2.47,12.95,63.0,original
13.96,15.53,61.0,original
6.91,33.24,38.0,original
5.25,16.88,59.0,original
8.17,13.92,51.0,original
5.67,12.0,98.0,original
5.02,33.34,97.0,original
7.25,33.56,86.0,original
4.91,46.14,83.0,original
2.78,51.42,84.0,original
2.14,46.85,99.0,original
3.87,16.93,97.0,original
19.97,11.64,89.0,original
9.18,8.08,59.0,original
10.07,8.08,75.0,original
11.24,12.22,59.0,original
19.18,11.73,61.0,original
8.79,7.87,0.0,original
7.34,16.36,0.0,original
2.83,2.99,0.0,original
12.52,29.65,74.0,original
15.63,12.87,80.0,original
23.07,8.21,87.0,original
5.22,71.93,0.0,original
11.89,72.07,0.0,original
11.78,40.19,0.0,original
4.1,16.16,86.0,original
1.77,44.18,86.0,original
1.49,46.73,94.0,original
1.39,46.58,85.0,original
16.11,9.71,0.0,original
17.46,9.93,0.0,original
21.99,50.22,0.0,original
4.24,55.13,0.0,original
4.37,34.35,84.0,original
9.88,34.25,74.0,original
7.8,133.44,23.0,original
6.13,36.04,50.0,original
6.74,61.55,81.0,original
8.2,66.88,66.0,original
6.74,15.39,60.0,original
13.56,32.9,37.0,original
5.02,11.93,47.0,original
14.52,14.53,44.0,original
13.75,12.85,41.0,original
14.11,12.79,39.0,original
24.04,29.93,61.0,original
20.21,12.07,76.0,original
5.82,30.91,82.0,original
6.17,62.08,72.0,original
9.61,13.41,80.0,original
9.79,35.39,76.0,original
2.59,132.57,55.0,original
5.78,137.98,73.0,original
3.67,15.61,76.0,original
11.89,10.73,39.0,original
4.04,30.67,44.0,original
6.99,22.27,34.0,original
8.21,9.77,45.0,original
4.39,136.85,63.0,original
8.93,142.65,76.0,original
9.46,25.81,54.0,original
5.89,31.1,81.0,original
3.06,24.08,78.0,original
2.82,33.54,59.0,original
6.67,32.69,60.0,original
2.86,16.38,76.0,original
7.94,17.21,0.0,original
10.88,13.01,0.0,original
13.94,7.94,0.0,original
12.71,13.44,0.0,original
6.95,17.77,0.0,original
16.61,31.61,48.0,original
12.33,50.23,48.0,original
15.21,30.21,71.0,original
5.4,46.43,58.0,original
1.49,11.07,95.0,original
3.36,12.26,91.0,original
6.89,46.06,87.0,original
8.0,16.87,98.0,original
3.82,49.28,83.0,original
6.35,16.19,94.0,original
9.33,25.67,41.0,original
9.33,16.47,60.0,original
5.3,9.23,45.0,original
13.95,15.03,28.0,original
13.87,22.84,37.0,original
7.3,33.23,69.0,original
2.92,15.73,30.0,original
7.51,9.99,61.0,original
6.46,11.29,54.0,original
7.37,7.45,39.0,original
7.63,22.26,38.0,original
3.24,8.41,31.0,original
11.93,17.2,74.0,original
17.66,24.36,57.0,original
18.5,22.22,75.0,original
13.1,50.66,45.0,original
22.26,24.54,60.0,original
21.94,22.6,53.0,original
9.16,9.68,0.0,original
21.96,55.56,0.0,original
19.05,38.38,0.0,original
3.64,39.82,0.0,original
20.79,35.09,0.0,original
23.04,49.96,0.0,original
7.45,36.92,0.0,original
8.38,45.21,79.0,original
5.94,31.42,87.0,original
2.87,48.83,99.0,original
8.6,49.83,87.0,original
5.35,12.94,80.0,original
7.9,11.88,90.0,original
5.33,25.58,60.0,original
4.98,15.37,53.0,original
6.36,34.74,48.0,original
5.47,17.16,75.0,original
4.05,16.18,70.0,original
9.1,15.6,42.0,original
5.96,16.98,35.0,original
7.16,16.29,54.0,original
1.93,32.03,69.0,original
6.51,16.16,50.0,original
3.66,15.18,47.0,original
8.76,15.4,70.0,original
13.91,35.58,0.0,original
17.54,10.55,0.0,original
8.25,16.17,69.0,original
13.42,16.01,62.0,original
8.83,16.17,36.0,original
13.99,11.71,58.0,original
7.42,12.4,88.0,original
3.68,31.47,94.0,original
8.3,51.58,99.0,original
1.89,51.48,98.0,original
8.32,16.36,83.0,original
1.7,45.83,81.0,original
7.93,51.44,83.0,original
2.09,15.91,88.0,original
9.26,72.13,42.0,original
11.64,148.15,61.0,original
10.67,153.1,81.0,original
7.89,13.09,62.0,original
3.02,71.95,79.0,original
8.92,24.3,50.0,original
8.48,25.59,67.0,original
4.55,14.93,59.0,original
8.63,22.9,77.0,original
5.67,16.59,73.0,original
7.24,24.8,55.0,original
6.58,126.18,61.0,original
4.31,12.88,44.0,original
5.66,13.9,45.0,original
6.23,13.37,60.0,original
5.16,17.96,46.0,original
7.34,19.96,62.0,original
6.77,13.54,39.0,original
7.51,16.16,61.0,original
9.53,16.62,48.0,original
3.36,35.8,78.0,original
8.04,22.98,74.0,original
7.57,133.88,80.0,original
13.82,11.93,0.0,original
11.08,2.79,0.0,original
14.46,7.97,0.0,original
8.44,12.38,0.0,original
13.76,8.35,0.0,original
3.21,16.62,0.0,original
14.34,7.67,0.0,original
15.53,12.49,0.0,original
9.49,11.19,69.0,original
10.73,16.72,68.0,original
19.26,15.83,62.0,original
6.96,10.35,0.0,original
10.5,53.39,0.0,original
10.97,9.37,0.0,original
5.59,7.8,0.0,original
13.29,8.18,0.0,original
11.24,15.39,62.0,original
3.79,12.74,68.0,original
4.23,32.46,31.0,original
5.52,33.96,75.0,original
9.5,34.54,74.0,original
3.5,36.03,69.0,original
6.06,11.98,39.0,original
2.52,12.54,25.0,original
2.86,11.4,89.0,original
8.6,15.84,95.0,original
3.88,29.66,93.0,original
3.88,12.39,87.0,original
11.3,15.27,45.0,original
6.45,33.02,39.0,original
3.05,10.28,36.0,original
6.39,31.15,66.0,original
3.11,9.62,51.0,original
10.31,16.77,53.0,original
5.1,50.81,91.0,original
4.32,11.09,93.0,original
8.6,31.55,82.0,original
4.24,7.4,52.0,original
9.66,11.64,45.0,original
5.31,11.57,45.0,original
7.75,12.69,51.0,original
9.05,6.2,48.0,original
8.63,8.03,48.0,original
9.31,21.37,53.0,original
5.76,51.29,97.0,original
8.95,15.05,85.0,original
7.57,48.59,89.0,original
1.83,47.43,89.0,original
7.04,16.86,89.0,original
5.86,16.47,86.0,original
3.55,16.31,84.0,original
4.1,22.24,46.0,original
3.03,5.72,41.0,original
5.69,20.01,58.0,original
9.9,126.54,48.0,original
5.83,34.42,68.0,original
5.45,140.7,61.0,original
7.5,23.64,69.0,original
3.74,15.93,77.0,original
8.43,32.16,63.0,original
9.18,32.33,68.0,original
3.4,32.19,67.0,original
11.6,66.04,66.0,original
6.37,30.76,30.0,original
9.04,152.37,52.0,original
4.32,13.04,77.0,original
4.97,153.93,65.0,original
4.64,144.01,30.0,original
2.8,135.3,53.0,original
11.5,12.7,46.0,original
4.03,21.28,43.0,original
4.18,15.0,53.0,original
3.82,12.78,37.0,original
7.04,16.69,50.0,original
4.67,19.3,37.0,original
8.48,153.66,24.0,original
4.95,65.74,76.0,original
3.39,11.71,81.0,original
3.92,31.55,65.0,original
9.0,151.08,62.0,original
5.89,34.85,75.0,original
10.2,74.6,0.0,original
7.65,77.14,0.0,original
14.31,72.87,0.0,original
9.78,33.56,24.0,original
5.61,12.37,72.0,original
3.25,147.87,76.0,original
6.02,32.11,80.0,original
6.71,12.46,59.0,original
10.16,66.45,70.0,original
9.8,34.94,30.0,original
2.81,12.23,49.0,original
2.73,11.07,37.0,original
2.22,18.66,37.0,original
3.74,15.01,62.0,original
5.84,19.79,35.0,original
5.57,11.73,49.0,original
4.9,19.44,63.0,original
3.04,5.88,42.0,original
7.16,8.55,59.0,original
9.31,6.11,61.0,original
8.73,16.7,96.0,original
2.3,12.4,99.0,original
6.1,30.27,81.0,original
3.55,14.87,88.0,original
4.51,45.33,99.0,original
5.57,33.79,74.0,original
22.58,24.36,65.0,original
8.94,46.47,64.0,original
19.54,15.86,58.0,original
10.38,45.96,55.0,original
9.98,142.03,50.0,original
9.44,34.42,79.0,original
11.16,34.67,24.0,original
1.71,62.25,40.0,original
6.45,36.02,64.0,original
2.47,11.93,47.0,original
4.15,11.21,50.0,original
3.41,17.54,39.0,original
6.36,13.79,44.0,original
7.48,18.6,48.0,original
6.09,17.65,40.0,original
4.82,18.75,43.0,original
8.96,29.71,69.0,original
3.04,15.3,54.0,original
5.68,32.85,60.0,original
6.52,16.55,54.0,original
7.32,15.12,52.0,original
4.28,45.48,88.0,original
7.83,31.95,86.0,original
7.13,46.55,86.0,original
1.87,12.41,94.0,original
7.69,33.26,79.0,original
8.32,12.12,83.0,original
2.25,11.06,78.0,original
6.86,14.82,91.0,original
2.06,14.9,99.0,original
5.73,16.94,86.0,original
2.87,21.35,63.0,original
4.21,16.78,34.0,original
3.73,13.4,57.0,original
3.98,18.96,35.0,original
11.76,63.99,28.0,original
8.67,33.61,71.0,original
4.44,64.01,68.0,original
5.44,66.7,65.0,original
9.72,70.75,54.0,original
2.56,12.19,25.0,original
9.76,11.79,66.0,original
9.33,32.51,42.0,original
8.86,32.78,75.0,original
4.05,65.35,25.0,original
6.13,62.21,66.0,original
4.98,140.12,37.0,original
7.0,12.29,76.0,original
5.26,65.9,31.0,original
3.22,33.59,61.0,original
23.9,12.62,88.0,original
10.13,17.2,87.0,original
23.36,33.9,88.0,original
23.57,12.16,84.0,original
10.78,50.87,0.0,original
18.92,76.98,0.0,original
21.54,48.51,0.0,original
7.42,37.87,0.0,original
8.86,10.69,0.0,original
12.01,68.4,0.0,original
4.13,35.28,55.0,original
9.93,151.17,34.0,original
7.1,34.65,59.0,original
1.89,61.6,58.0,original
1.62,33.15,78.0,original
8.89,12.78,22.0,original
23.62,73.1,0.0,original
12.93,36.67,0.0,original
22.08,50.1,0.0,original
10.56,11.67,74.0,original
13.05,12.12,59.0,original
8.78,31.32,46.0,original
2.01,33.28,32.0,original
14.31,17.19,59.0,original
7.17,23.54,38.0,original
10.91,33.42,62.0,original
13.33,15.01,22.0,original
7.84,10.09,28.0,original
13.82,10.22,30.0,original
3.29,15.47,54.0,original
9.26,12.63,61.0,original
4.26,12.49,43.0,original
10.23,32.08,65.0,original
14.95,16.59,43.0,original
4.48,12.64,71.0,original
11.07,17.36,0.0,original
13.79,7.65,0.0,original
5.07,7.45,0.0,original
6.02,7.48,0.0,original
14.54,3.12,0.0,original
13.62,30.94,67.0,original
14.09,16.39,56.0,original
12.15,12.61,57.0,original
8.25,15.67,36.0,original
11.41,15.43,31.0,original
1.69,15.92,36.0,original
19.9,3.75,70.0,original
26.53,3.94,79.0,original
11.5,34.24,70.0,original
10.75,32.77,88.0,original
20.4,7.81,46.0,original
33.15,32.64,63.0,original
32.59,27.19,78.0,original
16.32,24.19,73.0,original
24.35,30.93,67.0,original
25.75,15.51,74.0,original
16.13,33.19,60.0,original
20.52,12.71,77.0,original
9.21,32.62,81.0,original
20.13,12.35,56.0,original
13.25,16.54,82.0,original
25.22,11.69,61.0,original
23.64,40.86,0.0,original
17.08,39.32,0.0,original
8.61,39.18,0.0,original
23.98,70.21,0.0,original
3.61,77.67,0.0,original
24.52,71.91,0.0,original
15.9,9.22,0.0,original
5.45,12.17,0.0,original
11.48,16.16,0.0,original
13.29,8.33,0.0,original
5.43,7.41,0.0,original
9.47,13.11,0.0,original
9.99,12.22,0.0,original
5.53,8.05,0.0,original
7.11,8.63,0.0,original
6.91,65.34,62.0,original
8.45,155.1,50.0,original
7.54,64.43,27.0,original
3.22,136.26,65.0,original
11.42,138.39,67.0,original
5.04,33.57,70.0,original
5.32,13.48,77.0,original
9.1,12.65,0.0,original
3.87,3.13,0.0,original
8.8,2.87,0.0,original
5.9,11.88,0.0,original
2.34,11.37,38.0,original
14.58,15.25,35.0,original
3.6,29.83,32.0,original
3.43,31.05,31.0,original
5.39,12.23,53.0,original
4.14,15.93,63.0,original
8.6,12.35,60.0,original
1.81,29.88,94.0,original
1.62,17.04,99.0,original
8.98,32.97,84.0,original
2.76,49.93,91.0,original
1.91,147.68,57.0,original
8.83,13.36,76.0,original
14.25,30.28,87.0,original
14.07,31.04,60.0,original
14.53,8.04,89.0,original
23.49,16.67,70.0,original
8.93,31.75,88.0,original
18.94,30.22,90.0,original
13.25,11.47,67.0,original
23.48,33.23,55.0,original
2.55,10.77,49.0,original
6.78,14.92,63.0,original
8.14,22.29,30.0,original
3.66,29.51,22.0,original
5.77,12.35,36.0,original
3.25,19.94,32.0,original
8.4,11.12,26.0,original
12.95,32.42,67.0,original
11.89,15.8,68.0,original
18.35,30.02,53.0,original
9.68,31.46,62.0,original
19.3,24.13,45.0,original
12.81,15.86,0.0,original
14.87,2.9,0.0,original
6.35,7.46,0.0,original
3.62,19.42,37.0,original
5.34,12.86,39.0,original
2.4,20.77,50.0,original
7.15,17.35,39.0,original
6.98,13.42,34.0,original
6.65,16.75,65.0,original
7.6,14.8,66.0,original
2.49,16.19,49.0,original
12.74,34.33,53.0,original
5.45,29.46,56.0,original
14.48,14.99,48.0,original
8.98,50.67,0.0,original
15.86,10.55,0.0,original
7.54,51.87,0.0,original
8.64,12.76,83.0,original
4.73,49.51,90.0,original
3.55,12.6,97.0,original
4.58,15.23,91.0,original
10.37,3.11,0.0,original
13.59,3.12,0.0,original
9.23,3.02,0.0,original
9.58,128.31,63.0,original
3.94,15.98,75.0,original
17.07,72.26,0.0,original
6.76,10.46,0.0,original
24.72,34.98,0.0,original
22.65,53.47,0.0,original
19.88,9.66,0.0,original
19.82,77.32,0.0,original
3.02,47.09,97.0,original
3.21,16.32,92.0,original
6.15,14.87,81.0,original
2.74,15.48,93.0,original
5.05,45.48,82.0,original
4.63,65.13,73.0,original
7.8,12.19,56.0,original
3.18,139.54,63.0,original
3.89,12.47,76.0,original
6.99,64.85,75.0,original
9.85,12.59,22.0,original
1.42,35.03,74.0,original
2.61,13.25,24.0,original
4.34,12.79,36.0,original
6.7,32.23,42.0,original
3.18,34.16,25.0,original
7.25,12.59,60.0,original
8.47,66.95,44.0,original
7.13,11.66,53.0,original
11.32,15.96,63.0,original
2.6,9.77,41.0,original
2.89,24.21,54.0,original
4.29,16.08,34.0,original
4.58,16.77,58.0,original
6.32,10.77,53.0,original
13.98,15.17,45.0,original
9.66,8.34,0.0,original
8.16,16.56,0.0,original
4.32,12.69,0.0,original
4.45,17.64,0.0,original
3.35,16.97,0.0,original
5.88,2.94,0.0,original
7.59,7.45,0.0,original
4.3,2.99,0.0,original
9.72,17.1,68.0,original
6.13,128.08,74.0,original
8.32,24.33,49.0,original
8.36,138.64,49.0,original
9.45,32.66,60.0,original
2.57,22.94,72.0,original
7.11,23.8,63.0,original
7.67,12.38,24.0,original
5.35,12.09,58.0,original
9.55,8.15,59.0,original
9.93,20.96,21.0,original
8.71,5.55,51.0,original
8.22,20.2,61.0,original
9.8,5.99,62.0,original
9.32,35.43,0.0,original
5.44,52.33,0.0,original
23.29,73.28,0.0,original
11.25,48.69,0.0,original
24.75,54.61,0.0,original
17.44,10.52,0.0,original
2.24,62.9,26.0,original
11.84,31.29,43.0,original
4.77,132.89,20.0,original
11.41,11.73,43.0,original
9.01,71.12,20.0,original
4.97,34.55,74.0,original
9.02,35.26,62.0,original
7.12,143.9,52.0,original
5.82,31.73,58.0,original
7.26,139.62,77.0,original
4.83,153.45,43.0,original
10.93,32.79,25.0,original
4.64,65.95,61.0,original
11.4,12.81,85.0,original
11.12,12.61,57.0,original
9.65,12.6,34.0,original
6.79,11.72,59.0,original
7.35,22.51,29.0,original
8.15,21.72,60.0,original
3.18,31.52,73.0,original
3.95,15.84,59.0,original
5.95,16.03,51.0,original
6.12,11.06,43.0,original
12.98,11.75,44.0,original
2.54,12.6,63.0,original
12.81,29.79,37.0,original
11.48,3.13,0.0,original
6.69,17.18,0.0,original
7.39,7.91,0.0,original
10.61,15.64,0.0,original
15.29,8.61,0.0,original
4.35,16.6,0.0,original
10.78,2.98,0.0,original
3.87,11.79,58.0,original
4.63,20.89,47.0,original
6.66,12.45,67.0,original
3.24,14.85,64.0,original
7.22,11.43,41.0,original
3.34,19.41,57.0,original
6.11,16.09,85.0,original
8.95,12.04,82.0,original
3.0,30.17,94.0,original
2.4,48.93,79.0,original
8.68,16.3,99.0,original
3.39,16.58,95.0,original
4.14,16.09,85.0,original
5.88,12.86,90.0,original
11.31,63.2,71.0,original
4.13,149.88,48.0,original
9.98,69.96,64.0,original
5.12,135.52,24.0,original
6.43,151.38,81.0,original
7.03,31.39,45.0,original
2.85,13.36,83.0,original
11.47,133.93,74.0,original
9.61,15.99,0.0,original
11.73,3.15,0.0,original
6.34,2.78,0.0,original
12.63,7.42,0.0,original
8.31,8.58,0.0,original
15.37,8.14,0.0,original
3.3,16.47,0.0,original
12.1,3.2,0.0,original
7.02,142.21,80.0,original
10.07,145.98,71.0,original
11.91,12.25,23.0,original
7.1,10.21,35.0,original
10.54,31.06,27.0,original
3.04,3.77,38.0,original
19.39,4.09,64.0,original
26.4,7.7,68.0,original
6.41,29.57,67.0,original
32.16,25.99,86.0,original
25.32,4.21,45.0,original
29.05,30.87,37.0,original
29.16,3.73,40.0,original
2.81,140.51,84.0,original
7.61,65.08,53.0,original
10.21,135.94,43.0,original
3.22,33.99,82.0,original
2.7,13.31,81.0,original
9.57,12.86,82.0,original
3.03,71.51,43.0,original
2.05,152.56,62.0,original
3.47,12.07,34.0,original
7.3,146.87,72.0,original
9.79,12.25,39.0,original
9.01,31.34,53.0,original
13.53,25.01,52.0,original
11.65,3.79,69.0,original
4.75,16.63,59.0,original
2.24,21.18,54.0,original
4.03,19.89,57.0,original
6.16,11.24,63.0,original
5.82,17.33,66.0,original
9.8,23.31,62.0,original
8.23,23.07,45.0,original
9.54,9.34,37.0,original
7.25,23.06,42.0,original
3.47,15.08,26.0,original
12.67,25.15,44.0,original
7.08,22.71,42.0,original
10.43,24.26,40.0,original
14.26,32.88,67.0,original
29.75,34.31,78.0,original
9.57,32.77,80.0,original
4.75,14.97,75.0,original
8.34,14.82,53.0,original
3.65,29.64,86.0,original
4.99,11.99,99.0,original
6.54,17.25,79.0,original
8.18,30.81,79.0,original
7.59,50.51,95.0,original
8.93,15.12,96.0,original
5.47,17.0,78.0,original
1.54,33.68,96.0,original
6.25,33.69,71.0,original
4.93,71.4,67.0,original
9.16,12.4,42.0,original
4.88,24.08,54.0,original
4.91,16.18,78.0,original
9.44,142.53,65.0,original
7.73,24.96,53.0,original
4.25,30.3,59.0,original
8.27,10.74,61.0,original
11.26,10.31,30.0,original
8.91,29.92,53.0,original
4.31,46.04,78.0,original
2.7,31.43,78.0,original
5.49,32.79,89.0,original
5.46,12.17,84.0,original
8.07,12.73,96.0,original
4.87,7.84,0.0,original
5.22,2.99,0.0,original
3.57,8.63,0.0,original
3.95,8.31,0.0,original
4.09,8.29,0.0,original
14.01,12.52,0.0,original
11.38,13.44,0.0,original
11.49,11.7,70.0,original
9.17,14.81,86.0,original
21.76,12.75,87.0,original
20.81,16.19,87.0,original
7.6,124.79,76.0,original
2.77,15.24,79.0,original
8.6,140.97,55.0,original
6.4,24.98,75.0,original
9.61,24.41,74.0,original
4.52,3.05,0.0,original
4.02,11.98,0.0,original
4.26,11.71,0.0,original
6.29,8.02,0.0,original
2.44,7.53,0.0,original
2.45,7.84,0.0,original
15.47,16.99,0.0,original
2.73,8.09,0.0,original
15.78,16.1,0.0,original
6.27,8.4,0.0,original
3.63,19.63,42.0,original
6.97,11.78,60.0,original
6.14,15.11,35.0,original
2.39,19.31,51.0,original
2.82,12.75,43.0,original
7.15,18.62,48.0,original
3.96,14.98,39.0,original
6.72,20.53,39.0,original
6.12,12.8,28.0,original
6.51,11.11,57.0,original
5.13,7.87,42.0,original
5.32,22.18,52.0,original
9.62,7.48,46.0,original
7.59,21.74,47.0,original
7.8,11.76,46.0,original
6.84,20.9,31.0,original
4.32,21.55,64.0,original
4.54,12.2,43.0,original
6.26,11.55,44.0,original
13.85,30.76,49.0,original
5.35,4.11,79.0,original
6.86,19.1,39.0,original
3.35,12.05,59.0,original
4.27,17.36,67.0,original
2.21,18.05,55.0,original
4.19,13.24,68.0,original
3.99,13.48,39.0,original
7.2,13.26,39.0,original
5.6,20.94,62.0,original
13.19,45.49,55.0,original
9.6,25.13,76.0,original
7.73,49.32,75.0,original
8.8,50.66,74.0,original
17.12,45.41,43.0,original
14.76,49.37,53.0,original
16.82,47.19,66.0,original
12.91,15.86,0.0,original
3.23,16.83,0.0,original
7.68,12.66,0.0,original
15.64,2.83,0.0,original
12.55,2.91,0.0,original
5.78,65.82,71.0,original
1.5,144.4,83.0,original
10.42,11.69,44.0,original
9.08,70.05,55.0,original
8.79,34.95,32.0,original
8.26,12.67,22.0,original
11.83,13.41,39.0,original
9.14,45.6,47.0,original
15.15,15.56,49.0,original
7.8,15.29,43.0,original
5.69,32.87,95.0,original
2.28,11.85,90.0,original
9.79,31.04,69.0,original
6.46,15.89,27.0,original
9.03,15.05,47.0,original
3.77,10.76,26.0,original
6.77,32.58,34.0,original
7.28,15.64,97.0,original
4.46,15.14,86.0,original
7.22,11.28,83.0,original
2.83,30.4,91.0,original
1.7,51.23,81.0,original
7.1,47.61,83.0,original
3.68,30.89,89.0,original
6.89,16.06,66.0,original
15.41,31.02,58.0,original
5.48,15.7,69.0,original
14.88,24.75,69.0,original
9.22,45.0,50.0,original
7.25,16.93,50.0,original
11.62,14.91,60.0,original
12.63,32.14,63.0,original
6.95,11.64,79.0,original
3.38,16.9,92.0,original
8.73,16.14,88.0,original
8.03,7.89,62.0,original
6.56,5.54,41.0,original
7.65,19.45,41.0,original
7.92,11.06,52.0,original
9.02,7.39,56.0,original
4.18,19.49,60.0,original
6.08,5.87,50.0,original
3.66,17.74,56.0,original
6.76,19.67,56.0,original
4.77,14.29,67.0,original
5.33,11.48,41.0,original
6.81,13.62,44.0,original
3.85,18.22,62.0,original
6.55,16.87,60.0,original
5.36,12.35,37.0,original
4.78,16.04,55.0,original
9.9,32.24,37.0,original
8.85,16.26,23.0,original
13.11,10.76,37.0,original
5.8,9.99,59.0,original
12.39,16.72,59.0,original
1.67,61.62,23.0,original
9.12,13.24,51.0,original
8.27,64.63,50.0,original
2.35,35.55,63.0,original
7.55,12.75,71.0,original
2.11,12.3,88.0,original
1.37,17.0,88.0,original
4.87,12.5,90.0,original
7.32,12.14,87.0,original
6.06,11.94,81.0,original
3.87,32.02,79.0,original
4.41,15.78,92.0,original
5.04,17.04,78.0,original
5.99,31.29,88.0,original
10.24,12.83,57.0,original
2.63,71.57,32.0,original
2.56,17.48,50.0,original
6.92,17.99,34.0,original
5.77,11.22,50.0,original
2.83,13.54,34.0,original
3.42,21.42,60.0,original
6.16,14.29,47.0,original
2.44,19.4,50.0,original
2.56,13.92,51.0,original
6.6,48.3,82.0,original
8.82,15.06,84.0,original
4.37,15.68,88.0,original
2.33,34.04,80.0,original
1.8,16.84,96.0,original
6.76,49.04,85.0,original
4.14,12.49,83.0,original
9.43,35.39,79.0,original
7.42,13.27,21.0,original
2.22,149.53,21.0,original
6.3,12.76,62.0,original
2.05,35.78,82.0,original
8.33,149.78,56.0,original
5.07,32.6,46.0,original
11.44,33.96,72.0,original
5.79,15.75,51.0,original
16.59,51.74,49.0,original
5.1,31.85,69.0,original
17.16,16.14,66.0,original
11.07,14.88,69.0,original
23.12,33.31,89.0,original
8.22,8.48,69.0,original
29.35,30.58,90.0,original
24.87,15.58,62.0,original
6.19,16.58,54.0,original
3.18,19.83,41.0,original
3.57,19.52,59.0,original
4.07,12.82,51.0,original
4.0,11.64,67.0,original
2.35,18.26,51.0,original
5.39,16.63,52.0,original
3.32,13.43,54.0,original
14.47,9.73,0.0,original
23.36,55.36,0.0,original
23.95,10.71,0.0,original
11.71,38.08,0.0,original
3.02,70.71,0.0,original
18.9,9.82,0.0,original
13.92,11.68,67.0,original
6.63,15.67,46.0,original
11.37,14.06,51.0,original
5.37,12.29,65.0,original
10.84,16.19,36.0,original
6.37,14.03,44.0,original
2.02,8.16,58.0,original
8.19,11.75,29.0,original
6.74,5.55,52.0,original
9.09,7.36,37.0,original
4.22,138.72,81.0,original
2.66,33.25,80.0,original
4.91,31.0,75.0,original
4.11,25.63,68.0,original
3.07,18.68,39.0,original
4.37,13.07,47.0,original
5.3,12.42,56.0,original
6.8,18.77,65.0,original
2.34,11.23,58.0,original
4.79,17.65,38.0,original
5.45,17.19,68.0,original
7.48,16.7,41.0,original
7.47,7.72,51.0,original
9.54,11.99,23.0,original
6.07,64.62,69.0,original
6.59,12.81,82.0,original
29.14,15.26,67.0,original
6.57,12.08,75.0,original
25.66,17.15,58.0,original
9.03,15.36,62.0,original
10.27,7.53,71.0,original
26.36,29.62,82.0,original
29.94,32.45,67.0,original
10.29,12.36,55.0,original
6.89,14.85,63.0,original
2.73,14.93,66.0,original
12.71,30.31,38.0,original
14.28,16.47,66.0,original
4.9,11.6,40.0,original
5.14,12.34,45.0,original
6.45,19.66,59.0,original
7.91,21.59,56.0,original
5.62,5.88,58.0,original
2.32,8.56,22.0,original
8.54,11.44,25.0,original
5.41,22.35,50.0,original
4.45,7.46,0.0,original
12.11,11.7,0.0,original
3.65,2.8,0.0,original
3.46,2.84,0.0,original
6.73,35.46,78.0,original
9.85,31.79,60.0,original
8.88,22.09,79.0,original
7.83,134.91,51.0,original
8.64,71.43,0.0,original
23.61,72.83,0.0,original
7.33,10.38,0.0,original
22.77,40.25,0.0,original
7.0,10.14,0.0,original
21.53,56.16,0.0,original
11.04,71.45,0.0,original
19.5,73.07,0.0,original
3.52,10.14,0.0,original
16.48,51.33,0.0,original
2.44,12.82,81.0,original
7.84,13.35,34.0,original
11.75,137.29,27.0,original
5.32,64.15,30.0,original
3.31,12.18,78.0,original
7.59,144.21,48.0,original
8.29,12.35,69.0,original
5.11,13.46,52.0,original
7.45,19.1,57.0,original
4.65,18.37,39.0,original
5.13,11.98,53.0,original
8.15,16.66,73.0,original
9.98,33.34,31.0,original
6.66,11.4,54.0,original
10.39,15.62,31.0,original
9.17,15.16,37.0,original
14.86,13.99,45.0,original
8.62,16.67,33.0,original
4.4,12.84,50.0,original
17.63,32.31,72.0,original
17.97,34.55,44.0,original
16.1,22.95,58.0,original
6.27,49.51,66.0,original
14.66,17.16,64.0,original
6.99,16.18,38.0,original
11.49,25.67,39.0,original
13.54,33.97,64.0,original
11.16,17.17,66.0,original
13.97,11.42,63.0,original
1.83,29.69,40.0,original
2.09,15.8,62.0,original
12.44,15.0,72.0,original
8.11,12.04,64.0,original
8.7,150.22,76.0,original
4.94,34.08,54.0,original
10.66,64.29,38.0,original
11.22,133.26,72.0,original
1.37,13.33,39.0,original
11.67,61.8,83.0,original
11.22,15.01,33.0,original
14.62,30.16,70.0,original
5.61,15.43,46.0,original
3.54,33.56,50.0,original
5.32,11.08,42.0,original
1.99,15.83,69.0,original
12.02,32.32,36.0,original
6.78,15.11,58.0,original
6.86,8.59,18.0,original
7.34,11.45,20.0,original
2.27,11.04,35.0,original
8.82,49.95,79.0,original
5.57,16.8,82.0,original
4.97,32.14,98.0,original
9.13,55.48,0.0,original
10.38,52.41,0.0,original
20.66,35.17,0.0,original
24.32,52.12,0.0,original
8.99,16.7,57.0,original
14.82,15.06,72.0,original
14.88,15.98,62.0,original
13.44,15.89,31.0,original
2.92,11.77,50.0,original
8.59,11.55,34.0,original
7.5,11.75,29.0,original
8.91,137.25,77.0,original
2.37,137.2,64.0,original
11.44,13.11,58.0,original
3.87,66.56,85.0,original
5.12,142.72,85.0,original
3.05,64.61,72.0,original
2.19,12.97,81.0,original
8.6,8.12,0.0,original
2.37,7.75,0.0,original
13.03,8.29,0.0,original
8.1,12.02,0.0,original
8.38,17.87,0.0,original
6.09,33.95,55.0,original
29.3,31.59,81.0,original
9.07,25.4,40.0,original
21.77,7.49,88.0,original
10.39,3.77,45.0,original
34.69,8.25,59.0,original
12.2,24.98,76.0,original
30.8,8.17,63.0,original
8.13,31.88,70.0,original
1.52,15.31,44.0,original
7.55,12.64,66.0,original
13.11,29.64,52.0,original
4.72,30.71,66.0,original
3.22,32.15,39.0,original
7.39,34.52,40.0,original
11.93,12.26,50.0,original
14.2,15.86,0.0,original
10.63,16.24,0.0,original
5.89,8.0,0.0,original
2.99,8.23,0.0,original
6.73,7.6,0.0,original
2.42,3.08,0.0,original
9.06,3.13,0.0,original
7.22,3.1,0.0,original
10.18,7.98,0.0,original
4.96,31.5,61.0,original
11.49,69.24,63.0,original
8.29,140.17,70.0,original
4.12,31.59,71.0,original
7.07,33.85,42.0,original
3.21,62.11,60.0,original
10.51,32.62,72.0,original
4.94,69.38,86.0,original
2.66,14.04,48.0,original
4.11,18.7,65.0,original
3.48,18.29,38.0,original
2.68,14.02,45.0,original
6.99,19.33,36.0,original
4.96,20.79,37.0,original
3.94,14.08,38.0,original
6.86,11.3,64.0,original
8.71,23.17,56.0,original
8.47,131.85,49.0,original
4.25,33.72,51.0,original
6.31,133.86,78.0,original
6.28,14.88,50.0,original
7.5,139.98,60.0,original
9.3,23.3,66.0,original
8.24,126.16,69.0,original
11.22,31.74,52.0,original
11.28,3.77,76.0,original
23.69,3.81,49.0,original
20.09,24.16,48.0,original
33.7,8.57,47.0,original
23.86,30.06,83.0,original
15.31,24.04,41.0,original
12.74,3.91,47.0,original
6.81,31.75,65.0,original
19.45,7.49,72.0,original
18.02,16.74,68.0,original
7.99,16.34,81.0,original
6.49,14.85,71.0,original
17.3,12.89,73.0,original
8.2,8.1,68.0,original
8.74,15.71,82.0,original
4.13,11.18,39.0,original
12.95,31.52,42.0,original
14.04,34.48,61.0,original
21.07,35.76,0.0,original
4.7,10.43,0.0,original
17.87,35.99,0.0,original
23.65,50.8,0.0,original
3.81,77.59,0.0,original
8.48,14.91,31.0,original
2.9,10.37,41.0,original
5.77,9.97,67.0,original
8.32,16.98,66.0,original
3.51,10.39,53.0,original
11.41,14.8,50.0,original
10.74,14.87,57.0,original
12.6,9.45,36.0,original
26.44,12.39,80.0,original
23.27,30.79,74.0,original
6.65,8.0,30.0,original
9.08,5.83,48.0,original
4.59,20.11,30.0,original
2.65,21.97,33.0,original
7.76,19.33,40.0,original
4.2,21.5,24.0,original
8.51,5.8,23.0,original
3.53,6.11,27.0,original
3.86,24.54,63.0,original
3.48,129.02,65.0,original
3.52,33.33,71.0,original
2.92,35.29,71.0,original
8.64,34.56,78.0,original
6.32,34.23,60.0,original
8.02,23.05,65.0,original
2.17,15.45,30.0,original
2.43,15.79,73.0,original
14.89,16.89,53.0,original
14.6,31.33,65.0,original
6.94,16.64,45.0,original
5.03,16.99,56.0,original
11.86,62.56,21.0,original
5.09,11.75,48.0,original
6.68,69.84,71.0,original
5.16,33.87,23.0,original
11.66,64.59,25.0,original
6.63,11.98,25.0,original
6.74,62.02,31.0,original
8.15,11.86,78.0,original
4.28,15.82,95.0,original
8.03,49.74,84.0,original
1.22,33.49,27.0,original
8.65,63.41,40.0,original
7.02,25.65,67.0,original
8.72,23.46,53.0,original
8.41,24.03,67.0,original
8.78,15.07,55.0,original
5.61,16.82,49.0,original
6.97,24.38,64.0,original
7.52,24.82,81.0,original
8.84,31.25,52.0,original
4.74,32.69,60.0,original
4.87,123.42,75.0,original
9.58,137.22,65.0,original
4.69,16.95,70.0,original
9.01,22.56,76.0,original
5.34,17.2,59.0,original
5.83,21.57,53.0,original
3.42,14.01,47.0,original
5.06,17.99,38.0,original
6.93,18.94,61.0,original
3.12,17.96,43.0,original
5.77,15.83,0.0,original
2.61,11.83,0.0,original
11.41,8.02,0.0,original
15.44,2.81,0.0,original
4.53,3.0,0.0,original
6.05,3.05,0.0,original
8.92,3.19,0.0,original
6.6,8.46,0.0,original
12.05,77.38,0.0,original
15.49,76.19,0.0,original
22.11,67.14,0.0,original
19.72,53.44,0.0,original
8.87,9.7,0.0,original
19.88,10.78,0.0,original
21.71,10.65,0.0,original
3.75,8.11,60.0,original
16.86,3.83,46.0,original
15.68,34.49,57.0,original
4.97,7.44,55.0,original
21.2,29.55,83.0,original
18.28,24.11,47.0,original
7.38,5.94,54.0,original
3.51,8.46,61.0,original
2.36,7.97,60.0,original
5.12,19.61,61.0,original
3.94,11.38,57.0,original
5.03,16.48,72.0,original
10.11,32.33,48.0,original
5.75,18.2,53.0,original
2.89,20.12,52.0,original
7.31,17.02,61.0,original
6.22,20.45,64.0,original
5.92,18.48,51.0,original
7.18,18.64,59.0,original
10.84,12.31,0.0,original
8.61,17.61,0.0,original
7.53,15.41,61.0,original
2.56,14.81,55.0,original
7.35,138.01,57.0,original
8.64,133.21,82.0,original
9.68,15.78,65.0,original
19.76,33.55,71.0,original
9.89,48.4,63.0,original
2.5,16.35,44.0,original
4.43,11.16,54.0,original
12.82,11.43,71.0,original
3.41,15.18,59.0,original
11.81,23.31,45.0,original
5.07,15.07,68.0,original
12.55,25.55,61.0,original
3.78,24.94,39.0,original
11.55,16.03,53.0,original
9.22,15.51,25.0,original
11.27,15.29,23.0,original
8.74,7.54,81.0,original
29.35,7.65,88.0,original
17.96,15.2,79.0,original
24.8,29.73,87.0,original
13.39,7.81,69.0,original
18.08,12.73,68.0,original
3.96,7.68,29.0,original
5.86,12.28,47.0,original
9.22,7.56,54.0,original
7.99,6.13,55.0,original
4.89,8.45,22.0,original
7.7,11.48,24.0,original
4.87,31.12,39.0,original
11.76,14.49,33.0,original
5.56,12.91,71.0,original
14.29,12.43,51.0,original
8.16,15.78,52.0,original
12.08,31.16,69.0,original
7.93,15.85,51.0,original
8.64,32.76,27.0,original
4.45,9.26,41.0,original
7.2,29.96,52.0,original
3.35,33.15,28.0,original
10.74,17.26,46.0,original
5.4,23.43,28.0,original
3.7,10.38,46.0,original
9.62,15.71,31.0,original
3.09,14.94,69.0,original
4.54,24.26,64.0,original
10.25,30.97,38.0,original
3.75,9.77,39.0,original
13.79,24.35,61.0,original
12.2,22.39,27.0,original
9.66,10.61,27.0,original
6.99,12.94,43.0,original
2.73,15.08,50.0,original
3.92,13.34,39.0,original
7.24,20.43,53.0,original
3.37,18.81,35.0,original
3.78,21.35,66.0,original
3.25,17.3,42.0,original
13.7,14.77,34.0,original
13.84,11.06,41.0,original
4.99,14.95,46.0,original
12.32,31.99,56.0,original
13.83,16.41,62.0,original
11.91,13.41,0.0,original
13.48,2.87,0.0,original
9.61,15.96,0.0,original
14.96,11.83,0.0,original
11.83,8.09,0.0,original
5.29,13.36,0.0,original
6.78,7.58,0.0,original
9.04,34.04,58.0,original
2.89,23.27,68.0,original
9.08,143.55,76.0,original
7.05,137.42,56.0,original
7.88,16.1,53.0,original
8.61,22.9,58.0,original
3.0,17.01,51.0,original
6.11,134.99,62.0,original
7.29,15.5,88.0,original
1.84,12.24,92.0,original
4.45,9.92,60.0,original
13.2,23.33,42.0,original
3.38,23.28,66.0,original
4.66,14.75,37.0,original
6.37,10.2,27.0,original
10.72,23.87,43.0,original
8.85,5.88,47.0,original
4.55,22.02,51.0,original
3.6,8.32,29.0,original
5.54,15.12,67.0,original
4.13,33.64,41.0,original
13.39,15.15,53.0,original
8.65,16.69,69.0,original
7.12,24.58,25.0,original
5.53,9.55,22.0,original
8.24,29.87,24.0,original
5.21,9.45,34.0,original
7.05,33.65,90.0,original
7.05,17.22,82.0,original
10.53,9.31,41.0,original
11.75,23.23,55.0,original
13.62,24.98,41.0,original
5.86,16.39,62.0,original
5.88,13.44,49.0,original
1.34,12.39,50.0,original
22.96,25.55,64.0,original
17.32,14.76,57.0,original
8.88,32.33,54.0,original
3.05,17.01,70.0,original
3.65,15.71,70.0,original
10.9,15.68,51.0,original
7.74,11.8,34.0,original
4.91,8.23,48.0,original
9.11,6.3,30.0,original
9.82,16.15,38.0,original
2.71,14.6,49.0,original
5.51,16.92,71.0,original
11.16,11.62,73.0,original
13.25,15.55,39.0,original
8.7,33.06,29.0,original
5.34,134.05,40.0,original
1.58,34.42,43.0,original
3.9,12.79,68.0,original
7.79,70.36,33.0,original
9.19,12.87,38.0,original
9.61,146.91,52.0,original
7.48,19.62,38.0,original
5.98,19.68,36.0,original
2.47,18.63,66.0,original
2.98,11.25,63.0,original
4.18,20.76,52.0,original
12.33,48.0,0.0,original
9.24,40.51,0.0,original
4.34,52.64,0.0,original
24.05,9.47,0.0,original
18.83,70.27,0.0,original
15.49,10.59,0.0,original
10.89,69.61,0.0,original
16.08,49.35,0.0,original
7.59,24.92,59.0,original
5.68,16.13,71.0,original
9.16,25.26,64.0,original
8.55,17.2,71.0,original
10.37,62.97,30.0,original
8.54,65.41,36.0,original
4.64,13.34,50.0,original
1.99,66.36,85.0,original
7.57,12.34,66.0,original
1.89,146.1,20.0,original
8.09,32.79,49.0,original
10.74,11.74,44.0,original
4.09,14.98,97.0,original
3.51,45.99,85.0,original
3.93,16.93,96.0,original
7.59,11.09,89.0,original
6.42,12.63,83.0,original
9.57,51.06,75.0,original
10.42,44.57,66.0,original
16.28,30.03,53.0,original
4.59,15.58,42.0,original
15.92,22.78,73.0,original
8.06,15.01,65.0,original
6.55,15.89,45.0,original
2.4,11.58,50.0,original
12.34,12.37,62.0,original
2.25,29.95,71.0,original
13.06,17.26,65.0,original
8.77,15.32,36.0,original
13.29,11.61,30.0,original
4.75,32.95,61.0,original
2.86,33.25,81.0,original
4.27,128.68,53.0,original
6.47,129.41,69.0,original
6.94,33.78,65.0,original
8.08,15.68,75.0,original
6.27,23.94,81.0,original
9.34,22.7,48.0,original
3.15,16.37,25.0,original
4.33,34.03,65.0,original
2.66,31.72,65.0,original
6.92,10.26,45.0,original
10.74,16.14,50.0,original
6.34,29.82,66.0,original
6.25,32.83,30.0,original
4.3,10.24,63.0,original
5.03,25.15,70.0,original
3.24,16.31,54.0,original
4.64,34.22,71.0,original
8.8,16.05,54.0,original
4.51,11.6,70.0,original
8.59,32.22,46.0,original
3.84,31.57,67.0,original
6.13,15.92,55.0,original
6.07,34.91,80.0,original
6.95,142.4,60.0,original
9.68,15.18,67.0,original
3.21,15.82,99.0,original
1.66,12.11,78.0,original
6.78,17.02,90.0,original
8.45,50.41,99.0,original
6.74,12.52,97.0,original
6.88,30.52,99.0,original
9.89,14.21,74.0,original
6.31,14.51,37.0,original
10.28,33.07,65.0,original
7.96,17.04,59.0,original
9.23,11.73,70.0,original
12.21,31.4,50.0,original
6.24,22.27,42.0,original
12.17,51.25,73.0,original
17.69,46.31,56.0,original
16.12,44.18,55.0,original
22.21,31.19,62.0,original
7.21,30.35,56.0,original
13.51,33.99,52.0,original
9.41,11.97,32.0,original
8.63,14.72,49.0,original
6.93,33.2,70.0,original
2.69,30.96,74.0,original
6.61,34.24,59.0,original
6.61,33.67,48.0,original
3.24,22.66,51.0,original
9.69,33.6,62.0,original
3.55,23.86,66.0,original
3.95,34.9,56.0,original
7.44,124.27,62.0,original
4.27,14.96,46.0,original
6.75,13.78,38.0,original
8.91,48.3,90.0,original
7.9,14.73,87.0,original
7.67,15.84,80.0,original
3.81,31.3,99.0,original
2.3,31.88,79.0,original
5.7,11.7,83.0,original
5.62,12.2,53.0,original
9.76,32.06,23.0,original
1.5,12.96,28.0,original
2.31,33.93,79.0,original
21.29,30.79,45.0,original
21.22,32.3,60.0,original
6.2,16.78,58.0,original
9.07,46.97,65.0,original
15.8,32.44,67.0,original
3.13,10.28,0.0,original
16.98,40.87,0.0,original
12.56,53.58,0.0,original
23.87,52.39,0.0,original
6.48,31.04,72.0,original
8.49,44.37,65.0,original
3.23,23.98,50.0,original
4.28,15.15,53.0,original
10.67,15.01,22.0,original
7.19,13.36,36.0,original
3.77,18.18,37.0,original
8.26,11.71,0.0,original
4.62,2.78,0.0,original
5.82,7.48,0.0,original
5.7,32.59,36.0,original
11.53,15.47,52.0,original
9.42,10.04,56.0,original
2.04,20.77,19.0,original
4.76,7.89,24.0,original
8.06,6.13,30.0,original
9.34,22.63,24.0,original
3.36,6.13,61.0,original
5.82,21.38,58.0,original
2.9,8.23,57.0,original
2.14,22.25,32.0,original
8.99,5.73,29.0,original
9.89,8.1,43.0,original
8.19,6.04,54.0,original
8.07,6.18,37.0,original
6.71,19.96,51.0,original
7.1,14.11,37.0,original
3.74,18.01,40.0,original
2.94,18.35,45.0,original
2.82,12.17,86.0,original
6.78,44.45,96.0,original
17.77,27.49,87.0,original
14.18,8.21,42.0,original
1.57,4.14,42.0,original
2.44,4.21,54.0,original
33.3,30.79,78.0,original
24.57,4.3,64.0,original
11.63,33.01,55.0,original
19.59,22.43,68.0,original
12.65,22.44,42.0,original
22.37,30.46,72.0,original
4.67,18.59,53.0,original
4.23,20.78,67.0,original
3.08,18.97,53.0,original
2.5,18.84,37.0,original
6.96,14.6,67.0,original
13.6,9.83,55.0,original
6.6,23.3,30.0,original
11.92,29.65,24.0,original
3.51,14.97,25.0,original
7.49,10.0,63.0,original
8.33,10.1,25.0,original
4.18,9.28,53.0,original
7.76,11.76,61.0,original
5.71,146.25,47.0,original
1.54,146.97,77.0,original
1.72,34.44,77.0,original
6.51,147.08,55.0,original
3.67,150.68,44.0,original
9.34,32.72,25.0,original
2.3,62.03,68.0,original
11.07,12.94,77.0,original
9.25,35.48,80.0,original
11.91,62.71,64.0,original
9.78,33.65,56.0,original
10.45,35.1,31.0,original
7.56,69.14,73.0,original
10.46,8.41,87.0,original
7.07,15.94,79.0,original
16.25,31.85,75.0,original
12.1,15.46,68.0,original
29.0,15.52,81.0,original
13.29,34.02,70.0,original
7.5,33.06,66.0,original
8.16,31.41,37.0,original
12.42,11.21,79.0,original
10.48,15.56,89.0,original
25.94,14.93,79.0,original
29.14,7.87,90.0,original
9.36,12.63,36.0,original
5.53,31.24,43.0,original
11.79,63.8,21.0,original
3.58,31.74,71.0,original
7.7,35.96,76.0,original
6.73,62.41,53.0,original
5.04,62.51,51.0,original
3.15,133.66,80.0,original
8.94,14.97,82.0,original
6.9,15.42,51.0,original
7.71,14.85,91.0,original
8.93,34.51,89.0,original
2.12,15.49,85.0,original
1.75,31.83,90.0,original
3.32,12.93,99.0,original
1.39,17.02,80.0,original
7.8,50.8,86.0,original
3.09,13.38,40.0,original
2.64,11.4,50.0,original
7.07,21.3,39.0,original
2.25,12.87,46.0,original
7.18,14.38,63.0,original
10.41,12.03,45.0,original
14.13,12.78,57.0,original
12.83,14.7,68.0,original
10.35,32.95,31.0,original
4.08,12.81,35.0,original
9.55,16.75,43.0,original
8.21,17.97,0.0,original
8.66,15.47,0.0,original
12.53,16.2,0.0,original
5.21,8.22,0.0,original
2.43,2.8,0.0,original
14.52,3.2,0.0,original
6.79,3.1,0.0,original
24.54,54.1,0.0,original
17.58,52.16,0.0,original
10.89,73.03,0.0,original
13.91,17.62,0.0,original
11.0,17.46,0.0,original
2.32,16.48,0.0,original
5.7,8.38,0.0,original
12.58,7.64,0.0,original
23.03,67.06,0.0,original
23.11,52.4,0.0,original
16.64,36.48,0.0,original
12.54,69.78,0.0,original
23.47,50.75,0.0,original
12.55,73.98,0.0,original
6.75,34.16,34.0,original
6.3,31.48,28.0,original
2.62,5.58,55.0,original
7.21,8.24,32.0,original
6.98,11.19,23.0,original
7.56,5.56,59.0,original
2.97,6.4,47.0,original
3.81,19.5,60.0,original
17.52,54.76,0.0,original
11.38,39.48,0.0,original
6.43,129.38,75.0,original
8.55,134.19,59.0,original
3.0,35.5,54.0,original
5.71,23.23,51.0,original
7.72,132.13,50.0,original
4.62,33.5,71.0,original
8.09,11.17,81.0,original
2.96,49.8,99.0,original
7.97,142.64,62.0,original
9.26,16.4,67.0,original
9.28,31.75,76.0,original
9.0,15.32,48.0,original
6.9,131.54,70.0,original
9.78,25.33,72.0,original
13.52,13.08,0.0,original
6.08,7.5,0.0,original
3.76,15.65,0.0,original
3.0,3.13,0.0,original
14.88,33.39,60.0,original
28.15,25.04,62.0,original
14.16,3.88,75.0,original
13.33,4.11,77.0,original
8.15,7.85,46.0,original
31.58,8.46,79.0,original
14.53,33.77,35.0,original
5.6,16.84,87.0,original
7.7,11.62,87.0,original
2.52,12.23,95.0,original
2.68,11.62,95.0,original
2.9,12.69,87.0,original
4.21,34.39,86.0,original
10.13,11.39,57.0,original
3.47,14.86,62.0,original
5.28,10.79,53.0,original
5.64,10.2,57.0,original
11.35,34.32,25.0,original
8.66,10.47,63.0,original
3.87,15.93,45.0,original
11.45,10.0,64.0,original
8.1,32.52,93.0,original
7.7,50.84,97.0,original
6.16,16.53,84.0,original
8.46,12.71,78.0,original
2.45,29.5,89.0,original
3.91,16.55,84.0,original
23.76,11.72,63.0,original
6.47,29.55,86.0,original
24.84,12.76,57.0,original
19.84,11.7,73.0,original
7.12,16.58,56.0,original
26.63,31.34,69.0,original
9.28,32.17,65.0,original
2.2,20.88,50.0,original
3.11,11.44,64.0,original
5.82,14.02,54.0,original
12.07,30.39,62.0,original
3.98,15.91,72.0,original
12.57,14.84,44.0,original
5.18,30.45,70.0,original
6.95,21.13,67.0,original
3.31,12.23,40.0,original
2.96,12.02,65.0,original
3.25,12.94,57.0,original
4.09,20.76,38.0,original
6.41,13.68,66.0,original
6.04,11.86,54.0,original
5.91,16.38,46.0,original
15.19,34.37,74.0,original
21.54,50.4,73.0,original
8.0,16.91,60.0,original
11.67,15.94,63.0,original
16.64,25.61,50.0,original
15.85,34.01,54.0,original
10.11,16.11,44.0,original
10.52,9.38,66.0,original
12.77,25.54,25.0,original
5.06,24.42,58.0,original
4.3,18.91,36.0,original
7.25,21.17,52.0,original
4.14,14.47,46.0,original
7.43,14.07,54.0,original
3.35,20.11,55.0,original
7.14,16.74,46.0,original
5.34,18.7,67.0,original
3.57,21.38,59.0,original
9.99,14.06,74.0,original
7.92,32.33,59.0,original
2.2,11.57,50.0,original
5.87,18.97,44.0,original
4.74,18.18,63.0,original
4.6,11.07,62.0,original
2.55,14.98,42.0,original
21.83,29.61,70.0,original
29.93,7.68,74.0,original
6.42,33.23,70.0,original
13.47,16.47,87.0,original
24.75,31.19,65.0,original
27.2,7.88,90.0,original
9.02,9.84,25.0,original
9.86,9.47,35.0,original
11.11,22.97,50.0,original
11.51,16.66,65.0,original
3.67,30.06,57.0,original
5.24,31.35,61.0,original
7.75,9.62,64.0,original
13.9,24.61,61.0,original
8.34,14.88,52.0,original
9.27,30.29,50.0,original
21.41,31.77,59.0,original
7.8,32.57,45.0,original
11.36,50.97,0.0,original
12.49,9.47,0.0,original
7.93,9.77,0.0,original
14.11,38.18,0.0,original
14.69,12.74,54.0,original
10.87,15.85,74.0,original
2.21,16.01,72.0,original
7.31,15.47,0.0,original
10.12,8.08,0.0,original
4.61,8.37,0.0,original
7.66,3.19,0.0,original
7.74,7.51,0.0,original
4.16,12.89,0.0,original
2.38,3.14,0.0,original
14.0,17.19,0.0,original
2.79,13.44,0.0,original
8.17,12.17,0.0,original
8.4,12.43,0.0,original
15.02,8.06,0.0,original
6.58,3.23,0.0,original
14.63,3.07,0.0,original
22.55,24.59,44.0,original
21.83,48.93,64.0,original
4.72,15.17,48.0,original
17.82,29.66,74.0,original
16.74,49.22,62.0,original
22.98,46.16,66.0,original
12.98,25.72,59.0,original
6.73,17.31,41.0,original
6.81,11.37,45.0,original
5.75,19.29,44.0,original
2.22,11.28,68.0,original
5.19,12.21,41.0,original
3.42,16.77,41.0,original
14.03,26.53,42.0,original
16.33,26.79,42.0,original
28.27,27.0,45.0,original
23.41,25.21,77.0,original
18.82,27.86,74.0,original
6.21,30.73,56.0,original
6.49,11.84,67.0,original
11.1,132.69,40.0,original
2.01,35.4,41.0,original
1.47,32.49,82.0,original
4.86,32.46,21.0,original
3.72,18.59,54.0,original
5.55,15.05,35.0,original
2.65,18.14,40.0,original
5.34,12.77,40.0,original
2.34,20.97,34.0,original
2.88,12.74,63.0,original
4.31,11.85,65.0,original
4.79,13.01,52.0,original
12.34,24.66,54.0,original
13.76,29.68,84.0,original
7.87,4.22,46.0,original
6.26,8.34,75.0,original
21.36,27.84,40.0,original
10.05,3.94,40.0,original
6.31,26.31,57.0,original
19.28,32.37,57.0,original
7.49,65.11,43.0,original
6.56,34.68,84.0,original
5.18,12.53,79.0,original
8.57,46.0,71.0,original
7.68,15.07,69.0,original
8.51,34.44,26.0,original
13.95,9.25,25.0,original
9.69,25.62,54.0,original
4.65,3.09,0.0,original
15.4,12.79,0.0,original
15.53,7.54,0.0,original
9.11,15.9,0.0,original
10.02,2.99,0.0,original
13.23,7.4,0.0,original
12.15,8.17,0.0,original
10.32,15.07,59.0,original
11.2,17.2,24.0,original
6.92,14.74,27.0,original
13.85,30.41,44.0,original
8.68,15.52,27.0,original
7.49,67.89,55.0,original
1.26,12.7,46.0,original
5.9,155.02,66.0,original
5.11,67.3,36.0,original
2.77,12.47,31.0,original
11.43,13.41,35.0,original
11.65,17.5,0.0,original
2.41,2.92,0.0,original
3.3,8.46,0.0,original
14.72,16.11,0.0,original
12.05,12.18,0.0,original
25.63,31.01,84.0,original
22.18,30.88,39.0,original
6.23,23.25,75.0,original
4.02,141.69,68.0,original
3.08,15.7,70.0,original
6.25,34.27,68.0,original
8.85,15.8,53.0,original
9.28,15.17,58.0,original
16.67,8.38,57.0,original
21.62,8.52,58.0,original
3.27,16.35,40.0,original
6.67,22.75,48.0,original
11.14,31.86,40.0,original
2.59,10.29,39.0,original
6.03,29.99,25.0,original
3.07,30.56,68.0,original
2.38,4.2,37.0,original
18.36,34.38,37.0,original
4.08,29.71,72.0,original
33.22,30.88,83.0,original
3.43,3.98,65.0,original
31.09,8.07,46.0,original
9.06,3.88,42.0,original
11.44,13.23,31.0,original
7.17,13.38,36.0,original
4.67,31.8,69.0,original
4.92,141.46,52.0,original
10.2,35.11,61.0,original
11.84,32.5,76.0,original
3.84,72.06,27.0,original
4.93,69.07,49.0,original
6.68,32.65,35.0,original
10.4,14.79,70.0,original
4.98,15.57,35.0,original
7.61,11.6,61.0,original
2.79,11.94,38.0,original
3.6,11.17,58.0,original
9.02,12.17,55.0,original
2.5,12.1,93.0,original
4.26,29.92,88.0,original
7.1,29.93,79.0,original
2.93,30.83,81.0,original
6.58,46.81,88.0,original
18.89,34.2,58.0,original
21.72,34.14,42.0,original
11.6,12.76,47.0,original
4.71,68.96,35.0,original
10.56,11.5,54.0,original
2.18,13.37,32.0,original
2.31,144.84,46.0,original
1.8,11.82,37.0,original
11.96,30.99,85.0,original
5.92,15.26,67.0,original
9.11,12.37,74.0,original
4.33,51.12,83.0,original
8.68,11.74,83.0,original
4.21,12.56,94.0,original
4.51,30.12,96.0,original
3.7,11.51,97.0,original
3.81,153.58,34.0,original
6.96,144.03,24.0,original
11.91,12.64,63.0,original
1.61,11.56,73.0,original
10.44,13.01,58.0,original
2.74,12.38,52.0,original
3.03,6.12,40.0,original
3.52,20.67,42.0,original
8.35,5.79,26.0,original
3.66,12.16,54.0,original
3.82,21.9,39.0,original
8.46,12.69,43.0,original
9.21,64.21,36.0,original
8.28,61.99,62.0,original
3.87,11.83,42.0,original
7.5,70.96,62.0,original
2.06,135.59,28.0,original
3.02,13.44,21.0,original
17.38,56.08,0.0,original
13.36,70.13,0.0,original
11.53,70.66,0.0,original
17.55,35.4,0.0,original
4.6,35.12,0.0,original
24.87,50.29,0.0,original
7.98,61.66,58.0,original
1.21,31.71,84.0,original
9.62,5.78,20.0,original
2.07,6.34,29.0,original
4.73,7.55,47.0,original
4.4,20.54,39.0,original
6.81,8.44,41.0,original
4.16,22.0,48.0,original
5.14,29.61,84.0,original
4.51,17.06,81.0,original
2.17,47.18,93.0,original
6.18,45.47,93.0,original
7.81,30.19,78.0,original
2.71,11.18,99.0,original
4.31,11.11,91.0,original
4.34,47.99,86.0,original
5.35,24.66,50.0,original
6.26,124.21,71.0,original
6.71,23.82,54.0,original
2.63,34.57,59.0,original
7.76,16.05,57.0,original
3.57,32.37,49.0,original
5.42,16.41,81.0,original
5.87,34.35,60.0,original
8.73,136.28,72.0,original
5.68,16.92,58.0,original
4.8,23.88,70.0,original
13.63,12.39,74.0,original
23.18,30.59,55.0,original
29.61,15.93,69.0,original
12.13,15.67,72.0,original
20.17,15.39,61.0,original
5.23,63.22,41.0,original
11.89,63.95,57.0,original
5.81,152.21,33.0,original
5.38,69.7,52.0,original
9.73,63.85,41.0,original
8.23,12.05,21.0,original
8.09,136.9,24.0,original
4.44,13.42,34.0,original
6.23,33.99,36.0,original
11.91,149.68,80.0,original
1.53,12.13,64.0,original
9.64,32.37,43.0,original
6.68,68.49,79.0,original
7.83,141.36,20.0,original
5.92,152.66,39.0,original
24.0,33.05,89.0,original
11.51,32.69,88.0,original
15.64,15.26,71.0,original
11.76,7.6,84.0,original
11.14,17.22,75.0,original
6.26,12.27,57.0,original
7.55,11.55,51.0,original
8.35,11.09,58.0,original
14.11,15.26,62.0,original
7.3,62.35,28.0,original
5.52,12.47,83.0,original
10.17,12.41,68.0,original
4.23,67.15,70.0,original
9.43,33.05,74.0,original
3.49,152.65,27.0,original
5.63,34.09,36.0,original
9.65,35.98,20.0,original
5.68,14.23,49.0,original
13.23,15.1,33.0,original
2.58,16.26,50.0,original
6.12,15.99,49.0,original
10.51,55.5,0.0,original
17.35,10.09,0.0,original
14.3,49.3,0.0,original
23.07,50.44,0.0,original
15.93,66.3,0.0,original
12.47,68.3,0.0,original
16.43,38.67,0.0,original
11.66,10.77,0.0,original
16.47,71.39,0.0,original
5.14,49.43,0.0,original
23.19,10.76,0.0,original
6.52,5.72,22.0,original
9.52,22.67,49.0,original
20.75,31.35,84.0,original
9.45,7.67,63.0,original
25.92,15.94,65.0,original
28.08,17.2,63.0,original
28.46,15.87,63.0,original
22.83,14.74,78.0,original
7.07,11.46,81.0,original
10.91,11.87,75.0,original
11.66,7.75,84.0,original
14.55,8.14,76.0,original
11.54,14.79,53.0,original
11.21,16.96,37.0,original
2.13,2.9,0.0,original
8.58,8.33,0.0,original
11.35,12.33,0.0,original
14.67,7.63,0.0,original
15.9,12.51,0.0,original
12.81,33.0,54.0,original
11.75,11.55,56.0,original
12.2,14.62,65.0,original
14.71,31.1,54.0,original
6.2,12.29,55.0,original
10.09,148.58,36.0,original
1.96,65.19,50.0,original
4.35,142.09,33.0,original
14.64,11.37,57.0,original
16.15,32.39,57.0,original
10.65,11.42,65.0,original
5.02,12.31,40.0,original
2.81,20.1,66.0,original
4.1,19.15,55.0,original
4.71,18.02,54.0,original
2.89,11.81,51.0,original
4.9,13.57,49.0,original
4.76,15.08,62.0,original
6.49,18.64,38.0,original
4.58,6.26,61.0,original
8.84,20.56,62.0,original
5.53,6.07,29.0,original
8.12,8.63,30.0,original
8.66,22.41,19.0,original
6.34,8.4,37.0,original
9.42,11.9,53.0,original
5.42,7.88,30.0,original
5.71,8.19,60.0,original
4.95,44.74,83.0,original
6.11,11.99,96.0,original
2.48,33.84,81.0,original
6.77,11.87,84.0,original
4.2,14.85,87.0,original
3.22,15.45,87.0,original
5.0,46.23,95.0,original
7.25,30.22,80.0,original
3.25,14.73,78.0,original
2.6,44.74,89.0,original
6.1,29.75,99.0,original
2.54,49.25,83.0,original
13.87,8.06,0.0,original
14.74,3.23,0.0,original
15.28,16.37,0.0,original
15.25,76.98,0.0,original
17.57,51.71,0.0,original
24.14,55.74,0.0,original
10.03,16.18,55.0,original
6.23,12.07,57.0,original
9.63,33.18,35.0,original
13.26,12.9,72.0,original
2.88,14.31,70.0,original
2.25,12.2,40.0,original
4.19,22.39,27.0,original
5.26,11.53,20.0,original
5.45,12.79,40.0,original
6.02,5.57,39.0,original
9.19,7.72,43.0,original
2.24,12.48,35.0,original
4.42,7.95,39.0,original
17.16,50.81,0.0,original
24.21,67.02,0.0,original
18.17,48.11,0.0,original
14.8,39.35,0.0,original
9.06,10.64,54.0,original
13.51,34.35,29.0,original
8.78,9.46,29.0,original
3.56,9.21,47.0,original
7.65,10.04,55.0,original
7.27,24.26,24.0,original
12.4,9.69,24.0,original
12.43,24.73,46.0,original
10.58,13.05,53.0,original
4.72,12.39,49.0,original
6.06,13.03,32.0,original
4.19,31.45,34.0,original
3.19,12.94,30.0,original
2.53,137.26,85.0,original
3.87,139.44,48.0,original
6.95,138.46,23.0,original
3.18,136.22,36.0,original
5.24,11.98,79.0,original
11.49,31.35,54.0,original
4.15,12.45,77.0,original
1.39,154.07,78.0,original
10.84,141.34,41.0,original
13.6,30.47,48.0,original
10.41,11.59,57.0,original
1.65,11.68,53.0,original
13.29,34.05,30.0,original
2.02,12.33,91.0,original
-0.05032132010551451,-0.6365448502667609,-0.5849269866297783,z-score
-0.5417352643266695,-0.21293712497005776,0.3322758279868417,z-score
0.21578731394926254,-0.09647076740673059,-0.011675227494390806,z-score
-0.7617184018119519,-0.4805692563618921,0.5233597476986375,z-score
-0.7759108622948734,-0.48434840070760476,0.25584226010212335,z-score
-0.6268900272241983,-0.3658206916829798,-0.279192715090905,z-score
-0.8859024310375145,-0.5358821872400504,-0.279192715090905,z-score
-0.3253002419621176,-0.3579188444146715,-0.5849269866297783,z-score
-1.077500647556954,-0.5348515115094016,-0.4320598508603416,z-score
-0.6818858115955188,-0.4922502479759131,0.5233597476986375,z-score
-1.0562119568325719,-0.7705326952511196,-0.04989201143674997,z-score
-0.9834755968575994,-0.5441275930852417,-0.31740949903326415,z-score
0.15192124177611582,-0.7159068815267273,-0.5467102026874191,z-score
-0.6960782720784402,-0.292299156230024,-1.2728290975922432,z-score
-1.1537851226526568,-0.40017654937127695,1.822730401738849,z-score
-0.12128362252012179,0.1649773096012103,1.058394722891666,z-score
-0.09644681667500947,-0.5609619633525074,1.1348282907763843,z-score
0.9378287410178906,0.10244964860850955,0.37049261192920085,z-score
0.723167776213704,-0.45239745305748846,0.7526604513527925,z-score
-0.9958939997801556,-0.5073668253587639,-0.08810879537910914,z-score
-0.89122460371861,-0.5430969173545929,0.40870939587156,z-score
-1.0739525324362238,3.5397532103226337,1.0201779389493066,z-score
0.07208865155968285,-0.0968143259836135,0.17940869221740502,z-score
-0.5044800555590008,-0.46923182332475405,0.48514296375627836,z-score
-0.47786919215352314,-0.4709496162091689,-0.4320598508603416,z-score
-0.7244631930442831,-0.24729298265835487,0.4469261798139192,z-score
-0.9071911217618965,-0.329403482533385,-0.47027663480270077,z-score
0.38964495486504996,-0.1335750937100914,-0.8524444742262924,z-score
0.9058957049313174,-0.44758763298112686,-1.0435283939380882,z-score
0.8544480356807274,-0.6468516075732501,0.25584226010212335,z-score
0.2654609256394875,-0.15144013970800588,-0.5084934187450599,z-score
-0.6215678545431027,-0.3977716393330961,0.17940869221740502,z-score
-0.7102707325613616,-0.566115342005752,-0.6231437705721374,z-score
-0.4689989043516971,-0.5747043064278262,-0.4320598508603416,z-score
-0.7705886896137778,0.036142843270096175,-0.6995773384568558,z-score
0.9750839497855596,-0.42903546982944646,0.37049261192920085,z-score
0.7480045820588166,0.08630239549500997,-0.08810879537910914,z-score
-0.33417052976394346,0.06775023234332957,0.10297512433268668,z-score
2.731400934547088,0.8445361746757268,-1.9607312085547082,z-score
0.2743312134413135,0.3611492570013867,-1.9607312085547082,z-score
1.652773937845058,1.554671753092828,-1.9607312085547082,z-score
2.823651927686077,1.518254543943233,-1.9607312085547082,z-score
2.5327064877861876,1.5591380145923064,-1.9607312085547082,z-score
0.06321836375785682,0.20792213171158166,0.40870939587156,z-score
-0.21708273077984153,-0.16415180705267585,0.5997933155833558,z-score
-0.7918773803381599,-0.10952599332828346,0.7526604513527925,z-score
-0.9905718270990602,-0.14182049955528278,0.37049261192920085,z-score
-1.0597600719533022,-0.4211336225611381,0.638010099525715,z-score
-0.42819558046329803,0.15501411087160416,0.10297512433268668,z-score
0.10047357252552575,3.6057164570841644,0.9437443710645883,z-score
-0.6109235091809117,-0.44106002002035044,0.86731080317987,z-score
-0.9213835822448181,-0.4255998840606167,1.2112618586611026,z-score
-0.3075596663584658,-0.5757349821584751,1.3641289944305393,z-score
-1.1431407772904656,0.5892721520516795,1.5169961301999757,z-score
-1.1183039714453533,0.5638488173623395,1.2112618586611026,z-score
-0.6659192935522321,-0.44346493005853127,1.7462968338541307,z-score
-0.8149401286229073,-0.434188848482691,1.4405625623152574,z-score
-0.12483173764085223,-0.1122744619433473,-0.9670948260533699,z-score
0.15369529933648096,0.1079465858386371,-0.3556262829756233,z-score
0.13950283885355952,-0.4472440744042439,0.5233597476986375,z-score
0.13240660861209894,-0.6368884088436438,-0.8142276902839333,z-score
-0.04499914742441908,-0.4592686245951479,-0.8906612581686516,z-score
0.517377099211343,-0.6461644904194841,0.6762268834680741,z-score
-0.09999493179573976,-0.4073912794858193,0.4469261798139192,z-score
-0.6126975667412768,-0.5736736306971773,-1.9607312085547082,z-score
-0.633986257465659,-0.8753180612004257,-1.9607312085547082,z-score
-0.5151244009211919,0.07771343107293568,1.287695426545821,z-score
-0.8238104164247333,0.5992353507812856,1.096611506834025,z-score
-1.018956748064903,0.03751707757762815,1.3641289944305393,z-score
-0.07161001082989685,-0.4087655137933512,1.555212914142335,z-score
-0.6854339267162493,0.5593825558628611,1.3641289944305393,z-score
-0.13547608300304323,-0.5815754779654855,1.1730450747187433,z-score
-0.7918773803381599,0.6493949030061994,1.6316464820270533,z-score
-0.4264215229029329,0.05675635788307448,0.7908772352951516,z-score
-0.516898458481557,-0.4304097041369783,-0.6613605545144966,z-score
-0.89122460371861,-0.44758763298112686,0.4469261798139192,z-score
-0.4140031199803766,-0.5499680888922522,-0.16454236326382746,z-score
-0.21708273077984153,-0.30707217503599177,0.17940869221740502,z-score
-0.19756809761582464,-0.3208145181113107,0.5233597476986375,z-score
-1.0916931080398755,-0.5702380449283475,0.2176254761597642,z-score
-0.7563962291308564,-0.3194402838037787,0.5615765316409966,z-score
-0.7883292652174296,-0.2438573968895251,-0.6231437705721374,z-score
-1.0863709353587798,-0.4623606517870946,1.5169961301999757,z-score
0.013544752067631878,0.676536030579954,1.2494786426034616,z-score
0.009996636946901593,-0.42869191125256345,1.4405625623152574,z-score
0.5883394016259503,-0.5063361496281149,0.8290940192375108,z-score
0.9786320649062898,-0.4668269132865733,-0.39384306691798243,z-score
-0.46722484679133197,0.18284235559912487,-0.5467102026874191,z-score
3.6024631966863914,-0.6052810197704105,0.7908772352951516,z-score
0.19272456566451504,-0.44690051582736096,1.287695426545821,z-score
3.178463439759113,-0.729305666025163,0.9055275871222291,z-score
-1.1821700436184996,-0.6025325511553468,0.3322758279868417,z-score
0.5528582504186466,-0.5939435867332724,-0.8142276902839333,z-score
0.3506156885370162,-0.5898208838106769,0.638010099525715,z-score
1.1028160941318526,-0.42834835267568055,-0.47027663480270077,z-score
-0.5381871492059392,0.052633654960478796,-0.279192715090905,z-score
0.4765737753229438,-0.5066797082049979,0.5997933155833558,z-score
0.018866924748727306,-0.4781643463237113,0.2940590440444825,z-score
-0.7883292652174296,-0.44964898444242474,-0.47027663480270077,z-score
0.9378287410178906,-0.45033610159619064,-0.39384306691798243,z-score
-1.2424880006709158,-0.46923182332475405,-0.7760109063415741,z-score
0.6451092435576361,-0.5709251620821134,-0.16454236326382746,z-score
-0.06096566546770568,0.09283000845578646,-0.6231437705721374,z-score
-0.23127519126276297,0.17871965267652906,-0.4320598508603416,z-score
-0.3714257385316122,4.333373522922297,0.9819611550069475,z-score
-1.1076596260831622,4.129986845407578,0.5615765316409966,z-score
-0.5825385882150688,-0.5802012436579537,1.7080800499117716,z-score
-1.1484629499715613,0.1532963179871894,1.555212914142335,z-score
-0.28981909075481394,-0.5850110637343152,1.3641289944305393,z-score
-0.20466432785728536,-0.3953667292949153,1.555212914142335,z-score
-0.3359445873243086,-0.5702380449283475,1.4405625623152574,z-score
-0.5967310486979902,-0.5987534068096341,1.287695426545821,z-score
-0.8184882437436376,-0.5448147102390076,1.1730450747187433,z-score
-1.0562119568325719,-0.41975938825360626,1.6316464820270533,z-score
0.2796533861224089,-0.6372319674205269,-1.9607312085547082,z-score
-0.06096566546770568,-0.6317350301903993,-1.9607312085547082,z-score
0.2353019471132794,0.31854799346789825,-1.9607312085547082,z-score
2.1140289035400053,0.7984993253734086,-1.9607312085547082,z-score
1.9738783562711562,-0.6540663376877923,-1.9607312085547082,z-score
-0.3448148751261346,0.3855419159600777,-1.9607312085547082,z-score
2.880421769617763,-0.6612810678023348,-1.9607312085547082,z-score
-0.3856181990145337,-0.2483236583890037,-0.5084934187450599,z-score
-0.20111621273655492,-0.494311599437211,-0.6613605545144966,z-score
-0.6464046603882151,-0.28061816461600303,-0.1263255793214683,z-score
-0.45480644386877583,-0.5966920553483362,0.17940869221740502,z-score
-0.6481787179485804,-0.3884955577572559,-0.16454236326382746,z-score
-1.2708729216367587,0.676536030579954,1.096611506834025,z-score
-0.03612885962259305,0.07530852103475488,1.6316464820270533,z-score
-0.4583545589895061,0.04163978050022371,1.555212914142335,z-score
-0.8362288193472894,0.5655666102467546,1.0201779389493066,z-score
-1.2903875548007755,0.7363152229575911,1.6316464820270533,z-score
-0.5133503433608266,0.5978611164737537,1.096611506834025,z-score
-0.2224049034609371,-0.6049374611935275,1.7080800499117716,z-score
-1.0136345753838074,-0.4125446581390639,1.1348282907763843,z-score
2.0661293494101454,-0.44106002002035044,0.25584226010212335,z-score
0.7941300786283112,0.09798338710903097,0.37049261192920085,z-score
-0.3909403716956293,-0.3953667292949153,0.7526604513527925,z-score
-0.32352618440175246,-0.46167353463332866,0.4469261798139192,z-score
-0.43883992582548903,-0.14078982382463381,-0.2409759311485458,z-score
-0.6304381423449286,0.09489135991708424,0.17940869221740502,z-score
2.5752838692349522,0.25292830528325094,-1.9607312085547082,z-score
0.3381972856144599,1.6539601818120064,-1.9607312085547082,z-score
2.816555697444617,-0.6502871933420797,-1.9607312085547082,z-score
2.3286898683441923,1.3413218768485027,-1.9607312085547082,z-score
0.7515526971795469,1.3571255713851196,-1.9607312085547082,z-score
2.085643982574162,1.5069171109060948,-1.9607312085547082,z-score
-0.39448848681635956,-0.4414035785972334,-0.2409759311485458,z-score
-0.046773204984784225,0.5552598529402653,-0.31740949903326415,z-score
0.017092867188362164,-0.1675873928215056,0.25584226010212335,z-score
0.5688247684619331,0.6834072021176135,-0.16454236326382746,z-score
-0.5843126457754338,-0.4716367333629349,1.32591221048818,z-score
-0.6304381423449286,0.7637999091082287,1.78451361779649,z-score
-0.832680704226559,-0.4135753338697128,1.0201779389493066,z-score
-0.10886521959756564,-0.5915386766950917,1.6316464820270533,z-score
-0.9196095246844529,0.03236369892438351,1.2494786426034616,z-score
-0.1283798527615825,-0.4541152459419034,1.2112618586611026,z-score
-0.06983595326953171,-0.4596121831720309,1.5169961301999757,z-score
-0.8344547617869243,0.6109163423953067,1.096611506834025,z-score
-0.19579404005545933,-0.5458453859696566,-0.7377941223992149,z-score
-0.6428565452674848,-0.5623361976600392,-0.47027663480270077,z-score
0.09692545740479547,-0.5784834507735389,0.10297512433268668,z-score
0.19982079590597593,-0.7104099442965996,-0.2409759311485458,z-score
-0.5222206311626526,-0.7275878731407481,-0.5849269866297783,z-score
-0.16031288884815587,-0.7220909359106208,-0.39384306691798243,z-score
-0.28627097563408366,-0.7231216116412695,-0.6231437705721374,z-score
0.49786246604732615,-0.4266305597912657,-1.9607312085547082,z-score
0.9466990288197167,-0.8883732871219787,-1.9607312085547082,z-score
0.9058957049313174,-0.4204465054073722,-1.9607312085547082,z-score
0.34884163097665105,-0.44037290286658454,-1.9607312085547082,z-score
-0.09467275911464401,-0.6891093125298555,-1.9607312085547082,z-score
-1.045567611470381,-0.4276612355219146,-1.9607312085547082,z-score
0.7959041361886764,-0.41907227109984035,-1.9607312085547082,z-score
-0.32175212684138726,-0.446556957250478,-1.9607312085547082,z-score
-0.9018689490808012,-0.4372808756746378,-1.9607312085547082,z-score
0.6451092435576361,-0.3723483046437563,-1.9607312085547082,z-score
1.076205230726375,-0.494311599437211,0.7526604513527925,z-score
-1.1307223743679093,0.16875645394692296,-0.47027663480270077,z-score
0.33287511293336447,-0.44964898444242474,0.86731080317987,z-score
-1.0792747051173193,-0.44690051582736096,0.8290940192375108,z-score
0.05967024863712653,-0.434188848482691,0.5615765316409966,z-score
-0.42996963802366317,-0.44758763298112686,0.7908772352951516,z-score
-0.8575175100716717,0.11206928876123279,-0.5849269866297783,z-score
-1.128948316807544,-0.5087410596662958,-0.6613605545144966,z-score
-0.24901576686641488,-0.4537716873650203,1.3641289944305393,z-score
-1.23716582798982,0.7847569822980899,1.1348282907763843,z-score
-0.5435093218870348,-0.4633913275177436,1.78451361779649,z-score
-0.8450991071491153,-0.40017654937127695,1.555212914142335,z-score
-0.2348233063834934,0.7637999091082287,1.4405625623152574,z-score
-0.5399612067663043,-0.4077348380627022,1.058394722891666,z-score
-1.1023374534020665,0.6648550389659331,1.6316464820270533,z-score
-0.5949569911376249,0.08973798126383972,0.7908772352951516,z-score
-0.8717099705545931,-0.16827450997527152,0.2940590440444825,z-score
-0.7368815959668394,-0.2204954136614831,0.25584226010212335,z-score
-0.5772164155339732,-0.14422540959346358,0.40870939587156,z-score
0.08273299692187401,-0.4709496162091689,0.7526604513527925,z-score
-0.16563506152925128,0.10554167580045629,0.37049261192920085,z-score
-0.31288183903956124,3.639728756195579,0.5997933155833558,z-score
-0.9958939997801556,3.9424038624294755,0.06475834039032753,z-score
-0.6020532213790857,-0.4613299760564457,-0.04989201143674997,z-score
0.02596315499018819,0.3109897047764729,-1.9607312085547082,z-score
1.6687404558883447,0.878892032364024,-1.9607312085547082,z-score
0.12885849349136866,-0.6303607958828674,-1.9607312085547082,z-score
-0.18514969469326834,0.2652964140510379,-1.9607312085547082,z-score
-0.9515425607710261,0.05881770934437226,0.5615765316409966,z-score
0.8047744239905021,-0.5613055219293903,0.6762268834680741,z-score
0.07208865155968285,0.05813059219060633,-0.2409759311485458,z-score
-0.8663877978734975,-0.4297225869832124,0.86731080317987,z-score
0.35416380365774647,-0.4633913275177436,-0.04989201143674997,z-score
3.318613987027962,-0.4513667773268396,0.7908772352951516,z-score
-0.23127519126276297,-0.5795141265041878,1.4787793462576166,z-score
-0.17982752201217275,3.936219808045583,-0.3556262829756233,z-score
-0.7368815959668394,0.13405703768174296,1.1348282907763843,z-score
-0.7084966750009966,-0.18888802458824971,-0.9670948260533699,z-score
-1.0508897841514764,-0.4163238024847765,-0.7760109063415741,z-score
-0.5736683004132429,0.05847415076748936,0.5997933155833558,z-score
0.6805903947649397,-0.6547534548415584,-1.005311609995729,z-score
-0.06096566546770568,0.14745582218017883,-0.7377941223992149,z-score
-0.5523796096888607,-0.4156366853310106,0.5233597476986375,z-score
0.22643165931145337,-0.4314403798676273,-0.7760109063415741,z-score
0.7426824093777209,-0.44312137148164826,-0.7377941223992149,z-score
-0.08225435619208801,-0.4747287605548816,0.7526604513527925,z-score
-0.3359445873243086,-0.5434404759314758,0.48514296375627836,z-score
0.05967024863712653,0.11516131595317965,-0.04989201143674997,z-score
-0.5399612067663043,-0.5578699361605606,-0.8142276902839333,z-score
-0.4317436955840283,3.652440423540248,0.2940590440444825,z-score
-0.3838441414541685,-0.4025814594094577,0.5997933155833558,z-score
-0.319978069281022,-0.16930518570592049,1.0201779389493066,z-score
-0.516898458481557,-0.19438496181837725,0.86731080317987,z-score
-0.8255844739850985,-0.457894390287616,1.0201779389493066,z-score
-1.2123290221447076,-0.5671460177364008,1.2112618586611026,z-score
-0.5985051062583553,0.761051440493165,1.4787793462576166,z-score
0.8739626688447443,-0.45858150744138193,0.10297512433268668,z-score
-0.9426722729692004,-0.46373488609462654,0.48514296375627836,z-score
0.9768580073459247,-0.4018943422556918,0.7144436674104333,z-score
0.781711675705755,-0.4723238505167008,-0.39384306691798243,z-score
-0.2348233063834934,-0.5939435867332724,-0.2409759311485458,z-score
-0.3057856087981005,0.1172226674144773,0.25584226010212335,z-score
-0.1780534644518076,-0.5936000281563896,-0.04989201143674997,z-score
-0.34658893268649976,-0.4716367333629349,0.5233597476986375,z-score
0.7905819635075807,-0.4314403798676273,0.37049261192920085,z-score
0.7870338483868504,-0.5066797082049979,-0.47027663480270077,z-score
-0.48496542239498386,-0.4310968212907443,-0.08810879537910914,z-score
-0.11063927715793077,3.681299343998418,1.1348282907763843,z-score
-0.6712414662333277,-0.4499925430193077,0.02654155644796836,z-score
-0.03790291718295851,3.819753450482255,0.9819611550069475,z-score
-0.28981909075481394,-0.18923158316513272,0.2940590440444825,z-score
-0.8752580856753234,0.21479330324924117,1.096611506834025,z-score
0.5581804230997423,-0.5836368294267834,0.5615765316409966,z-score
0.11644009056881234,-0.5918822352719748,-0.1263255793214683,z-score
0.1022476300858909,0.1350877134123919,0.2940590440444825,z-score
-1.18571815873923,0.05881770934437226,0.37049261192920085,z-score
-0.6854339267162493,-0.29367339053755587,-1.1199619618228065,z-score
-0.319978069281022,-0.28371019180794976,-1.1199619618228065,z-score
0.07563676668041312,-0.7121277371810145,0.37049261192920085,z-score
-0.172731291770712,-0.7719069295586515,-0.2409759311485458,z-score
-0.1461204283652344,-0.719342467295557,-0.9288780421110108,z-score
-0.3111077814791961,-0.2575997399648439,-0.2409759311485458,z-score
0.022415039869457906,-0.5894773252337939,-0.011675227494390806,z-score
-1.1928143889806906,-0.47369808482423265,0.6762268834680741,z-score
0.6557535889198269,0.09145577414825448,-0.39384306691798243,z-score
-0.1177355073993915,-0.5633668733906881,0.14119190827504585,z-score
-0.6109235091809117,-0.599096965386517,-0.011675227494390806,z-score
-1.049115726591111,-0.41907227109984035,-0.04989201143674997,z-score
-0.16031288884815587,-0.1930107275108454,0.9055275871222291,z-score
-1.1023374534020665,-0.5314159257405718,-0.4320598508603416,z-score
-0.7723627471741429,-0.5029005638592853,-0.6613605545144966,z-score
-0.5417352643266695,-0.5630233148138051,-0.4320598508603416,z-score
-0.7528481140101261,-0.2940169491144389,-0.5849269866297783,z-score
-0.5594758399303215,-0.3465814113775335,0.4469261798139192,z-score
-1.0739525324362238,-0.4671704718634562,0.14119190827504585,z-score
-0.822036358864368,-0.6300172373059846,0.5615765316409966,z-score
-0.3430408175657693,0.027210320271138996,0.37049261192920085,z-score
0.9573433741819078,-0.47507231913176456,-0.6995773384568558,z-score
0.8757367264051094,-0.5839803880036664,0.10297512433268668,z-score
0.0986995149651606,0.09592203564773319,0.40870939587156,z-score
0.2228835441907231,-0.19369784466461132,0.86731080317987,z-score
-0.8663877978734975,-0.2088144220474621,0.5997933155833558,z-score
0.820740942033789,-0.13426221086385734,0.6762268834680741,z-score
-0.3607813931694212,-0.19472852039526029,-0.3556262829756233,z-score
-0.9178354671240877,0.1357748305661577,-0.9288780421110108,z-score
-0.9533166183313914,-0.43762443425152076,-0.6613605545144966,z-score
-0.32175212684138726,-0.15144013970800588,0.02654155644796836,z-score
-0.7049485598802661,-0.4688882647478711,-0.2409759311485458,z-score
0.03128532767128362,0.7029900409999429,1.3641289944305393,z-score
-0.41755123510110687,-0.5819190365423685,1.7462968338541307,z-score
-0.3164299541602917,-0.399145873640628,1.1730450747187433,z-score
-0.15321665860669514,0.5755298089763606,1.1730450747187433,z-score
3.093308676861585,-0.5506552060460181,0.86731080317987,z-score
1.638581477362137,-0.5733300721202943,0.7908772352951516,z-score
-0.2348233063834934,-0.7255265216794504,0.5233597476986375,z-score
1.815987233398655,-0.4025814594094577,0.37049261192920085,z-score
0.036607500352379044,-0.5530601160841989,0.2940590440444825,z-score
0.43399639387417943,-0.7224344944875036,0.4469261798139192,z-score
3.4569904767364465,-0.4754158777086475,0.40870939587156,z-score
0.0383815579127445,-0.7004467455669935,-0.04989201143674997,z-score
-1.0526638417118415,-0.30844640934352363,-1.1963955297075248,z-score
0.15014718421575068,0.14470735356511513,0.40870939587156,z-score
2.378363480034417,-0.4118575409852979,1.287695426545821,z-score
0.8296112298356147,0.14573802929576382,0.48514296375627836,z-score
3.1713672095176526,0.18146812129159304,0.9055275871222291,z-score
-0.2224049034609371,0.14264600210381723,1.3641289944305393,z-score
-0.22063084590057197,0.043701131961521616,0.9819611550069475,z-score
1.9685561835900605,0.07359072815034,1.058394722891666,z-score
0.43399639387417943,-0.4537716873650203,0.37049261192920085,z-score
-0.5683461277321473,-0.16930518570592049,-0.16454236326382746,z-score
-0.7794589774156037,0.191087761444316,-0.011675227494390806,z-score
-0.1337020254426781,0.06843734949709548,-0.39384306691798243,z-score
0.7480045820588166,-0.6657473293018135,-0.1263255793214683,z-score
0.4233520485119886,0.18215523844535883,0.2940590440444825,z-score
-0.11063927715793077,-0.15418860832306971,-0.2409759311485458,z-score
-0.42287340778220245,-0.45617659740320116,-1.9607312085547082,z-score
1.0070169858721327,-0.3720047460668733,-1.9607312085547082,z-score
-0.3909403716956293,-0.7320541346402268,-1.9607312085547082,z-score
-0.7173669628028224,-0.5760785407353581,-1.9607312085547082,z-score
-0.9479944456502958,-0.40017654937127695,-1.9607312085547082,z-score
-0.09822087423537462,-0.5386306558551142,-1.9607312085547082,z-score
1.7911504275535424,1.6766350478862826,-1.9607312085547082,z-score
2.823651927686077,-0.6547534548415584,-1.9607312085547082,z-score
-0.5027059979986356,0.07633919676540384,-0.4320598508603416,z-score
0.7675192152228335,0.0893944226869567,-0.5467102026874191,z-score
-1.1963625041014212,-0.4764465534392964,-0.011675227494390806,z-score
-0.5807645306547036,-0.39571028787179835,0.7526604513527925,z-score
0.6593017040405575,-0.4221642982917871,0.37049261192920085,z-score
-1.1608813528941175,-0.5558085846992626,-0.6231437705721374,z-score
-1.144914834850831,-0.45445880451878634,0.5615765316409966,z-score
-0.16386100396888614,-0.6643730949942817,0.48514296375627836,z-score
0.29384584660533036,0.14814293933394465,0.5615765316409966,z-score
-0.7794589774156037,-0.4407164614434675,-0.011675227494390806,z-score
-0.09467275911464401,0.1560447866022531,0.14119190827504585,z-score
-0.8717099705545931,0.13611838914304084,-0.7760109063415741,z-score
-0.781233034975969,-0.4596121831720309,-0.39384306691798243,z-score
0.08805516960296944,-0.552372998930433,-0.5467102026874191,z-score
0.24949440759620087,-0.541379124470178,-0.4320598508603416,z-score
-0.048547262545149364,0.16188528240926367,-0.1263255793214683,z-score
-0.44771021362731506,-0.39605384644868125,-0.6231437705721374,z-score
-0.456580501429141,1.460193144450011,0.7526604513527925,z-score
-1.2584545187142024,1.2049291218259635,-1.1199619618228065,z-score
0.23175383199254912,1.3365120567721411,-0.04989201143674997,z-score
-1.0313751509874594,1.316242100736046,-0.7377941223992149,z-score
0.08982922716333458,4.256759960277394,1.1730450747187433,z-score
-0.5275428038437481,-0.5812319193886026,0.06475834039032753,z-score
-0.516898458481557,-0.5695509277745816,0.5615765316409966,z-score
-0.35723327804869076,-0.7636615237134602,-1.234612313649884,z-score
-0.30933372391883096,-0.6897964296836214,0.02654155644796836,z-score
-0.2064383854176505,-0.719342467295557,-0.279192715090905,z-score
-0.7173669628028224,-0.7214038187568547,-1.1581787457651658,z-score
-0.4033587746181856,-0.7186553501417909,-0.39384306691798243,z-score
-0.28449691807371835,0.12959077618226422,1.2112618586611026,z-score
-0.38916631413526415,0.7905974781051004,1.287695426545821,z-score
-0.6854339267162493,-0.5702380449283475,1.822730401738849,z-score
0.04547778815420507,0.04232689765398964,1.287695426545821,z-score
-0.9391241578484699,0.03786063615451105,1.1730450747187433,z-score
-0.9196095246844529,-0.4039556937169896,1.5169961301999757,z-score
0.013544752067631878,0.5538856186327334,1.5169961301999757,z-score
-0.17095723421034686,0.045418924845936376,1.058394722891666,z-score
0.1590174720175767,0.677566706310603,-1.9607312085547082,z-score
-0.5701201852925124,-0.6437595803813033,-1.9607312085547082,z-score
0.2228835441907231,-0.6619681849561008,-1.9607312085547082,z-score
1.5073012178951133,-0.6454773732657181,-1.9607312085547082,z-score
0.7799376181453898,1.4564140001042982,-1.9607312085547082,z-score
-0.9533166183313914,0.29965227173933495,-1.9607312085547082,z-score
2.316271465421636,0.4010020519198115,-1.9607312085547082,z-score
2.681727322856863,0.7273826999586339,-1.9607312085547082,z-score
0.9449249712593515,-0.5729865135434112,-1.9607312085547082,z-score
0.6078540347899672,-0.717968232988025,-1.9607312085547082,z-score
0.6965569128082262,-0.5722993963896454,-1.9607312085547082,z-score
-0.5896348184565294,-0.5637104319675712,-1.9607312085547082,z-score
-0.41755123510110687,-0.7172811158342591,-1.9607312085547082,z-score
0.627368667953984,-0.6939191326062171,-1.9607312085547082,z-score
1.1737783965464597,-0.5802012436579537,-1.9607312085547082,z-score
1.264255332125084,-0.7251829631025675,-1.9607312085547082,z-score
-0.5772164155339732,-0.5870724151956132,1.822730401738849,z-score
-0.5080281706797312,0.08114901684176545,1.7462968338541307,z-score
0.09160328472369972,0.6236280097399766,0.638010099525715,z-score
2.5398027180276483,-0.4176980367923084,-0.08810879537910914,z-score
0.09692545740479547,0.15776257948666786,-0.3556262829756233,z-score
1.028305676596515,-0.11571004771217692,-0.08810879537910914,z-score
-0.5665720701717821,-0.44483916436606313,-0.3556262829756233,z-score
0.9555693166215427,-0.4091090723702341,0.638010099525715,z-score
3.7248731683515883,-0.4754158777086475,1.32591221048818,z-score
2.129995421583292,-0.3933053778336175,0.17940869221740502,z-score
0.4109336455894323,-0.5808883608117197,1.058394722891666,z-score
-0.9089651793222618,-0.7653793165978751,-0.5084934187450599,z-score
-0.822036358864368,-0.7097228271428339,-0.8142276902839333,z-score
-0.08757652887318344,-0.7114406200272486,-1.234612313649884,z-score
0.05257401839566596,-0.5966920553483362,-1.2728290975922432,z-score
0.928958453216065,-0.09028671302283713,1.058394722891666,z-score
2.319819580542366,0.1924619957518481,-0.04989201143674997,z-score
2.6551164594513854,0.0708422595352763,0.6762268834680741,z-score
-0.9852496544179647,-0.5365693043938163,0.9055275871222291,z-score
-1.146688892411196,3.915262734855721,0.2176254761597642,z-score
-0.40513283217855073,-0.5832932708499005,1.1730450747187433,z-score
0.35416380365774647,-0.5894773252337939,-0.6231437705721374,z-score
-0.5452833794474,1.447137918528458,1.1730450747187433,z-score
0.40561147290833655,-0.5808883608117197,-0.39384306691798243,z-score
0.45705914215892696,1.2073340318641443,-0.5467102026874191,z-score
-1.1431407772904656,4.2066004080524815,0.2176254761597642,z-score
0.627368667953984,-0.46991894047852,-0.4320598508603416,z-score
0.6078540347899672,-0.43556308279022293,-0.7760109063415741,z-score
0.339971343174825,0.20070740159703923,-0.4320598508603416,z-score
0.5599544806601074,-0.44037290286658454,-0.6231437705721374,z-score
-1.1324964319282746,-0.541722683047061,1.058394722891666,z-score
-0.3802960263334381,-0.4688882647478711,1.78451361779649,z-score
1.7485730461047784,0.169443571100689,0.2940590440444825,z-score
0.811870654231963,-0.707317917104653,1.3641289944305393,z-score
-0.3040115512377354,-0.4259434426374997,0.7144436674104333,z-score
0.407385530468702,0.041296221923340815,1.4405625623152574,z-score
1.8035688304760986,-0.6897964296836214,0.40870939587156,z-score
2.6409239989684634,-0.5805448022348366,1.4023457783728983,z-score
-0.41932529266147217,-0.4084219552164682,0.7526604513527925,z-score
-0.33949270244503904,-0.5874159737724961,0.10297512433268668,z-score
-0.4743210770327927,-0.36856916029804354,0.37049261192920085,z-score
-0.6801117540351537,-0.3338697440328635,0.06475834039032753,z-score
-0.29691532099627466,-0.6052810197704105,0.17940869221740502,z-score
-0.20466432785728536,-0.36925627745180944,-0.4320598508603416,z-score
-0.4140031199803766,0.09248644987890343,0.8290940192375108,z-score
-0.2596601122286059,-0.44106002002035044,0.4469261798139192,z-score
-0.7173669628028224,-0.20159969193291966,-0.04989201143674997,z-score
-1.13427048948864,-0.5815754779654855,-0.5849269866297783,z-score
-0.9373501002881048,-0.48984533793773233,-0.011675227494390806,z-score
-0.7404297110875697,-0.5856981808880813,-0.20275914720618662,z-score
-0.4902875950760793,-0.5595877290449753,0.5233597476986375,z-score
-0.9728312514954084,-0.29745253488326856,-0.39384306691798243,z-score
-0.28981909075481394,-0.5424098002008269,0.3322758279868417,z-score
-0.5878607608961643,-0.24866721696588673,-0.16454236326382746,z-score
-0.5133503433608266,-0.10952599332828346,0.02654155644796836,z-score
-0.1017689893561049,-0.12464257071113423,1.1730450747187433,z-score
-1.0792747051173193,-0.4774772291699454,0.2176254761597642,z-score
-0.9231576398051833,-0.09578365025296467,0.6762268834680741,z-score
-0.030806686941497626,0.134744154835509,0.02654155644796836,z-score
-0.516898458481557,-0.4506796601730736,1.058394722891666,z-score
-0.811392013502177,3.6215201516207816,-0.1263255793214683,z-score
1.0531424824416273,-0.5011827709748704,0.86731080317987,z-score
-0.19579404005545933,-0.47198029193981783,-0.011675227494390806,z-score
-0.6073753940601813,0.12409383895213681,-0.4320598508603416,z-score
-1.1520110650922917,0.7029900409999429,1.1348282907763843,z-score
-1.2282955401879943,0.07393428672722303,1.058394722891666,z-score
-0.4920616526364446,-0.5465325031234225,1.0201779389493066,z-score
-0.8025217257003512,0.6504255787368484,1.3641289944305393,z-score
-0.6730155237936929,0.676536030579954,1.1348282907763843,z-score
-0.12128362252012179,0.19177487859808207,1.4405625623152574,z-score
-0.1283798527615825,-0.4139188924465957,1.1730450747187433,z-score
-1.0207308056252682,-0.4633913275177436,1.5169961301999757,z-score
-0.969283136374678,3.3913359051091905,0.2940590440444825,z-score
-0.6091494516205463,0.1010754143009777,0.9055275871222291,z-score
-0.08757652887318344,3.774403718333703,0.9819611550069475,z-score
0.2583646953980266,1.425150169607948,1.2494786426034616,z-score
0.3080383070882518,1.1915303373275277,0.17940869221740502,z-score
0.8579961508014576,-0.41082686525464895,0.02654155644796836,z-score
0.5315695596942644,-0.6193669214226124,-0.7760109063415741,z-score
-0.0254845142604022,0.04919806919164916,-0.3556262829756233,z-score
0.18030616274195874,-0.4709496162091689,-1.0817451778804474,z-score
0.8260631147148845,-0.41529312675412766,-0.9288780421110108,z-score
-0.9249316973655485,0.04438824911528755,0.40870939587156,z-score
-0.6872079842766143,0.20139451875080527,-0.8524444742262924,z-score
-0.0006477084152895763,-0.5564957018530288,1.6316464820270533,z-score
-1.146688892411196,-0.5664589005826348,1.7462968338541307,z-score
-0.21353461565911125,-0.6035632268859956,1.5169961301999757,z-score
-1.0047642875819816,0.12546807325966866,1.7462968338541307,z-score
-0.0574175503469754,-0.5664589005826348,0.2940590440444825,z-score
-0.6020532213790857,-0.7677842266360558,-0.4320598508603416,z-score
-0.09822087423537462,0.17803253552276327,-0.16454236326382746,z-score
2.1033845581778143,-0.10437261467503894,0.40870939587156,z-score
2.4635182429319458,0.12478095610590262,-0.20275914720618662,z-score
0.5386657899357251,0.7050513924612406,0.5233597476986375,z-score
0.8367074600770756,-0.457894390287616,-0.31740949903326415,z-score
-0.10531710447683519,-0.4747287605548816,0.3322758279868417,z-score
-0.004195823536019861,-0.4548023630956693,-0.1263255793214683,z-score
-0.17982752201217275,0.1766583012152314,-0.20275914720618662,z-score
-0.9905718270990602,3.6531275406940145,1.2494786426034616,z-score
-0.7936514378985251,-0.5327901600481036,-0.6613605545144966,z-score
0.4322223363138143,4.072269004491239,0.06475834039032753,z-score
-0.007743938656750461,1.2324138079766014,1.058394722891666,z-score
-1.047341669030746,1.1283155591810607,0.02654155644796836,z-score
0.398515242666876,0.21994668190248567,-0.7377941223992149,z-score
-0.5115762858004614,-0.4671704718634562,0.7144436674104333,z-score
-0.46545078923096683,0.0942042427633183,-0.1263255793214683,z-score
-0.783007092536334,-0.4139188924465957,0.17940869221740502,z-score
-0.6818858115955188,-0.21259356639317475,0.14119190827504585,z-score
-0.5612498974906865,-0.16346468989890992,0.5233597476986375,z-score
0.22465760175108823,3.2659370245469064,-0.1263255793214683,z-score
1.1649081087446338,-0.398458756486862,0.06475834039032753,z-score
-0.3802960263334381,-0.4352195242133399,0.2176254761597642,z-score
-0.08402841375245317,0.045418924845936376,0.10297512433268668,z-score
2.110480788419275,-0.4080783966395853,0.9437443710645883,z-score
0.2530425227169312,0.6971495451929324,0.9055275871222291,z-score
1.0655608853641838,-0.4321274970213932,-0.2409759311485458,z-score
1.2376444687196062,-0.1610597798607291,0.638010099525715,z-score
1.0868495760885661,-0.3974280807562131,-0.31740949903326415,z-score
-0.4743210770327927,-0.17171009574410115,-0.2409759311485458,z-score
0.7302640064551645,-0.4572072731338501,0.17940869221740502,z-score
-0.32352618440175246,-0.4613299760564457,0.14119190827504585,z-score
-0.6251159696638331,-0.3479556456850654,-0.5849269866297783,z-score
-0.4335177531443936,-0.2479800998121208,0.4469261798139192,z-score
-0.7209150779235528,-0.5327901600481036,-0.6231437705721374,z-score
-1.0260529783063639,-0.5884466495031451,-0.1263255793214683,z-score
-0.9426722729692004,-0.4960293923216258,-0.08810879537910914,z-score
0.950247143940447,-0.10609040755945383,0.40870939587156,z-score
0.9821801800270201,0.6744746791186561,0.9055275871222291,z-score
1.2607072170043534,0.6277507126625721,0.7908772352951516,z-score
-0.43529181070475875,-0.32699857249520414,0.48514296375627836,z-score
-0.24191953662495413,-0.34555073564688454,0.17940869221740502,z-score
-0.9160614095637226,-0.5613055219293903,-0.4320598508603416,z-score
-0.8628396827527671,-0.5678331348901667,-0.39384306691798243,z-score
-0.869935912994228,-0.49637295089850875,-0.16454236326382746,z-score
-0.8184882437436376,-0.46785758901722213,0.5615765316409966,z-score
-0.7688146320534126,-0.7025080970282914,-0.08810879537910914,z-score
0.18385427786268901,-0.2483236583890037,0.3322758279868417,z-score
-1.008312402702712,-0.28371019180794976,0.3322758279868417,z-score
0.9875023527081159,0.07221649384280815,0.6762268834680741,z-score
3.4232833830895086,-0.6901399882605045,0.9437443710645883,z-score
2.7544636828318354,-0.4427778129047653,0.17940869221740502,z-score
1.6882550890523622,0.04954162776853206,0.2940590440444825,z-score
0.40206335778760627,0.1165355502607115,1.2494786426034616,z-score
-0.37319979609197734,-0.5757349821584751,0.25584226010212335,z-score
-0.2720785151511622,0.11859690172200915,-0.20275914720618662,z-score
-1.0721784748758585,0.1512349665258915,0.86731080317987,z-score
-0.9763793666161387,-0.4489618672886588,-0.1263255793214683,z-score
0.4535110270381967,-0.43762443425152076,0.4469261798139192,z-score
0.08095893936150855,-0.6015018754246979,0.7144436674104333,z-score
-0.6286640847845634,-0.5042747981668171,-0.39384306691798243,z-score
-0.007743938656750461,-0.2046917191248664,1.096611506834025,z-score
-0.42819558046329803,-0.40155078367880875,0.9437443710645883,z-score
-0.8894505461582448,-0.44037290286658454,-0.31740949903326415,z-score
0.44818885435710093,-0.6214282728839102,0.02654155644796836,z-score
-0.5151244009211919,-0.6444466975350692,0.17940869221740502,z-score
-0.17627940689144245,-0.6581890406103882,-0.6995773384568558,z-score
0.12531037837063805,-0.6623117435329837,-0.3556262829756233,z-score
-0.6091494516205463,-0.7196860258724399,-1.9607312085547082,z-score
-0.3075596663584658,-0.4427778129047653,-1.9607312085547082,z-score
0.22997977443218398,-0.7114406200272486,-1.9607312085547082,z-score
0.6983309703685914,-0.5688638106208157,-1.9607312085547082,z-score
-0.3927144292559944,-0.2874893361536624,0.14119190827504585,z-score
-0.6854339267162493,-0.528323898548625,-0.6613605545144966,z-score
-0.9267057549259138,-0.5465325031234225,-0.6231437705721374,z-score
-0.8663877978734975,-0.5262625470873272,-0.31740949903326415,z-score
-0.7368815959668394,-0.5300416914330399,0.2940590440444825,z-score
-0.1833756371329032,-0.44964898444242474,1.6316464820270533,z-score
-0.8929986612789753,0.7345974300731761,1.2112618586611026,z-score
-0.822036358864368,0.15432699371783812,1.32591221048818,z-score
-1.263776691395298,-0.44964898444242474,1.4787793462576166,z-score
-0.9160614095637226,-0.5915386766950917,1.2112618586611026,z-score
-0.9923458846594253,0.558008321555329,1.4023457783728983,z-score
-0.3412667600054042,-0.5492809717384863,1.6698632659694124,z-score
-1.0810487626776843,0.7304747271505805,1.0201779389493066,z-score
0.5404398474960905,-0.5678331348901667,0.02654155644796836,z-score
0.9537952590611776,-0.44002934428970153,-0.4320598508603416,z-score
2.452873897569755,0.192805554328731,1.287695426545821,z-score
2.4510998400093893,-0.6928884568755682,0.7144436674104333,z-score
2.873325539376302,-0.7021645384514084,0.2940590440444825,z-score
2.7668820857543914,0.10176253145474363,0.7526604513527925,z-score
0.9484730863800818,0.15879325521731683,1.2112618586611026,z-score
0.16433964469867213,-0.4372808756746378,0.4469261798139192,z-score
1.5374601964213217,1.4979845879071374,-1.9607312085547082,z-score
1.9011419962961837,1.4883649477544143,-1.9607312085547082,z-score
0.006448521826170993,0.8204870742939188,-1.9607312085547082,z-score
1.2926402530909267,1.314867866428514,-1.9607312085547082,z-score
0.1465990690950204,-0.4273176769450316,-0.1263255793214683,z-score
-0.12128362252012179,0.046106041999702425,0.10297512433268668,z-score
-0.6517268330693107,-0.16002910413008015,0.37049261192920085,z-score
-0.456580501429141,-0.19610275470279212,-0.7760109063415741,z-score
0.6167243225917932,-0.22393099943031286,-0.4320598508603416,z-score
0.8775107839654746,-0.13082662509502768,0.5615765316409966,z-score
0.11289197544808206,-0.42869191125256345,-0.04989201143674997,z-score
0.36480814901993763,-0.48434840070760476,-0.3556262829756233,z-score
-0.4583545589895061,-0.5681766934670496,0.5615765316409966,z-score
-0.8238104164247333,0.17047424683133794,-0.6613605545144966,z-score
0.5936615743070457,-0.43247105559827625,-0.3556262829756233,z-score
0.5918875167466806,-0.494311599437211,-0.31740949903326415,z-score
0.9945985829495765,-0.5994405239634001,-0.5467102026874191,z-score
-0.21885678834020683,0.19555402294379473,-0.6613605545144966,z-score
-0.969283136374678,-0.49637295089850875,-0.2409759311485458,z-score
-0.7794589774156037,-0.5169864655114871,0.638010099525715,z-score
-0.8309066466661938,-0.3379924469554592,-0.3556262829756233,z-score
-0.8450991071491153,0.6188181896636149,1.1730450747187433,z-score
-1.0366973236685548,0.535333455481053,1.4405625623152574,z-score
-1.1626554104544828,0.6222537754324448,1.822730401738849,z-score
-1.027827035866729,-0.3943360535642664,1.6316464820270533,z-score
-1.157333237773387,0.1484864979108278,1.2112618586611026,z-score
-1.1910403314203255,-0.5747043064278262,1.0201779389493066,z-score
-1.1981365616617863,-0.5798576850810707,1.4405625623152574,z-score
0.8384815176374407,-0.5698944863514647,-0.011675227494390806,z-score
1.047820309760532,-0.599784082540283,0.86731080317987,z-score
0.19449862322488018,0.06534532230514875,0.5233597476986375,z-score
-0.8983208339600709,4.241299824317661,-1.0817451778804474,z-score
0.10756980276698631,-0.5674895763132838,0.37049261192920085,z-score
0.3275529402522687,1.3547206613469385,0.06475834039032753,z-score
0.05257401839566596,0.14367667783446617,-0.7760109063415741,z-score
-0.26143416978897105,-0.5674895763132838,-0.011675227494390806,z-score
0.3133604797693473,4.229962391280522,-0.31740949903326415,z-score
-1.127174259247179,-0.5238576370491465,-0.5849269866297783,z-score
0.5138289840906127,-0.5582134947374435,-0.8906612581686516,z-score
0.6539795313594619,-0.45617659740320116,0.5615765316409966,z-score
0.9662136619837335,-0.45033610159619064,0.7526604513527925,z-score
-0.7776849198552385,0.1811245627147099,0.14119190827504585,z-score
-0.5257687462833829,-0.5108024111275935,0.10297512433268668,z-score
0.23175383199254912,-0.42869191125256345,-0.7760109063415741,z-score
0.5386657899357251,-0.6502871933420797,-0.6613605545144966,z-score
-0.21176055809874608,-0.45445880451878634,0.40870939587156,z-score
-0.9834755968575994,-0.658532599187271,0.6762268834680741,z-score
-0.42819558046329803,-0.6186798042688464,0.5997933155833558,z-score
0.14127689641392496,0.1718484811388698,-0.7760109063415741,z-score
0.2707830983205829,-0.14731743678541032,-0.8142276902839333,z-score
0.5972096894277761,-0.18888802458824971,-0.16454236326382746,z-score
0.487218120685135,-0.4407164614434675,0.3322758279868417,z-score
2.133543536704022,-0.4592686245951479,-0.31740949903326415,z-score
-0.7155929052424572,0.03339437465503246,0.5615765316409966,z-score
2.490129106337424,0.6507691373137312,0.48514296375627836,z-score
0.6202724377125235,-0.44106002002035044,0.7526604513527925,z-score
1.1400713028995213,0.5672844031311693,0.10297512433268668,z-score
2.6888235530983233,0.3539345268868443,-1.9607312085547082,z-score
1.390213418911012,0.3755787172304716,-1.9607312085547082,z-score
0.22465760175108823,0.12924721760538133,0.06475834039032753,z-score
-0.2809488029529881,-0.4207900639842551,-0.279192715090905,z-score
-0.2827228605133532,0.18215523844535883,0.06475834039032753,z-score
0.24417223491510542,-0.0968143259836135,-1.005311609995729,z-score
-0.3057856087981005,-0.6282994444215695,0.02654155644796836,z-score
0.781711675705755,-0.43625019994398884,0.48514296375627836,z-score
-1.1502370075319264,0.12890365902849843,1.822730401738849,z-score
-0.32707429952248274,0.6971495451929324,1.2494786426034616,z-score
-0.13547608300304323,0.14951717364147674,1.2112618586611026,z-score
-0.6197937969827375,0.7311618443043466,1.096611506834025,z-score
-0.2809488029529881,0.7239471141898042,1.4405625623152574,z-score
-1.1005633958417014,-0.5750478650047092,1.1730450747187433,z-score
-1.0899190504795104,0.06465820515138283,1.593429698084694,z-score
-1.2016846767825164,0.11241284733811581,1.1348282907763843,z-score
-1.057986014392937,0.1333699205279769,0.02654155644796836,z-score
-0.3323964722035783,0.19898960871262447,1.058394722891666,z-score
-0.7528481140101261,3.520513930017187,1.0201779389493066,z-score
-0.5186725160419222,-0.4530845702112544,0.7908772352951516,z-score
-0.8184882437436376,3.6421336662337596,0.5233597476986375,z-score
-0.6499527755089456,-0.42388209117620196,0.5615765316409966,z-score
-0.5452833794474,-0.5695509277745816,1.1730450747187433,z-score
-0.6109235091809117,-0.4754158777086475,1.1730450747187433,z-score
-0.06628783814880111,-0.6052810197704105,1.6316464820270533,z-score
-0.40513283217855073,0.08389748545682915,1.1348282907763843,z-score
-0.07870624107135742,0.6274071540856893,1.7080800499117716,z-score
2.071451522091241,0.16635154390874213,-0.3556262829756233,z-score
2.222246414722281,0.039921987615808834,-0.279192715090905,z-score
-0.5186725160419222,-0.16621315851397375,0.7908772352951516,z-score
1.4771422393689055,0.1512349665258915,-0.31740949903326415,z-score
-0.18869780981399878,0.04198333907710674,0.9437443710645883,z-score
-0.6233419121034678,0.23334546640092158,-0.04989201143674997,z-score
-0.9249316973655485,-0.43350173132892506,1.058394722891666,z-score
-0.07515812595062714,-0.40052010794815984,0.4469261798139192,z-score
-0.5647980126114168,3.93244066369987,0.6762268834680741,z-score
-0.39803660193709,-0.2064095120092813,-0.6613605545144966,z-score
-0.9125132944429923,-0.3101642022279385,-0.04989201143674997,z-score
-1.1608813528941175,-0.5774527750428899,-0.6995773384568558,z-score
-0.16386100396888614,-0.7258700802563334,-1.234612313649884,z-score
-0.3607813931694212,-0.26275311861808853,-1.0817451778804474,z-score
-1.010086460263077,-0.6990725112594617,-1.2728290975922432,z-score
-0.44061398338585434,-0.7148762057960784,-0.1263255793214683,z-score
0.21756137150962768,-0.16312113132202688,0.9055275871222291,z-score
0.8739626688447443,0.07977478253423347,0.86731080317987,z-score
1.1312010150976957,0.13096501048979609,0.2176254761597642,z-score
1.1826486843482857,-0.1356364451713893,0.7526604513527925,z-score
-0.3182040117206568,0.6741311205417733,0.25584226010212335,z-score
-0.6570490057504063,-0.7794652182500769,-1.005311609995729,z-score
-0.8433250495887502,-0.7949253542098105,-0.6995773384568558,z-score
0.781711675705755,0.5652230516698714,0.2176254761597642,z-score
2.0661293494101454,-0.44312137148164826,0.5615765316409966,z-score
0.6025318621088718,-0.12223766067295341,0.48514296375627836,z-score
2.2577275659295846,0.08973798126383972,0.7144436674104333,z-score
-0.4317436955840283,-0.1146793719815281,0.17940869221740502,z-score
1.1524897058220775,0.6143519281641362,-0.2409759311485458,z-score
2.3322379834649225,-0.41082686525464895,0.9437443710645883,z-score
0.7675192152228335,-0.11261802052023019,0.2176254761597642,z-score
2.348204501508209,0.7861312166056217,0.9055275871222291,z-score
-0.2596601122286059,-0.16690027566773966,0.2176254761597642,z-score
1.2376444687196062,0.03579928469321327,-0.20275914720618662,z-score
0.5972096894277761,-0.47713367059306244,0.7144436674104333,z-score
1.6740626285694404,-0.39124402637231964,0.7144436674104333,z-score
-0.7244631930442831,-0.17136653716721825,0.14119190827504585,z-score
-0.2153086732194764,0.17631474263834826,0.9055275871222291,z-score
2.044840658685763,0.1673822196393911,0.17940869221740502,z-score
0.606079977229602,0.7823520722599091,0.6762268834680741,z-score
-0.9125132944429923,-0.4266305597912657,-0.9288780421110108,z-score
-0.9125132944429923,-0.6667780050324624,0.2940590440444825,z-score
0.15546935689684643,-0.4733545262473497,0.06475834039032753,z-score
-1.0331492085478244,-0.39227470210296855,-0.31740949903326415,z-score
-0.9550906758917566,-0.5437840345083588,0.2940590440444825,z-score
-0.6765636389144234,-0.28027460603911997,-0.47027663480270077,z-score
-0.9958939997801556,-0.5527165575073161,-0.16454236326382746,z-score
-0.6889820418369795,-0.5702380449283475,-0.5084934187450599,z-score
-1.1324964319282746,-0.3235629867263744,0.2940590440444825,z-score
-0.6215678545431027,-0.363072223067916,-0.2409759311485458,z-score
-0.8433250495887502,-0.33490041976351237,0.02654155644796836,z-score
0.781711675705755,-0.41013974810088305,-1.9607312085547082,z-score
0.018866924748727306,-0.7255265216794504,-1.9607312085547082,z-score
0.21401325638889707,-0.8739438268928938,-1.9607312085547082,z-score
-0.8362288193472894,-0.8739438268928938,-1.9607312085547082,z-score
-0.6872079842766143,-0.5616490805062733,-0.6231437705721374,z-score
-0.35191110536759534,-0.7832443625957894,-0.8524444742262924,z-score
-1.03847138122892,-0.5458453859696566,-0.279192715090905,z-score
0.13418066617246407,-0.5953178210408044,0.2940590440444825,z-score
1.0495943673208972,-0.729305666025163,0.9819611550069475,z-score
-0.12305768008048708,0.02686676169425597,0.7908772352951516,z-score
2.616087193123351,-0.7200295844493229,-0.6231437705721374,z-score
-0.06096566546770568,0.14264600210381723,0.9819611550069475,z-score
3.9785633994838103,0.11859690172200915,-0.3556262829756233,z-score
0.05257401839566596,0.19589758152067763,0.5233597476986375,z-score
-0.10886521959756564,-0.5733300721202943,-0.31740949903326415,z-score
-0.40690688973891587,1.3416654354253859,0.638010099525715,z-score
-0.28627097563408366,0.11309996449188174,0.7908772352951516,z-score
0.2033689110267062,0.08802018837942484,0.02654155644796836,z-score
0.022415039869457906,1.163358534023124,0.86731080317987,z-score
-0.8788062007960539,0.10691591010798827,0.9819611550069475,z-score
0.15369529933648096,1.1393094336413159,-0.8142276902839333,z-score
-0.6357603150260241,-0.4321274970213932,-0.04989201143674997,z-score
0.8384815176374407,-0.5685202520439328,0.48514296375627836,z-score
-0.9036430066411663,-0.5774527750428899,0.4469261798139192,z-score
1.0247575614757845,-0.5843239465805493,0.3322758279868417,z-score
-0.007743938656750461,-0.45617659740320116,0.37049261192920085,z-score
0.545762020177186,-0.44346493005853127,-0.7760109063415741,z-score
0.5067327538491518,0.06294041226696795,0.37049261192920085,z-score
0.4836700055644047,0.8012477939884726,-1.9607312085547082,z-score
-0.04499914742441908,1.4522912971817024,-1.9607312085547082,z-score
2.3890078253966083,1.6652976148491445,-1.9607312085547082,z-score
1.0105651009928631,1.4536655314892346,-1.9607312085547082,z-score
0.13772878129319438,-0.6317350301903993,-1.9607312085547082,z-score
-0.6233419121034678,0.38451124022942873,-1.9607312085547082,z-score
2.344656386387479,1.6862546880390057,-1.9607312085547082,z-score
2.2772421990936023,1.5989908095107308,-1.9607312085547082,z-score
2.465292300492311,0.2979344788549202,-1.9607312085547082,z-score
-0.32707429952248274,0.37420448292293973,-1.9607312085547082,z-score
1.4682719515670795,0.9276773502814059,-1.9607312085547082,z-score
0.41802987583089285,0.3989407004585136,-1.9607312085547082,z-score
0.7107493732911476,1.4316777825687244,-1.9607312085547082,z-score
-0.06628783814880111,0.8816405009790876,-1.9607312085547082,z-score
0.12353632081027291,-0.6410111117662396,-1.9607312085547082,z-score
2.2506313356881242,0.04232689765398964,1.058394722891666,z-score
1.2607072170043534,-0.5503116474691353,1.1730450747187433,z-score
2.3925559405173384,-0.5561521432761457,0.9055275871222291,z-score
2.4209408614831815,0.08664595407189299,1.4405625623152574,z-score
3.130563885629254,-0.5551214675454968,0.7526604513527925,z-score
3.790513298085101,-0.7317105760633439,0.2940590440444825,z-score
3.192655900242034,-0.7052565656433551,0.2940590440444825,z-score
1.2039373750726676,-0.4554894802494352,0.8290940192375108,z-score
-0.9231576398051833,1.1348431721418375,-0.2409759311485458,z-score
-0.8929986612789753,-0.5843239465805493,-0.6613605545144966,z-score
-1.0420194963496503,1.223481284977644,-0.9670948260533699,z-score
3.2795847206999285,-0.5451582688158906,0.3322758279868417,z-score
3.1500785187932707,0.06775023234332957,0.40870939587156,z-score
3.373609771399283,-0.7121277371810145,0.7144436674104333,z-score
3.749709974196701,0.14608158787264697,1.4405625623152574,z-score
3.338128620191979,-0.45858150744138193,0.4469261798139192,z-score
1.4629497788859838,-0.4046428108707555,0.9819611550069475,z-score
2.1388657093851178,0.07496496245787199,1.32591221048818,z-score
0.331101055372999,-0.45445880451878634,-0.7760109063415741,z-score
-0.9231576398051833,-0.4630477689408606,-0.3556262829756233,z-score
0.018866924748727306,-0.5832932708499005,-0.39384306691798243,z-score
-1.1963625041014212,-0.47026249905540296,0.06475834039032753,z-score
-0.09822087423537462,-0.42388209117620196,0.638010099525715,z-score
-0.11950956495975663,-0.5018698881286363,0.17940869221740502,z-score
0.008222579386536451,-0.6032196683091128,0.6762268834680741,z-score
-0.5435093218870348,-0.5427533587777099,-0.16454236326382746,z-score
-1.1981365616617863,-0.46957538190163706,-0.011675227494390806,z-score
-0.009517996217115604,-0.47301096767046674,-0.7377941223992149,z-score
0.6309167830747147,0.19589758152067763,0.7144436674104333,z-score
-1.0029902300216165,-0.11605360628905995,0.06475834039032753,z-score
-0.7351075384064741,-0.4207900639842551,0.638010099525715,z-score
-0.8468731647094805,-0.13013950794126178,1.0201779389493066,z-score
-0.7670405744930475,-0.12842171505684688,0.5997933155833558,z-score
-0.6960782720784402,3.3243419826170113,0.8290940192375108,z-score
-0.7528481140101261,-0.46270421036397763,0.6762268834680741,z-score
-0.8504212798302109,-0.2225567651227809,0.3322758279868417,z-score
0.5617285382204725,-0.5348515115094016,0.14119190827504585,z-score
-0.7315594232857439,0.1886828514061352,-0.7760109063415741,z-score
-0.9142873520033574,-0.5798576850810707,-0.6613605545144966,z-score
-0.30223749367737024,-0.5578699361605606,0.638010099525715,z-score
2.447551724888659,-0.46373488609462654,1.4787793462576166,z-score
0.08628111204260429,-0.4156366853310106,0.9819611550069475,z-score
-0.35013704780723004,-0.5915386766950917,0.48514296375627836,z-score
0.07918488180114341,0.17803253552276327,0.4469261798139192,z-score
1.1099123243733133,-0.7265571974100993,1.2112618586611026,z-score
-1.040245438789285,-0.4998085366673385,-0.1263255793214683,z-score
-0.6570490057504063,-0.3572317272609056,-0.20275914720618662,z-score
-0.9639609636935824,-0.5925693524257406,0.37049261192920085,z-score
-0.8025217257003512,-0.33558753691727844,-0.47027663480270077,z-score
-1.098789338281336,-0.48125637351565803,-0.04989201143674997,z-score
-0.07338406839026199,0.7775422521835474,-0.20275914720618662,z-score
1.7751839095102557,0.6590145431589226,0.06475834039032753,z-score
0.6220464952728887,-0.16483892420644175,-0.16454236326382746,z-score
0.9271843956556998,-0.10780820044386857,0.9437443710645883,z-score
1.0424981370794366,-0.15109658113112298,-0.3556262829756233,z-score
0.950247143940447,-0.45274101163437147,0.02654155644796836,z-score
2.2435351054466635,0.034081491808798395,0.25584226010212335,z-score
1.1808746267879204,-0.18236041162747332,0.7526604513527925,z-score
-0.5896348184565294,-0.351391231453895,0.17940869221740502,z-score
-0.7351075384064741,-0.4747287605548816,-0.5084934187450599,z-score
-0.958638791012487,-0.34520717707000154,0.14119190827504585,z-score
-0.8770321432356886,-0.3898697920647878,0.02654155644796836,z-score
-0.7457518837686653,-0.4757594362855305,-0.011675227494390806,z-score
-0.8149401286229073,-0.27615190311652443,0.10297512433268668,z-score
2.2843384293350626,-0.84920760935732,1.4023457783728983,z-score
2.6409239989684634,0.11206928876123279,0.8290940192375108,z-score
3.4321536708913336,0.10244964860850955,0.14119190827504585,z-score
0.18208022030232388,-0.7234651702181526,-0.31740949903326415,z-score
0.8863810717673005,-0.4688882647478711,-0.08810879537910914,z-score
-1.0508897841514764,-0.15590640120748459,0.17940869221740502,z-score
0.575920998703394,-0.1675873928215056,0.40870939587156,z-score
-0.7368815959668394,0.1790632112534122,0.40870939587156,z-score
0.428674221193084,0.0711858181121592,-0.31740949903326415,z-score
0.22820571687181854,0.1034803243391585,0.4469261798139192,z-score
0.37722655194249394,-0.6355141745361119,-0.31740949903326415,z-score
-0.8947727188393404,-0.2971089763063856,-0.04989201143674997,z-score
-0.6304381423449286,-0.2754647859627585,-0.31740949903326415,z-score
-1.1005633958417014,-0.3331826268790976,-0.1263255793214683,z-score
-0.6481787179485804,-0.5307288085868058,-0.2409759311485458,z-score
-1.1236261441264488,-0.30191879638274727,-0.39384306691798243,z-score
-0.7492999988893956,-0.481943490669424,0.06475834039032753,z-score
-1.03847138122892,-0.7653793165978751,-0.6231437705721374,z-score
-1.1484629499715613,-0.7822136868651407,0.2176254761597642,z-score
-0.6428565452674848,-0.7083485928353018,-1.234612313649884,z-score
0.04370373059383993,-0.5757349821584751,0.06475834039032753,z-score
-0.3057856087981005,-0.2868022189998965,-1.0817451778804474,z-score
-0.7173669628028224,-0.7275878731407481,-1.1963955297075248,z-score
0.03305938523164876,-0.28955068761496033,-0.6231437705721374,z-score
-1.0757265899965889,-0.7279314317176312,-0.1263255793214683,z-score
-0.004195823536019861,-0.7131584129116635,-1.1581787457651658,z-score
-0.42819558046329803,-0.5685202520439328,0.10297512433268668,z-score
-0.8042957832607163,-0.6891093125298555,-1.1963955297075248,z-score
-0.5523796096888607,-0.7172811158342591,0.02654155644796836,z-score
2.1938614937564385,-0.6506307519189627,-1.9607312085547082,z-score
-0.5736683004132429,-0.6389497603049417,-1.9607312085547082,z-score
-0.781233034975969,1.609641125394103,-1.9607312085547082,z-score
2.5238361999843617,-0.6320785887672823,-1.9607312085547082,z-score
0.7178456035326085,1.4650029645263725,-1.9607312085547082,z-score
0.3275529402522687,-0.6149006599231338,-0.6231437705721374,z-score
-0.3483629902468649,-0.14353829243969765,0.17940869221740502,z-score
-0.18514969469326834,0.1924619957518481,0.5997933155833558,z-score
-0.41222906242001145,-0.6688393564937603,-0.31740949903326415,z-score
-0.45303238630841053,-0.42800479409879755,-0.5849269866297783,z-score
-0.1745053493310773,-0.19438496181837725,-0.16454236326382746,z-score
-0.9870237119783298,-0.4716367333629349,-0.16454236326382746,z-score
-0.2543379395475103,0.3652719599239823,-1.9607312085547082,z-score
-0.1674091190896166,-0.6451338146888351,-1.9607312085547082,z-score
-0.05209537766587997,0.038204194731394074,1.6316464820270533,z-score
-0.38916631413526415,0.134744154835509,1.1730450747187433,z-score
-0.37497385365234265,-0.541379124470178,1.0201779389493066,z-score
-0.3111077814791961,-0.46923182332475405,-0.20275914720618662,z-score
-0.5435093218870348,-0.5626797562369222,0.3322758279868417,z-score
-0.059191607907340536,-0.5527165575073161,-0.8142276902839333,z-score
0.2228835441907231,0.2137626275185922,0.8290940192375108,z-score
-0.03612885962259305,-0.16896162712903745,0.37049261192920085,z-score
-0.7297853657253787,-0.41426245102347875,0.7908772352951516,z-score
0.047251845714570216,-0.10093702890620919,0.7526604513527925,z-score
-0.3323964722035783,-0.3939924949873834,0.14119190827504585,z-score
0.625594610393619,-0.434532407059574,-0.04989201143674997,z-score
1.0247575614757845,-0.588103090926262,0.7908772352951516,z-score
0.020640982309092448,0.06534532230514875,-0.7760109063415741,z-score
0.6522054737990967,-0.4654526789790414,0.40870939587156,z-score
-0.22950113370239783,-0.4925938065527961,0.5615765316409966,z-score
-0.01484016889821103,0.1904006442905502,0.7526604513527925,z-score
-0.8894505461582448,-0.2600046500030247,-1.005311609995729,z-score
-0.18514969469326834,-0.5509987646229011,0.25584226010212335,z-score
-1.040245438789285,-0.7220909359106208,-0.31740949903326415,z-score
-0.36965168097124707,-0.1084953175976345,0.48514296375627836,z-score
-0.6197937969827375,-0.10505973182880488,0.2176254761597642,z-score
-0.5523796096888607,-0.11639716486594286,0.5233597476986375,z-score
0.7249418337740691,0.14264600210381723,0.5615765316409966,z-score
0.5776950562637592,-0.5774527750428899,0.5615765316409966,z-score
-1.214103079705073,0.0893944226869567,-0.5084934187450599,z-score
0.10756980276698631,3.2614707630474276,1.058394722891666,z-score
-0.928479812486279,3.710845381610354,0.3322758279868417,z-score
-0.7191410203631875,-0.21053221493187696,0.7908772352951516,z-score
0.004674464265805851,3.453176448948126,0.86731080317987,z-score
-0.8983208339600709,0.1745969497539335,0.7144436674104333,z-score
-0.2064383854176505,0.238842403631049,0.86731080317987,z-score
-0.7794589774156037,-0.12704748074931504,0.5615765316409966,z-score
-0.162086946408521,0.08905086411007379,-0.011675227494390806,z-score
-0.23837142150422372,0.07530852103475488,-0.20275914720618662,z-score
2.459970127811215,0.5824009805140199,0.6762268834680741,z-score
-1.027827035866729,-0.5953178210408044,1.287695426545821,z-score
-0.11950956495975663,-0.4764465534392964,1.7080800499117716,z-score
-0.5612498974906865,0.1745969497539335,1.287695426545821,z-score
0.2956199041656955,0.21822888901807092,-1.9607312085547082,z-score
2.348204501508209,0.7631127919544628,-1.9607312085547082,z-score
-0.8788062007960539,1.6137638283166988,-1.9607312085547082,z-score
2.1867652635149777,-0.6203975971532613,-1.9607312085547082,z-score
1.1028160941318526,1.3107451635059182,-1.9607312085547082,z-score
0.9023475898105872,1.5728803576676254,-1.9607312085547082,z-score
-1.0366973236685548,-0.5073668253587639,0.17940869221740502,z-score
-0.9941199422197905,-0.589133766656911,0.02654155644796836,z-score
-0.3430408175657693,-0.39605384644868125,0.5615765316409966,z-score
-0.9834755968575994,-0.5932564695795066,-0.16454236326382746,z-score
-0.9923458846594253,-0.47438520197799866,-0.279192715090905,z-score
-0.7794589774156037,-0.3702869531824584,0.37049261192920085,z-score
-0.24191953662495413,-0.34623785280065045,-0.4320598508603416,z-score
-0.8433250495887502,-0.5465325031234225,0.25584226010212335,z-score
-1.0296010934270943,-0.5544343503917308,-0.2409759311485458,z-score
-0.5807645306547036,-0.5571828190067947,0.3322758279868417,z-score
-0.6268900272241983,-0.4857226350151367,-0.279192715090905,z-score
-0.7599443442515867,-0.5692073691976985,0.40870939587156,z-score
-0.7599443442515867,-0.3352439783403954,-0.2409759311485458,z-score
-0.7528481140101261,-0.3812808276427135,-0.6231437705721374,z-score
-0.2703044575907971,-0.339710239839874,0.4469261798139192,z-score
-0.9213835822448181,1.33754273250279,0.9819611550069475,z-score
-0.18160157957253803,-0.5592441704680924,0.86731080317987,z-score
-0.5239946887230178,1.2753586300869726,-0.6613605545144966,z-score
0.5368917323753599,1.1300333520654757,0.37049261192920085,z-score
-1.3099021879647925,1.3227697136968226,-0.1263255793214683,z-score
0.19804673834561048,1.2791377744326853,0.9819611550069475,z-score
0.08095893936150855,-0.12498612928801713,-0.04989201143674997,z-score
0.1465990690950204,-0.6660908878786964,-0.8142276902839333,z-score
0.820740942033789,-0.6509743104958458,-0.3556262829756233,z-score
-0.18869780981399878,0.07977478253423347,0.3322758279868417,z-score
0.8154187693526933,-0.6279558858446866,-0.9670948260533699,z-score
2.4812588185355975,0.05125942065294694,-0.08810879537910914,z-score
0.44464073923637065,0.6133212524334876,0.14119190827504585,z-score
-0.3164299541602917,-0.4499925430193077,0.10297512433268668,z-score
-1.1076596260831622,0.06122261938255307,0.8290940192375108,z-score
0.8242890571545193,-0.5822625951192516,-0.16454236326382746,z-score
0.20159485346634107,-0.40120722510192586,-0.6995773384568558,z-score
0.2991680192864258,-0.5029005638592853,-0.4320598508603416,z-score
1.2731256199269099,-0.4633913275177436,0.9437443710645883,z-score
0.9023475898105872,0.18936996855990126,0.6762268834680741,z-score
1.1649081087446338,-0.14594320247787834,0.4469261798139192,z-score
1.796472600234638,0.04232689765398964,-0.3556262829756233,z-score
1.647451765163963,0.6133212524334876,0.2176254761597642,z-score
1.7592173914669693,0.5507935914407868,0.5615765316409966,z-score
-0.39981065949745515,-0.1428511752859316,0.4469261798139192,z-score
-1.0242789207459986,-0.40532992802452145,-0.011675227494390806,z-score
0.011770694507266736,-0.6667780050324624,-0.31740949903326415,z-score
-0.5523796096888607,0.10038829714721177,0.40870939587156,z-score
0.4588331997192921,-0.4640784446715095,-0.3556262829756233,z-score
0.12353632081027291,-0.6272687686909207,-0.6231437705721374,z-score
-1.0562119568325719,0.028928113155553877,0.3322758279868417,z-score
-0.8078438983814465,-0.40052010794815984,-0.011675227494390806,z-score
2.3978781131984346,0.04404469053840452,0.9437443710645883,z-score
-0.39981065949745515,-0.18820090743448378,0.638010099525715,z-score
-0.8202623013040029,-0.4269741183681487,0.7526604513527925,z-score
-0.2099865005383808,-0.4091090723702341,-0.04989201143674997,z-score
2.011133565038825,-0.39124402637231964,0.7908772352951516,z-score
-0.0219363991396716,-0.4221642982917871,0.06475834039032753,z-score
-0.4157771775407417,-0.46098641747956276,0.40870939587156,z-score
1.1613599936239036,0.046106041999702425,-0.1263255793214683,z-score
0.7888079059472155,-0.6190233628457295,-1.9607312085547082,z-score
1.3795690735488206,0.8218613086014509,-1.9607312085547082,z-score
-0.4140031199803766,0.749714007456027,-1.9607312085547082,z-score
-0.5896348184565294,-0.5898208838106769,1.0201779389493066,z-score
-0.37497385365234265,0.14711226360329593,1.7080800499117716,z-score
-1.224747425067264,-0.5396613315857631,1.058394722891666,z-score
-1.0349232661081897,0.16016748952484866,1.0201779389493066,z-score
-0.6907560993973446,0.6071371980495941,1.5169961301999757,z-score
-1.0899190504795104,0.14127176779628536,1.0201779389493066,z-score
-1.2708729216367587,0.19383623005937997,1.555212914142335,z-score
-1.2105549645843425,-0.4541152459419034,1.058394722891666,z-score
-0.8149401286229073,0.1996767258663903,1.096611506834025,z-score
0.041929673033474786,-0.5578699361605606,1.1730450747187433,z-score
-0.7368815959668394,-0.15281437401553785,0.17940869221740502,z-score
0.6663979342820182,-0.4548023630956693,0.10297512433268668,z-score
-0.4423880409462195,-0.16037266270696318,-0.5467102026874191,z-score
0.32932699781263386,-0.2046917191248664,0.48514296375627836,z-score
-0.027258571820767342,-0.19644631327967516,0.14119190827504585,z-score
0.6805903947649397,-0.18545243881942006,-0.5467102026874191,z-score
0.13240660861209894,-0.6145571013462507,-0.8906612581686516,z-score
0.4641553724003875,-0.6365448502667609,0.40870939587156,z-score
1.4931087574121922,-0.1332315351332085,0.9055275871222291,z-score
1.4948828149725577,-0.41082686525464895,0.10297512433268668,z-score
2.119351076221101,-0.12086342636542156,0.7526604513527925,z-score
0.12531037837063805,0.6864992293095602,0.7526604513527925,z-score
0.5493101352979163,-0.45102321874995666,-0.011675227494390806,z-score
-0.6801117540351537,-0.18820090743448378,-0.1263255793214683,z-score
-0.9568647334521219,0.14505091214199803,0.06475834039032753,z-score
0.12708443593100352,3.415728564067882,0.9437443710645883,z-score
-0.07161001082989685,3.3525137859214147,0.9055275871222291,z-score
-0.7936514378985251,0.14127176779628536,-0.011675227494390806,z-score
0.10756980276698631,-0.4651091204021584,0.2176254761597642,z-score
0.03128532767128362,3.5411274446301664,1.096611506834025,z-score
-0.09289870155427887,-0.4486183087117758,0.86731080317987,z-score
-0.3004634361170051,3.601593754161569,0.02654155644796836,z-score
-0.27385257271152735,-0.16277757274514398,0.9055275871222291,z-score
1.1241047848562347,-0.46270421036397763,0.17940869221740502,z-score
0.8686404961636488,-0.4444956057891801,-0.7377941223992149,z-score
-1.246036115791646,0.0546950064217767,0.5233597476986375,z-score
-0.8273585315454636,-0.4499925430193077,0.37049261192920085,z-score
0.28497555880350434,0.09592203564773319,0.5233597476986375,z-score
-1.23361771286909,0.20139451875080527,0.48514296375627836,z-score
-0.4246474653425676,-0.4565201559800841,-0.4320598508603416,z-score
0.13240660861209894,-0.42937902840632935,0.14119190827504585,z-score
0.18562833542305449,-0.4651091204021584,0.17940869221740502,z-score
-0.5541536672492259,0.1883392928292523,0.2940590440444825,z-score
-0.32175212684138726,-0.40086366652504285,-0.1263255793214683,z-score
-0.7652665169326823,0.08802018837942484,0.5997933155833558,z-score
-0.6783376964747885,-0.13288797655632548,-0.1263255793214683,z-score
-0.1283798527615825,3.4947470367509643,0.9819611550069475,z-score
-1.0721784748758585,4.190796713515864,1.1348282907763843,z-score
-0.9905718270990602,1.1296897934885928,0.7526604513527925,z-score
-0.555927724809591,1.1585487139467623,0.8290940192375108,z-score
0.06321836375785682,0.10485455864669037,-1.1199619618228065,z-score
-0.5080281706797312,-0.5245447542029124,-1.005311609995729,z-score
-1.2921616123611408,4.255385725969862,0.5233597476986375,z-score
-0.7368815959668394,3.6572502436166103,0.9055275871222291,z-score
-0.47254701947242755,-0.4633913275177436,0.3322758279868417,z-score
-0.733333480846109,-0.4740416434011157,-0.4320598508603416,z-score
-0.13902419812377367,0.1745969497539335,0.86731080317987,z-score
0.18740239298341962,-0.46373488609462654,0.5997933155833558,z-score
-1.136044547049005,-0.4733545262473497,0.2940590440444825,z-score
1.564071059826799,-0.4073912794858193,1.2112618586611026,z-score
0.5102808689698825,0.15879325521731683,0.2176254761597642,z-score
3.4197352679687776,-0.5936000281563896,1.287695426545821,z-score
2.504321566820345,0.15879325521731683,0.5233597476986375,z-score
-0.7652665169326823,-0.5695509277745816,0.14119190827504585,z-score
0.5918875167466806,-0.47026249905540296,-0.31740949903326415,z-score
-0.8042957832607163,0.7136403568833148,1.3641289944305393,z-score
-0.046773204984784225,0.1952104643669118,1.6698632659694124,z-score
-0.7209150779235528,-0.47026249905540296,0.4469261798139192,z-score
1.0797533458471051,-0.43934222713593557,0.638010099525715,z-score
2.0909661552552583,-0.4726674090935838,0.5615765316409966,z-score
0.3435194582955553,-0.13769779663268708,0.14119190827504585,z-score
1.195067087270842,-0.13941558951710198,-0.31740949903326415,z-score
0.06854053643895255,0.7033335995768258,0.3322758279868417,z-score
0.43044827875344915,-0.3936489364105004,-0.08810879537910914,z-score
-0.42996963802366317,-0.3215016352650766,-0.3556262829756233,z-score
-0.42819558046329803,-0.3331826268790976,0.10297512433268668,z-score
-0.20289027029692006,-0.5465325031234225,-0.31740949903326415,z-score
-1.1183039714453533,-0.5568392604299116,-0.39384306691798243,z-score
-0.9621869061332172,-0.3424587084549378,0.5997933155833558,z-score
-0.5151244009211919,-0.4925938065527961,0.48514296375627836,z-score
-0.7475259413290305,-0.4091090723702341,0.5997933155833558,z-score
0.4641553724003875,-0.6416982289200054,-0.9288780421110108,z-score
-0.49560976775717486,-0.4530845702112544,-0.04989201143674997,z-score
0.05612213351639624,0.08321036830306323,0.5615765316409966,z-score
0.4322223363138143,-0.6382626431511758,0.17940869221740502,z-score
0.7409083518173557,-0.6660908878786964,-0.3556262829756233,z-score
-0.172731291770712,-0.43384528990580806,0.48514296375627836,z-score
0.15369529933648096,-0.4489618672886588,-0.6613605545144966,z-score
-0.30933372391883096,-0.1122744619433473,-0.20275914720618662,z-score
-0.6197937969827375,-0.09509653309919874,-0.3556262829756233,z-score
0.08628111204260429,-0.6444466975350692,0.37049261192920085,z-score
-0.8167141861832724,-0.3933053778336175,-1.0817451778804474,z-score
0.2104651412681668,0.1725355982926356,0.4469261798139192,z-score
-0.6730155237936929,-0.20847086347057905,0.5615765316409966,z-score
0.5315695596942644,-0.4565201559800841,-0.1263255793214683,z-score
0.8171928269130584,-0.4874404278995515,-0.4320598508603416,z-score
-0.1833756371329032,-0.48537907643825373,-0.1263255793214683,z-score
-0.5009319404382705,0.06706311518956364,-0.5849269866297783,z-score
-0.9639609636935824,-0.5606184047756243,0.2940590440444825,z-score
0.3860968397443197,0.07290361099657408,0.06475834039032753,z-score
0.43399639387417943,-0.44106002002035044,0.86731080317987,z-score
-0.12483173764085223,0.09283000845578646,0.25584226010212335,z-score
1.0442721946398017,-0.49190668939903015,-0.31740949903326415,z-score
-1.1874922162995953,0.08355392687994626,-0.5467102026874191,z-score
-0.29691532099627466,0.10863370299240302,0.14119190827504585,z-score
-0.041451032303688795,0.2044865459427519,1.0201779389493066,z-score
-0.7049485598802661,3.3748450934188083,0.02654155644796836,z-score
0.17143587494013302,-0.5668024591595178,-0.1263255793214683,z-score
-0.6570490057504063,-0.5619926390831561,-0.279192715090905,z-score
0.5297955021338994,-0.4640784446715095,0.2940590440444825,z-score
0.2796533861224089,0.11825334314512626,0.5615765316409966,z-score
-0.5701201852925124,-0.17411500578228198,0.06475834039032753,z-score
-0.45480644386877583,0.13096501048979609,0.48514296375627836,z-score
-0.8486472222698458,0.08389748545682915,0.2176254761597642,z-score
-1.0544378992722065,3.247041302818343,0.9437443710645883,z-score
-0.3040115512377354,-0.22221320654589796,-0.1263255793214683,z-score
-0.6109235091809117,3.681986461152184,0.37049261192920085,z-score
-0.2153086732194764,-0.13941558951710198,0.2176254761597642,z-score
-0.37319979609197734,-0.22083897223836613,0.5615765316409966,z-score
-0.8433250495887502,4.117618736639791,-0.4320598508603416,z-score
-0.5399612067663043,-0.5314159257405718,0.6762268834680741,z-score
-1.0562119568325719,1.278450657278919,-0.04989201143674997,z-score
-1.205232791903247,-0.541035565893295,0.9819611550069475,z-score
-0.1940199824950942,-0.5317594843174548,0.5233597476986375,z-score
-0.5488314945681303,3.891900751627679,1.1348282907763843,z-score
-0.06806189570916657,-0.5791705679273047,-1.0817451778804474,z-score
-0.8468731647094805,0.11172573018434988,-1.005311609995729,z-score
-0.6056013364998161,-0.21328068354694069,-0.04989201143674997,z-score
0.0507999608353005,0.0825232511492973,0.638010099525715,z-score
-0.39981065949745515,3.6294219988890895,0.9055275871222291,z-score
-0.5931829335772597,3.395115049454903,1.058394722891666,z-score
-0.6818858115955188,0.23987307936169794,0.2940590440444825,z-score
-0.09467275911464401,-0.4489618672886588,0.5233597476986375,z-score
-0.5665720701717821,-0.42250785686867,1.0201779389493066,z-score
-0.1407982556841388,-0.12464257071113423,0.7908772352951516,z-score
-0.9036430066411663,0.20792213171158166,0.17940869221740502,z-score
-0.9213835822448181,3.8688823269765202,0.8290940192375108,z-score
-0.3253002419621176,-0.43075326271386133,0.02654155644796836,z-score
-0.11241333471829591,-0.47679011201617943,0.02654155644796836,z-score
-0.6393084301467544,-0.32047095953442767,0.4469261798139192,z-score
-0.6818858115955188,-0.41082686525464895,0.638010099525715,z-score
-1.0136345753838074,-0.5001520952442214,0.06475834039032753,z-score
-0.27917474539262294,-0.3489863214157142,0.14119190827504585,z-score
0.18562833542305449,-0.19919478189473885,-0.04989201143674997,z-score
1.1631340511842687,-0.4125446581390639,0.17940869221740502,z-score
-0.15676477372742542,0.6109163423953067,-0.3556262829756233,z-score
0.4428666816760055,0.14298956068070012,0.17940869221740502,z-score
0.14837312665538555,-0.42456920832996786,-0.1263255793214683,z-score
0.40206335778760627,-0.5554650261223798,0.8290940192375108,z-score
2.7296268769867225,-0.4554894802494352,1.3641289944305393,z-score
3.359417310916362,0.043357573384638595,1.096611506834025,z-score
-0.9249316973655485,3.938281159506881,0.37049261192920085,z-score
-0.0858024713128183,0.13405703768174296,0.17940869221740502,z-score
-0.1745053493310773,0.17494050833081642,0.86731080317987,z-score
-0.7723627471741429,-0.15144013970800588,0.40870939587156,z-score
1.07797928828674,-0.5077103839356468,-0.8142276902839333,z-score
-0.5594758399303215,-0.5788270093504218,-0.2409759311485458,z-score
-0.8521953373905762,0.1883392928292523,1.096611506834025,z-score
-1.1307223743679093,-0.4651091204021584,1.096611506834025,z-score
-0.21708273077984153,-0.5932564695795066,1.6698632659694124,z-score
-0.841550992028385,-0.4166673610616595,1.2494786426034616,z-score
-0.30933372391883096,-0.47885146347747726,1.593429698084694,z-score
-0.6818858115955188,0.09076865699448855,1.2112618586611026,z-score
-1.2868394396800453,0.758990089031867,1.287695426545821,z-score
-0.5612498974906865,-0.42010294683048915,1.1730450747187433,z-score
-0.11063927715793077,0.07633919676540384,1.4023457783728983,z-score
-1.027827035866729,-0.39674096360244715,1.4023457783728983,z-score
0.45173696947783154,-0.8577965737793942,0.86731080317987,z-score
3.994529917527096,0.12443739752901972,1.1348282907763843,z-score
0.7107493732911476,-0.5616490805062733,-0.2409759311485458,z-score
0.26900904076021775,-0.46270421036397763,0.5615765316409966,z-score
-0.26675634247006663,0.18387303132977384,0.25584226010212335,z-score
0.5954356318674109,-0.457894390287616,0.2940590440444825,z-score
-0.43883992582548903,-0.4723238505167008,-0.011675227494390806,z-score
-0.6854339267162493,0.029271671732436777,-0.6995773384568558,z-score
0.21933542906999282,-0.5870724151956132,0.86731080317987,z-score
-0.1283798527615825,0.3154559662759516,-1.9607312085547082,z-score
1.2571591018836232,-0.6458209318426013,-1.9607312085547082,z-score
0.4765737753229438,-0.6482258418807819,-1.9607312085547082,z-score
-0.4583545589895061,-0.6530356619571436,-1.9607312085547082,z-score
1.652773937845058,1.6649540562722613,-1.9607312085547082,z-score
2.2133761269204553,0.22166447478690043,-1.9607312085547082,z-score
0.06321836375785682,-0.5836368294267834,1.32591221048818,z-score
3.538597124513245,-0.5657717834288689,0.17940869221740502,z-score
1.1453934755806168,0.7060820681918896,0.4469261798139192,z-score
1.9171085143394704,0.05881770934437226,-0.20275914720618662,z-score
0.18917645054378476,0.1196275774526581,0.02654155644796836,z-score
1.737928700742587,0.17768897694588037,-0.04989201143674997,z-score
1.858564614847419,-0.45274101163437147,-0.011675227494390806,z-score
0.23352788955291426,-0.4389986685590526,-0.16454236326382746,z-score
0.6096280923503323,0.6377139113921783,0.10297512433268668,z-score
1.8106650607175594,0.11516131595317965,0.25584226010212335,z-score
0.06676647887858742,-0.14182049955528278,-1.0817451778804474,z-score
-0.3767479112127078,-0.6647166535711645,0.02654155644796836,z-score
0.3204567100108081,-0.19438496181837725,-0.9670948260533699,z-score
-0.08757652887318344,0.1172226674144773,-0.8524444742262924,z-score
0.811870654231963,0.14986073221835963,0.14119190827504585,z-score
0.8970254171294917,-0.4427778129047653,-0.31740949903326415,z-score
-0.2649822849097015,-0.39227470210296855,-0.20275914720618662,z-score
0.16079152957794185,-0.49774718520604067,0.2176254761597642,z-score
0.9360546834575255,-0.5104588525507106,0.48514296375627836,z-score
-0.05386943522624511,-0.5925693524257406,1.555212914142335,z-score
-0.3678776234108819,-0.540692007316412,1.1348282907763843,z-score
-0.45303238630841053,0.06087906080567017,1.0201779389493066,z-score
-1.265550748955663,-0.4122010995621808,1.555212914142335,z-score
-0.8184882437436376,-0.4764465534392964,1.4787793462576166,z-score
-0.5151244009211919,-0.5465325031234225,1.3641289944305393,z-score
-0.7368815959668394,0.042670456230872664,1.822730401738849,z-score
-0.5470574370077651,-0.4757594362855305,1.0201779389493066,z-score
-0.3430408175657693,-0.4438084886354142,1.78451361779649,z-score
-0.6889820418369795,-0.4273176769450316,1.6698632659694124,z-score
-0.03258074450186277,0.13646194771992376,1.058394722891666,z-score
0.24062411979437484,-0.5540907918148479,-1.1199619618228065,z-score
-0.5701201852925124,-0.541035565893295,0.3322758279868417,z-score
-0.6073753940601813,-0.7141890886423123,0.2940590440444825,z-score
-0.31465589659992654,-0.31119487795858747,0.2940590440444825,z-score
-0.3909403716956293,-0.30363658926716214,-1.234612313649884,z-score
0.06144430619749167,-0.2575997399648439,-0.4320598508603416,z-score
-1.146688892411196,-0.25622550565731206,0.2940590440444825,z-score
-0.5914088760168946,-0.7818701282882576,-0.8142276902839333,z-score
-0.5027059979986356,-0.2459187483508229,-0.6995773384568558,z-score
-0.7386556535272046,-0.2916120390762581,0.2940590440444825,z-score
1.4664978940067148,0.3542780854637272,-1.9607312085547082,z-score
1.5711672900682603,1.387358726150821,-1.9607312085547082,z-score
0.8171928269130584,-0.636201291689878,-1.9607312085547082,z-score
1.4860125271707316,0.39241308749773723,-1.9607312085547082,z-score
0.22465760175108823,1.3000948476225465,-1.9607312085547082,z-score
-0.4370658682651239,-0.6248638586527399,-1.9607312085547082,z-score
-0.6552749481900412,1.308683812044621,0.2176254761597642,z-score
-0.2703044575907971,4.1193365295242055,-0.31740949903326415,z-score
-0.8752580856753234,-0.4486183087117758,0.14119190827504585,z-score
0.7089753157307825,0.19211843717496496,0.6762268834680741,z-score
-0.910739236882627,-0.5853546223111982,-0.6995773384568558,z-score
0.20159485346634107,-0.4118575409852979,0.638010099525715,z-score
-0.9746053090557736,-0.4592686245951479,0.3322758279868417,z-score
0.21223919882853193,-0.44002934428970153,0.8290940192375108,z-score
-1.2566804611538371,0.04644960057658533,0.37049261192920085,z-score
-0.42996963802366317,-0.46442200324839245,0.7144436674104333,z-score
0.008222579386536451,-0.7214038187568547,-0.6995773384568558,z-score
-0.11950956495975663,-0.7083485928353018,0.06475834039032753,z-score
-0.9089651793222618,-0.6997596284132276,-0.1263255793214683,z-score
-0.41932529266147217,-0.7691584609435876,-1.2728290975922432,z-score
-1.057986014392937,-0.5798576850810707,-0.08810879537910914,z-score
-0.8929986612789753,-0.6908271054142703,-1.0435283939380882,z-score
-0.7492999988893956,-0.21877762077706822,-1.2728290975922432,z-score
0.11998820568954263,3.2545995915097685,1.096611506834025,z-score
-0.5718942428528776,-0.12773459790308095,-0.011675227494390806,z-score
-0.928479812486279,-0.18923158316513272,1.1730450747187433,z-score
-0.5896348184565294,-0.434188848482691,-0.5467102026874191,z-score
0.16966181737976757,0.17803253552276327,-0.4320598508603416,z-score
-1.144914834850831,-0.4675140304403392,0.86731080317987,z-score
0.12708443593100352,-0.5527165575073161,-0.16454236326382746,z-score
0.6025318621088718,-0.5956613796176874,-0.04989201143674997,z-score
-0.9675090788143128,0.18456014848353963,-0.7377941223992149,z-score
0.4623813148400224,0.6696648590422946,0.37049261192920085,z-score
2.4351333219661027,-0.44243425432788236,0.14119190827504585,z-score
0.625594610393619,-0.14113338240151685,-0.2409759311485458,z-score
1.9277528597016613,-0.13804135520957012,0.2176254761597642,z-score
0.4269001636327189,0.027897437424904924,0.8290940192375108,z-score
0.31868265245044297,-0.17548924008981395,0.10297512433268668,z-score
0.5333436172546296,-0.1239554535573683,0.9437443710645883,z-score
-0.09822087423537462,-0.44586984009671204,0.638010099525715,z-score
-1.03847138122892,-0.41529312675412766,-0.31740949903326415,z-score
-0.42287340778220245,-0.42903546982944646,-0.6231437705721374,z-score
0.428674221193084,-0.20847086347057905,-0.4320598508603416,z-score
0.8846070142069354,-0.6640295364173986,-1.0817451778804474,z-score
-0.48496542239498386,0.1924619957518481,0.48514296375627836,z-score
0.09515139984443001,-0.12601680501866608,0.5997933155833558,z-score
0.6717201069631136,0.04851095203788311,0.5233597476986375,z-score
-0.03612885962259305,-0.4125446581390639,-0.3556262829756233,z-score
-0.2348233063834934,-0.15728063551501645,-0.3556262829756233,z-score
-0.1833756371329032,-0.6392933188818246,-0.2409759311485458,z-score
0.17143587494013302,0.06946802522774444,0.10297512433268668,z-score
-0.5080281706797312,-0.5238576370491465,1.058394722891666,z-score
-0.11950956495975663,-0.5681766934670496,-0.9288780421110108,z-score
-0.6570490057504063,0.1673822196393911,-0.011675227494390806,z-score
-1.1626554104544828,-0.5850110637343152,0.8290940192375108,z-score
0.45705914215892696,3.627017088850909,0.86731080317987,z-score
0.4623813148400224,-0.3933053778336175,-0.16454236326382746,z-score
-1.097015280720971,0.057099916459957385,0.02654155644796836,z-score
-0.4743210770327927,-0.48915822078396637,-0.3556262829756233,z-score
-1.0420194963496503,-0.3977716393330961,-0.31740949903326415,z-score
0.05967024863712653,-0.4606428589026798,0.37049261192920085,z-score
0.14837312665538555,0.08733307122565892,-0.5849269866297783,z-score
0.7551008123002771,-0.3988023150637451,-0.6995773384568558,z-score
-0.4938357101968097,0.11172573018434988,0.9437443710645883,z-score
0.16788775981940243,0.1306214519129132,0.86731080317987,z-score
-0.9036430066411663,3.741078536376055,0.48514296375627836,z-score
-0.0893505864335486,3.935189132314934,0.06475834039032753,z-score
0.07386270912004798,-0.4300661455600954,-0.3556262829756233,z-score
0.6362389557558101,0.029271671732436777,-0.39384306691798243,z-score
-0.6375343725863892,-0.5887902080800279,0.86731080317987,z-score
2.459970127811215,0.8435054989450779,-1.9607312085547082,z-score
-0.5186725160419222,0.32232713781361094,-1.9607312085547082,z-score
-1.0154086329441727,-0.3579188444146715,-0.1263255793214683,z-score
-0.9036430066411663,-0.32974704111026787,-0.31740949903326415,z-score
-0.8202623013040029,-0.5843239465805493,0.48514296375627836,z-score
0.7515526971795469,0.1467687050264128,-0.5467102026874191,z-score
0.09692545740479547,-0.565428224851986,-0.6995773384568558,z-score
0.1785321051815936,-0.4664833547096903,0.7908772352951516,z-score
-0.20821244297801567,-0.4359066413671059,-0.279192715090905,z-score
0.6575276464801921,-0.43556308279022293,0.5615765316409966,z-score
0.7267158913344343,-0.1291088322106128,0.638010099525715,z-score
0.4464147967967358,-0.39639740502556425,-0.4320598508603416,z-score
0.15192124177611582,-0.17755059155111172,-0.39384306691798243,z-score
0.7515526971795469,-0.16827450997527152,0.2940590440444825,z-score
3.570530160599818,-0.5578699361605606,1.096611506834025,z-score
3.025894489567708,0.17768897694588037,0.2940590440444825,z-score
2.177894975713152,-0.4709496162091689,0.638010099525715,z-score
-0.2720785151511622,-0.40601704517828735,1.096611506834025,z-score
2.6462461716495596,0.04438824911528755,0.7526604513527925,z-score
-0.35191110536759534,-0.4163238024847765,1.2494786426034616,z-score
1.381343131109186,0.12718586614408342,1.4405625623152574,z-score
1.6119706139566596,0.10485455864669037,1.1730450747187433,z-score
-0.5062541131193659,-0.22015185508460006,0.40870939587156,z-score
0.015318809627997022,3.7290539861851513,0.7908772352951516,z-score
-0.9799274817368689,3.923851699277795,0.25584226010212335,z-score
-0.1496685434859647,0.14333311925758327,0.7526604513527925,z-score
-0.8060698408210815,-0.17583279866669685,-0.011675227494390806,z-score
-0.7581702866912217,3.7269926347238536,0.3322758279868417,z-score
-0.6907560993973446,-0.540348448739529,0.48514296375627836,z-score
-0.059191607907340536,-0.4310968212907443,-0.5849269866297783,z-score
0.6486573586783664,-0.5791705679273047,-0.20275914720618662,z-score
-0.9178354671240877,-0.5568392604299116,0.48514296375627836,z-score
0.10934386032735147,-0.47782078774682835,0.2176254761597642,z-score
0.8491258629996317,-0.44312137148164826,-0.16454236326382746,z-score
2.3322379834649225,-0.20125613335603676,-0.3556262829756233,z-score
-0.4210993502218373,0.03957842903892593,0.4469261798139192,z-score
2.7775264311165824,-0.4506796601730736,1.287695426545821,z-score
2.5238361999843617,-0.6976982769519298,0.86731080317987,z-score
-0.6552749481900412,-0.7918333270178638,-0.20275914720618662,z-score
0.049025903274935355,-0.5434404759314758,-0.011675227494390806,z-score
0.09692545740479547,-0.27031140730951386,0.10297512433268668,z-score
-0.04499914742441908,-0.6884221953760894,0.3322758279868417,z-score
-0.16563506152925128,-0.5805448022348366,-0.6613605545144966,z-score
0.05257401839566596,-0.7908026512872149,-0.3556262829756233,z-score
0.21401325638889707,-0.5946307038870385,-0.6995773384568558,z-score
0.08982922716333458,-0.7729376052893003,-0.6995773384568558,z-score
0.7001050279289565,-0.4444956057891801,0.5615765316409966,z-score
0.3807746670632242,-0.4723238505167008,-0.011675227494390806,z-score
-0.28627097563408366,0.07496496245787199,-0.16454236326382746,z-score
-0.06096566546770568,0.061909736536318996,1.1730450747187433,z-score
-0.42819558046329803,-0.4554894802494352,1.7462968338541307,z-score
-0.969283136374678,0.03476860896256432,1.1730450747187433,z-score
-0.14257231324450395,0.7734195492609519,1.5169961301999757,z-score
-0.7315594232857439,0.6803151749256667,1.7080800499117716,z-score
-0.0893505864335486,-0.5589006118912095,1.2112618586611026,z-score
-0.7546221715704912,-0.7677842266360558,-0.9670948260533699,z-score
0.13950283885355952,-0.7141890886423123,-0.9288780421110108,z-score
0.12353632081027291,-0.29332983196067297,-0.5467102026874191,z-score
-0.5772164155339732,-0.5760785407353581,0.2176254761597642,z-score
-1.146688892411196,-0.7141890886423123,0.10297512433268668,z-score
-0.6020532213790857,-0.5846675051574324,-1.005311609995729,z-score
-0.5044800555590008,-0.7859928312108533,-0.04989201143674997,z-score
-0.09289870155427887,-0.6887657539529726,-0.5849269866297783,z-score
0.011770694507266736,0.617787513932966,1.7080800499117716,z-score
-0.9763793666161387,0.7466219802640801,1.4023457783728983,z-score
-0.6162456818620071,-0.5984098482327511,1.4405625623152574,z-score
-0.969283136374678,0.17528406690769957,1.5169961301999757,z-score
-1.0349232661081897,-0.5664589005826348,1.3641289944305393,z-score
0.162565587138307,-0.777403866788779,-0.3556262829756233,z-score
-0.9196095246844529,-0.7736247224430663,-0.1263255793214683,z-score
-0.13725014056340853,-0.2967654177295026,-0.7377941223992149,z-score
-0.8007476681399859,-0.5826061536961344,-1.0817451778804474,z-score
0.2459462924754706,-0.28611510184613054,-0.7760109063415741,z-score
-0.20821244297801567,-0.7214038187568547,-1.234612313649884,z-score
-0.2348233063834934,-0.5616490805062733,-1.234612313649884,z-score
-0.03612885962259305,-0.3056979407284599,-0.8142276902839333,z-score
-0.6038272789394509,3.4652009991390296,0.3322758279868417,z-score
-0.6020532213790857,0.07805698964981872,0.2940590440444825,z-score
-0.4264215229029329,0.11241284733811581,1.593429698084694,z-score
-0.34658893268649976,0.5731248989381799,1.32591221048818,z-score
-0.4920616526364446,-0.4180415953691914,1.78451361779649,z-score
0.011770694507266736,-0.40601704517828735,1.4787793462576166,z-score
-0.42819558046329803,0.15948037237108287,1.6698632659694124,z-score
-0.6747895813540581,-0.6056245783472936,1.4787793462576166,z-score
-0.6730155237936929,0.10691591010798827,1.058394722891666,z-score
-1.040245438789285,-0.4170109196385424,1.096611506834025,z-score
0.19627268078524532,-0.5214527270109657,0.7908772352951516,z-score
-0.5346390340852087,1.3131500735440993,-0.011675227494390806,z-score
-1.1005633958417014,1.3451010211942154,-0.6995773384568558,z-score
1.27667373504764,-0.7028516556051743,-1.9607312085547082,z-score
-0.6375343725863892,-0.7152197643729612,-1.9607312085547082,z-score
0.7994522513094067,-0.39124402637231964,-1.9607312085547082,z-score
0.2619128105187572,-0.8736002683160108,-1.9607312085547082,z-score
-0.8309066466661938,-0.7269007559869823,-1.9607312085547082,z-score
-0.3040115512377354,0.07049870095839327,1.1348282907763843,z-score
-0.17627940689144245,-0.4204465054073722,1.096611506834025,z-score
-0.1283798527615825,-0.47507231913176456,1.6316464820270533,z-score
-0.3040115512377354,0.13714906487368955,1.4023457783728983,z-score
2.4723885307337716,-0.7238087287950355,1.058394722891666,z-score
4.551583991481763,-0.8426799963965435,-0.20275914720618662,z-score
0.407385530468702,-0.19232361035707946,0.5997933155833558,z-score
0.7746154454642941,0.11069505445370093,0.40870939587156,z-score
-1.0349232661081897,0.05606924072930855,0.638010099525715,z-score
0.07031459399931769,-0.4262870012143826,-0.9670948260533699,z-score
2.708338186262341,0.6885605807708581,-1.9607312085547082,z-score
-0.12128362252012179,0.34740691392606793,-1.9607312085547082,z-score
-0.4707729619120624,1.349910841270577,-1.9607312085547082,z-score
-1.0154086329441727,-0.17961194301240951,-0.9288780421110108,z-score
-0.5275428038437481,-0.45102321874995666,0.48514296375627836,z-score
-0.2951412634359095,0.1512349665258915,0.37049261192920085,z-score
-1.0242789207459986,0.027210320271138996,0.2176254761597642,z-score
-0.408680947299281,0.134744154835509,-0.8524444742262924,z-score
0.428674221193084,0.14058465064251932,-0.47027663480270077,z-score
-0.6304381423449286,0.17322271544640166,-1.0435283939380882,z-score
0.162565587138307,-0.6228025071914421,-0.6995773384568558,z-score
-0.19934215517618978,-0.5094281768200617,-0.47027663480270077,z-score
-0.35013704780723004,-0.4211336225611381,-0.3556262829756233,z-score
0.5315695596942644,-0.5101152939738276,-0.5467102026874191,z-score
1.047820309760532,0.158106138063551,0.7526604513527925,z-score
-0.15144260104632984,-0.5747043064278262,-0.04989201143674997,z-score
0.9857282951477507,-0.48640975216890264,-0.7760109063415741,z-score
1.1028160941318526,-0.4396857857128186,0.7908772352951516,z-score
0.10934386032735147,-0.13941558951710198,-0.20275914720618662,z-score
-0.1461204283652344,-0.4716367333629349,-0.7377941223992149,z-score
-0.3536851629279605,-0.6526921033802605,0.5997933155833558,z-score
0.06854053643895255,-0.12086342636542156,0.2176254761597642,z-score
-0.47786919215352314,-0.399489432217511,-0.20275914720618662,z-score
1.2855440228494661,-0.3981151979099791,1.32591221048818,z-score
1.1347491302184258,-0.7238087287950355,1.2112618586611026,z-score
0.8562220932410926,-0.7244958459488016,0.7526604513527925,z-score
-0.44948427118768025,-0.6994160698363445,0.40870939587156,z-score
0.7586489274210074,0.158106138063551,0.9055275871222291,z-score
0.10756980276698631,1.221419933516346,-0.5467102026874191,z-score
-0.3643295082901515,1.2956285861230676,1.096611506834025,z-score
-0.5470574370077651,0.23678105216975134,-0.47027663480270077,z-score
-1.1697516406959434,3.5930047897394943,-0.2409759311485458,z-score
0.20514296858707134,1.2138616448249206,0.7526604513527925,z-score
-0.8504212798302109,-0.24626230692770593,-0.7377941223992149,z-score
-1.1307223743679093,-0.7935511199022787,-0.39384306691798243,z-score
-0.49738382531754,-0.7949253542098105,0.17940869221740502,z-score
-1.010086460263077,-0.5616490805062733,-0.5849269866297783,z-score
-0.06806189570916657,0.09317356703266935,-0.31740949903326415,z-score
-0.988797769538695,-0.6571583648797392,0.6762268834680741,z-score
0.6770422796442094,-0.6633424192636327,0.5615765316409966,z-score
-0.7794589774156037,0.1536398765640723,-0.7760109063415741,z-score
-0.5594758399303215,-0.6293301201522185,0.5233597476986375,z-score
-0.39626254437672487,-0.47198029193981783,0.06475834039032753,z-score
-0.5541536672492259,0.19211843717496496,0.10297512433268668,z-score
0.27255715588094803,-0.6307043544597504,-0.31740949903326415,z-score
-0.3182040117206568,-0.4716367333629349,-0.08810879537910914,z-score
-0.7457518837686653,-0.5898208838106769,0.638010099525715,z-score
-0.8078438983814465,-0.3606673130297352,0.06475834039032753,z-score
-0.35013704780723004,-0.38231150337336245,0.10297512433268668,z-score
-0.4335177531443936,-0.5238576370491465,-0.16454236326382746,z-score
-0.19934215517618978,-0.33696177122481025,0.5615765316409966,z-score
-1.0810487626776843,-0.3259678967645552,-0.5849269866297783,z-score
-0.38739225657489884,-0.4122010995621808,0.86731080317987,z-score
-0.575442357973608,3.702599975765162,0.6762268834680741,z-score
-1.1041115109624318,-0.2548512713497802,-0.011675227494390806,z-score
-0.6180197394223724,-0.3428022670318207,0.37049261192920085,z-score
-0.7901033227777948,-0.35036055572324615,0.25584226010212335,z-score
-1.0260529783063639,-0.47369808482423265,0.40870939587156,z-score
-1.047341669030746,-0.3393666812629911,-0.2409759311485458,z-score
-0.9728312514954084,-0.3304341582640338,-0.08810879537910914,z-score
-0.586086703335799,-0.599784082540283,0.10297512433268668,z-score
-0.0219363991396716,-0.19163649320331352,0.10297512433268668,z-score
-0.42287340778220245,-0.14456896817034648,-0.279192715090905,z-score
-0.22063084590057197,0.05435144784489367,0.86731080317987,z-score
2.0909661552552583,0.19795893298197553,-0.3556262829756233,z-score
2.419166803922816,-0.1902622588957817,-0.31740949903326415,z-score
-0.6410824877071197,-0.21637271073888742,0.5997933155833558,z-score
2.1282213640229264,0.758990089031867,0.5997933155833558,z-score
2.1175770186607354,-0.4359066413671059,0.8290940192375108,z-score
-0.0024217659756547187,0.08561527834124404,-0.47027663480270077,z-score
0.08450705448223915,-0.43350173132892506,0.48514296375627836,z-score
1.0016948131910373,-0.43350173132892506,0.3322758279868417,z-score
0.5368917323753599,-0.5977227310789852,-0.5467102026874191,z-score
-1.0757265899965889,0.04748027630723428,0.10297512433268668,z-score
1.1099123243733133,-0.47953858063124316,-0.6231437705721374,z-score
4.132906407235581,-0.6901399882605045,0.5233597476986375,z-score
3.3824800592011086,-0.836839500589533,-0.5849269866297783,z-score
-0.13547608300304323,-0.04631121518181681,0.02654155644796836,z-score
2.385459710275878,-0.7059436827971212,0.06475834039032753,z-score
1.2074854901933982,0.08698951264877589,-0.3556262829756233,z-score
4.147098867718502,-0.7076614756815359,0.02654155644796836,z-score
0.16433964469867213,0.09763982853214807,1.1730450747187433,z-score
-1.2194252523861684,4.131017521138227,-0.20275914720618662,z-score
0.08273299692187401,4.326158792807755,1.1730450747187433,z-score
0.08982922716333458,-0.5375999801244653,-0.3556262829756233,z-score
-0.9817015392972342,-0.5860417394649642,-0.011675227494390806,z-score
-1.1910403314203255,3.8520479567092543,1.0201779389493066,z-score
0.12885849349136866,-0.5341643943556356,0.9055275871222291,z-score
-1.1981365616617863,1.325174623735003,0.48514296375627836,z-score
0.4588331997192921,-0.6217718314607932,-0.8142276902839333,z-score
0.41270770314979743,0.06568888088203166,-1.0435283939380882,z-score
-0.26675634247006663,-0.4369373170977548,-0.6231437705721374,z-score
0.45173696947783154,-0.43831155140528666,-0.31740949903326415,z-score
-0.8291325891058288,0.028584554578670852,0.5233597476986375,z-score
-0.32707429952248274,-0.6427289046506544,-0.4320598508603416,z-score
-0.0006477084152895763,-0.19919478189473885,0.14119190827504585,z-score
0.18208022030232388,0.1010754143009777,0.5615765316409966,z-score
-1.1324964319282746,3.743139887837353,1.096611506834025,z-score
-0.05032132010551451,0.12615519041343473,0.3322758279868417,z-score
-0.5346390340852087,0.10313676576227561,0.7908772352951516,z-score
-0.1674091190896166,-0.17995550158929252,0.06475834039032753,z-score
-0.8788062007960539,0.19830249155885843,1.3641289944305393,z-score
-0.38916631413526415,0.11378708164564766,1.822730401738849,z-score
-0.0893505864335486,-0.5534036746610819,1.6698632659694124,z-score
-0.958638791012487,-0.4269741183681487,1.32591221048818,z-score
-0.8859024310375145,-0.5870724151956132,1.287695426545821,z-score
-0.2951412634359095,-0.4455262815198291,0.3322758279868417,z-score
0.6291427255143496,-0.3929618192567345,-0.7377941223992149,z-score
-0.7954254954588904,-0.4513667773268396,0.3322758279868417,z-score
0.6202724377125235,-0.566115342005752,0.7144436674104333,z-score
0.9147659927331434,-0.5633668733906881,0.5233597476986375,z-score
-1.13427048948864,-0.4647655618252754,0.7908772352951516,z-score
0.31690859489007756,-0.10540329040568777,0.6762268834680741,z-score
1.798246657795003,-0.20056901620227083,0.86731080317987,z-score
2.447551724888659,-0.4046428108707555,-0.2409759311485458,z-score
2.2506313356881242,-0.4568637145569671,0.8290940192375108,z-score
0.5812431713844894,-0.4427778129047653,0.4469261798139192,z-score
-0.19224592493472906,0.6521433716212631,1.7462968338541307,z-score
-0.7652665169326823,0.6858121121557944,1.822730401738849,z-score
-0.40513283217855073,0.07393428672722303,1.593429698084694,z-score
-0.9196095246844529,-0.4159802439078936,1.1730450747187433,z-score
-1.283291324559315,0.045418924845936376,1.1730450747187433,z-score
1.106364209252583,-0.8801278812767873,-1.9607312085547082,z-score
-1.057986014392937,-0.4025814594094577,-1.9607312085547082,z-score
-0.7954254954588904,-0.8794407641230214,-1.9607312085547082,z-score
-0.9018689490808012,-0.4348759656364569,0.7144436674104333,z-score
0.5049586962887868,-0.540692007316412,0.5233597476986375,z-score
0.24062411979437484,-0.45102321874995666,-0.6995773384568558,z-score
-1.2495842309123766,-0.5740171892740602,-0.279192715090905,z-score
0.7799376181453898,-0.493280923706562,0.8290940192375108,z-score
0.4588331997192921,-0.45274101163437147,0.5233597476986375,z-score
-0.9533166183313914,0.1333699205279769,0.40870939587156,z-score
0.07208865155968285,-0.4396857857128186,0.14119190827504585,z-score
3.196204015362765,-0.5977227310789852,0.638010099525715,z-score
1.246514756521432,-0.42250785686867,1.096611506834025,z-score
0.19627268078524532,-0.7272443145638653,0.37049261192920085,z-score
2.007585449918094,-0.42422564975308485,0.9437443710645883,z-score
1.3600544403848036,-0.42834835267568055,1.2494786426034616,z-score
2.8892920574195897,-0.45995574174891385,1.1730450747187433,z-score
1.6669663983279799,-0.7186553501417909,0.7526604513527925,z-score
0.162565587138307,-0.7839314797495555,0.2176254761597642,z-score
0.12353632081027291,-0.7025080970282914,-0.6231437705721374,z-score
-1.1626554104544828,-0.7677842266360558,-0.279192715090905,z-score
0.006448521826170993,-0.2981396520370346,-0.5849269866297783,z-score
1.4239205125579502,0.8462539675601416,-1.9607312085547082,z-score
0.7355861791362603,1.3000948476225465,-1.9607312085547082,z-score
0.46947754508148326,-0.6262380929602719,-1.9607312085547082,z-score
-0.1283798527615825,1.612046035432284,-1.9607312085547082,z-score
-0.18869780981399878,1.4952361192920738,-1.9607312085547082,z-score
2.062581234289415,0.7342538714962932,-1.9607312085547082,z-score
0.8650923810429185,-0.6471951661501331,-1.9607312085547082,z-score
1.6172927866377547,0.3948179975359178,-1.9607312085547082,z-score
-0.15321665860669514,0.1886828514061352,0.37049261192920085,z-score
0.7018790854893217,0.1282165418747324,-0.7760109063415741,z-score
0.3222307675711733,-0.43384528990580806,-0.011675227494390806,z-score
0.006448521826170993,-0.6994160698363445,-0.04989201143674997,z-score
-1.116529913884988,-0.24969789269653567,0.2940590440444825,z-score
-0.029032629381132484,-0.7629744065596942,-1.1581787457651658,z-score
-0.9905718270990602,-0.5970356139252193,-0.011675227494390806,z-score
0.16611370225903727,-0.576422099312241,-0.011675227494390806,z-score
-0.9071911217618965,-0.2136242421238237,-0.47027663480270077,z-score
-0.4423880409462195,-0.5884466495031451,-0.5849269866297783,z-score
-0.17982752201217275,-0.2136242421238237,0.17940869221740502,z-score
-0.18692375225363347,-0.4541152459419034,0.40870939587156,z-score
-0.7847811500966992,0.10760302726175419,-0.5084934187450599,z-score
0.3683562641406679,-0.5808883608117197,-0.47027663480270077,z-score
0.23175383199254912,-0.3946796121411494,0.02654155644796836,z-score
-0.8752580856753234,1.591088962242423,-1.9607312085547082,z-score
1.1773265116671903,0.8252968943702804,-1.9607312085547082,z-score
-0.6304381423449286,-0.648569400457665,-1.9607312085547082,z-score
2.5575432936313005,0.7280698171123997,-1.9607312085547082,z-score
2.4440036097679285,0.7823520722599091,-1.9607312085547082,z-score
-0.9568647334521219,-0.12601680501866608,1.1348282907763843,z-score
-0.5435093218870348,-0.0968143259836135,0.9055275871222291,z-score
-0.19579404005545933,3.5212010471709534,0.4469261798139192,z-score
0.20159485346634107,3.730428220492683,1.1348282907763843,z-score
0.6522054737990967,0.12546807325966866,-0.9670948260533699,z-score
-0.7191410203631875,0.045418924845936376,-0.5084934187450599,z-score
0.19804673834561048,-0.13769779663268708,-0.2409759311485458,z-score
-0.8184882437436376,0.1515785251027744,-0.47027663480270077,z-score
0.13950283885355952,-0.18029906016617545,0.37049261192920085,z-score
-0.6304381423449286,-0.6516614276496117,-0.8524444742262924,z-score
0.162565587138307,-0.3943360535642664,-0.9288780421110108,z-score
-0.4033587746181856,-0.15899842839943132,-0.3556262829756233,z-score
-1.1803959860581346,-0.45102321874995666,1.2112618586611026,z-score
-0.841550992028385,0.6720697690804753,1.5169961301999757,z-score
-0.8770321432356886,0.7273826999586339,1.058394722891666,z-score
-1.0296010934270943,0.0275538788480219,1.3641289944305393,z-score
-1.1413667197301005,-0.4063606037551704,1.058394722891666,z-score
-0.8096179559418119,-0.43934222713593557,1.058394722891666,z-score
-0.15676477372742542,-0.6884221953760894,0.17940869221740502,z-score
-0.6126975667412768,-0.31875316665001274,-0.6613605545144966,z-score
0.08805516960296944,-0.7911462098640978,0.17940869221740502,z-score
-0.05564349278661025,-0.7086921514121849,-0.08810879537910914,z-score
-0.6162456818620071,-0.577109216466007,-0.39384306691798243,z-score
-1.018956748064903,-0.5575263775836777,-0.4320598508603416,z-score
-0.8362288193472894,-0.268937173001982,0.02654155644796836,z-score
0.44996291191746607,-0.6375755259974099,-1.9607312085547082,z-score
0.6610757616009227,0.2652964140510379,-1.9607312085547082,z-score
2.1317694791436574,1.3392605253872052,-1.9607312085547082,z-score
1.835501866562672,-0.6513178690727286,-1.9607312085547082,z-score
-0.8681618554338628,-0.6310479130366333,-1.9607312085547082,z-score
-0.3004634361170051,0.12065825318330706,-0.7760109063415741,z-score
0.7799376181453898,-0.481943490669424,-0.5849269866297783,z-score
0.45705914215892696,-0.4091090723702341,-0.04989201143674997,z-score
0.34174540073519016,-0.6186798042688464,-1.9607312085547082,z-score
2.25950162348995,1.4430152156058624,-1.9607312085547082,z-score
0.020640982309092448,0.712953239729549,-1.9607312085547082,z-score
0.06144430619749167,1.553641077362179,-1.9607312085547082,z-score
1.755669276346239,1.578720853474636,-1.9607312085547082,z-score
1.9383972050638527,-0.6530356619571436,-1.9607312085547082,z-score
-0.39803660193709,-0.6629988606867497,-1.9607312085547082,z-score
1.592455980792642,0.31305105623777085,-1.9607312085547082,z-score
-0.7510740564497609,-0.6197104799994952,-1.9607312085547082,z-score
1.1241047848562347,-0.43315817275204216,-0.8142276902839333,z-score
1.067334942924549,0.13921041633498746,-0.6995773384568558,z-score
0.6681719918423833,-0.4039556937169896,0.2940590440444825,z-score
-0.21885678834020683,0.19933316728950737,0.7908772352951516,z-score
-0.6570490057504063,0.1770018597921143,0.3322758279868417,z-score
-0.5275428038437481,0.19177487859808207,1.096611506834025,z-score
0.006448521826170993,-0.2046917191248664,0.3322758279868417,z-score
-0.07515812595062714,3.5998759612771534,0.8290940192375108,z-score
-0.9320279276070093,3.8719743541684672,1.1730450747187433,z-score
-0.9870237119783298,-0.16827450997527152,0.37049261192920085,z-score
-0.3536851629279605,-0.47679011201617943,0.5997933155833558,z-score
-0.9089651793222618,-0.5633668733906881,1.096611506834025,z-score
-1.2034587343428818,0.5665972859774032,1.4405625623152574,z-score
1.4292426852390459,-0.13666712090203814,-0.04989201143674997,z-score
1.3848912462299163,-0.46785758901722213,0.7526604513527925,z-score
1.6634182832072497,-0.18923158316513272,0.37049261192920085,z-score
0.09160328472369972,-0.44758763298112686,0.8290940192375108,z-score
0.5510841928582814,-0.46270421036397763,-0.011675227494390806,z-score
0.5830172289448545,-0.5568392604299116,-0.7760109063415741,z-score
-0.009517996217115604,-0.5427533587777099,-0.6231437705721374,z-score
-0.6783376964747885,-0.552372998930433,-0.279192715090905,z-score
0.6522054737990967,0.14230244352693433,-0.20275914720618662,z-score
-1.0349232661081897,0.03030234746308573,-0.6995773384568558,z-score
-0.6091494516205463,0.09111221557137157,-0.2409759311485458,z-score
0.7089753157307825,0.05091586207606392,-0.6613605545144966,z-score
0.45705914215892696,-0.19129293462643052,0.6762268834680741,z-score
-0.6535008906296759,-0.12945239078749585,-0.3556262829756233,z-score
-0.6126975667412768,-0.4087655137933512,0.2940590440444825,z-score
0.5280214445735342,-0.6365448502667609,-0.5084934187450599,z-score
-0.2915931483151791,-0.6520049862264947,-1.1199619618228065,z-score
0.10756980276698631,-0.41013974810088305,-1.0817451778804474,z-score
-1.017182690504538,-0.6272687686909207,-0.011675227494390806,z-score
0.833159344956345,-0.4132317752928298,-0.47027663480270077,z-score
-0.005969881096385004,-0.5777963336197729,0.17940869221740502,z-score
0.5635025957808377,3.6476306034638872,0.14119190827504585,z-score
-0.009517996217115604,0.16841289537004003,0.2176254761597642,z-score
0.162565587138307,3.7197779046093107,0.8290940192375108,z-score
-1.1803959860581346,4.323753882769574,1.2112618586611026,z-score
0.31690859489007756,1.1454934880252094,0.9819611550069475,z-score
-0.40690688973891587,-0.5537472332379649,-0.9288780421110108,z-score
1.4771422393689055,-0.04734189091246576,-0.3556262829756233,z-score
3.1057270797841414,-0.848176933626671,1.287695426545821,z-score
2.1583803425491346,-0.027415493453253382,0.17940869221740502,z-score
1.0265316190361495,-0.5077103839356468,0.8290940192375108,z-score
-0.20111621273655492,0.16429019244744447,-0.7377941223992149,z-score
0.20514296858707134,0.07736987249605279,0.48514296375627836,z-score
-0.20289027029692006,-0.434532407059574,-0.16454236326382746,z-score
0.6007578045485066,-0.5506552060460181,-0.011675227494390806,z-score
-0.34658893268649976,-0.5812319193886026,0.10297512433268668,z-score
1.8656608450888803,0.24227798939987874,-1.9607312085547082,z-score
2.0679034069705104,0.3982535833047475,-1.9607312085547082,z-score
2.4883550487770583,0.7119225639989001,-1.9607312085547082,z-score
2.4510998400093893,-0.6537227791109095,-1.9607312085547082,z-score
0.8065484815508676,0.24193443082299584,-1.9607312085547082,z-score
-0.9639609636935824,0.8445361746757268,-1.9607312085547082,z-score
0.5723728835826637,1.614107386893582,-1.9607312085547082,z-score
0.1306325510517338,0.23094055636274077,-1.9607312085547082,z-score
-0.9994421149008861,-0.14800455393917625,-0.04989201143674997,z-score
-0.5488314945681303,-0.19438496181837725,-0.08810879537910914,z-score
-0.9834755968575994,-0.17205365432098418,0.638010099525715,z-score
0.14837312665538555,0.20139451875080527,1.1730450747187433,z-score
-0.703174502319901,0.18730861709860336,1.1730450747187433,z-score
-0.36255545072978634,3.8314344420962763,0.3322758279868417,z-score
-0.5151244009211919,0.14745582218017883,0.6762268834680741,z-score
0.008222579386536451,-0.4733545262473497,-0.1263255793214683,z-score
-1.0526638417118415,0.030989464616851658,-0.3556262829756233,z-score
-1.1023374534020665,-0.4706060576322859,0.14119190827504585,z-score
-0.6215678545431027,-0.5832932708499005,0.638010099525715,z-score
-0.12483173764085223,0.05435144784489367,0.25584226010212335,z-score
0.6628498191612878,-0.4640784446715095,-0.1263255793214683,z-score
-0.6180197394223724,-0.40567348660140445,0.14119190827504585,z-score
-0.09644681667500947,-0.20572239485551536,0.48514296375627836,z-score
-0.32707429952248274,0.1398975334887535,-0.16454236326382746,z-score
-0.47609513459315783,-0.14078982382463381,-0.31740949903326415,z-score
0.5280214445735342,0.12649874899031763,-0.3556262829756233,z-score
-0.3607813931694212,-0.4630477689408606,-0.31740949903326415,z-score
-0.6659192935522321,-0.20263036766356862,0.2176254761597642,z-score
-0.4583545589895061,0.07530852103475488,1.1730450747187433,z-score
-0.5381871492059392,0.19692825725132657,1.1348282907763843,z-score
-0.24014547906458886,-0.19850766474097292,0.4469261798139192,z-score
-1.017182690504538,3.311973873849224,1.1730450747187433,z-score
0.19272456566451504,0.18181167986847593,1.1348282907763843,z-score
0.2069170261474365,-0.27271631734769464,0.17940869221740502,z-score
-1.0650822446343977,-0.7746553981737152,-0.7760109063415741,z-score
-0.22950113370239783,-0.29951388634456644,-1.0435283939380882,z-score
-0.0574175503469754,-0.6959804840675149,-0.7760109063415741,z-score
-1.1041115109624318,-0.3197838423806617,-1.1581787457651658,z-score
-0.7546221715704912,-0.4668269132865733,-0.20275914720618662,z-score
-0.05032132010551451,0.11344352306876464,-0.04989201143674997,z-score
0.08805516960296944,0.06775023234332957,0.37049261192920085,z-score
-0.6056013364998161,-0.2046917191248664,-1.005311609995729,z-score
0.7462305244984512,-0.11674072344282588,0.5997933155833558,z-score
-1.2566804611538371,-0.4132317752928298,1.32591221048818,z-score
-0.3802960263334381,-0.5527165575073161,1.058394722891666,z-score
-0.8876764885978797,-0.5568392604299116,1.78451361779649,z-score
0.1022476300858909,-0.42937902840632935,-0.7377941223992149,z-score
0.8349334025167101,-0.4173544782154255,0.40870939587156,z-score
-0.12660579520121737,0.1948669057900289,0.86731080317987,z-score
0.1430509539742901,0.07702631391916977,-0.2409759311485458,z-score
0.2530425227169312,-0.4833177249769559,0.10297512433268668,z-score
-0.29691532099627466,-0.48984533793773233,-0.31740949903326415,z-score
-0.4459361560669498,-0.4025814594094577,0.2940590440444825,z-score
1.0850755185282006,-0.46923182332475405,-0.5467102026874191,z-score
-0.683659869155884,-0.4572072731338501,0.06475834039032753,z-score
-0.89122460371861,0.2704497927042824,-1.9607312085547082,z-score
0.6699460494027485,-0.6183362456919634,-1.9607312085547082,z-score
-1.157333237773387,-0.6049374611935275,0.14119190827504585,z-score
-0.3838441414541685,-0.23011505381420633,-1.1581787457651658,z-score
0.020640982309092448,-0.5949742624639214,-0.6231437705721374,z-score
-0.5027059979986356,-0.7093792685659508,0.3322758279868417,z-score
-0.8592915676320368,-0.27099852446327977,0.14119190827504585,z-score
-0.575442357973608,-0.5551214675454968,0.2176254761597642,z-score
0.32932699781263386,0.08733307122565892,0.17940869221740502,z-score
1.6616442256468842,0.10725946868487117,0.48514296375627836,z-score
-0.2703044575907971,-0.15212725686177192,0.37049261192920085,z-score
0.73203806401553,-0.6169620113844315,0.02654155644796836,z-score
-0.9604128485728521,-0.6516614276496117,-0.47027663480270077,z-score
-0.8717099705545931,-0.4218207397149041,-0.4320598508603416,z-score
0.27610527100167864,-0.6396368774587077,-1.005311609995729,z-score
-0.15321665860669514,0.1539834351409552,-0.011675227494390806,z-score
-0.30223749367737024,-0.1995383404716219,-0.8142276902839333,z-score
0.5209252143320733,-0.13666712090203814,0.6762268834680741,z-score
1.443435145721967,0.5738120160919457,0.25584226010212335,z-score
1.796472600234638,-0.19610275470279212,0.7526604513527925,z-score
2.018229795280286,-0.4455262815198291,0.40870939587156,z-score
2.1974096088771686,0.6631372460815181,0.8290940192375108,z-score
-0.42819558046329803,0.23746816932351714,-0.8524444742262924,z-score
-0.38916631413526415,0.21788533044118777,0.48514296375627836,z-score
0.11111791788771692,-0.5606184047756243,0.5233597476986375,z-score
-0.08757652887318344,4.3058888367716595,0.7908772352951516,z-score
-0.14789448592559956,1.4591624687193618,0.7144436674104333,z-score
-0.6464046603882151,4.151974594328089,-0.9288780421110108,z-score
-0.5346390340852087,0.11378708164564766,0.17940869221740502,z-score
0.19804673834561048,1.3715550316142044,0.8290940192375108,z-score
0.3736784368217634,0.2113577174804114,0.25584226010212335,z-score
-1.0899190504795104,1.17332173275273,-0.8142276902839333,z-score
-0.05564349278661025,-0.5513423231997843,-0.7377941223992149,z-score
-0.8131660710625421,-0.20537883627863232,0.3322758279868417,z-score
-0.5293168614041134,-0.20572239485551536,0.6762268834680741,z-score
-0.7652665169326823,-0.18888802458824971,1.096611506834025,z-score
0.036607500352379044,0.1515785251027744,0.10297512433268668,z-score
-0.24901576686641488,3.5871642939324846,0.6762268834680741,z-score
-0.5718942428528776,-0.3981151979099791,0.86731080317987,z-score
0.22110948663035795,-0.39605384644868125,0.9055275871222291,z-score
-0.4441620985065846,-0.4486183087117758,1.058394722891666,z-score
-0.9160614095637226,3.782305565602011,1.1730450747187433,z-score
0.02596315499018819,0.1653208681780932,0.14119190827504585,z-score
0.041929673033474786,0.14298956068070012,0.4469261798139192,z-score
-0.24191953662495413,-0.09990635317556024,0.7144436674104333,z-score
-0.13725014056340853,3.6905754255742584,1.1730450747187433,z-score
2.718982531624532,0.12340672179837077,0.06475834039032753,z-score
-0.26675634247006663,-0.7152197643729612,0.5997933155833558,z-score
-0.09999493179573976,-0.5729865135434112,1.058394722891666,z-score
-0.6357603150260241,-0.6049374611935275,1.6316464820270533,z-score
-0.8610656251924019,-0.5430969173545929,1.3641289944305393,z-score
-0.1745053493310773,-0.4170109196385424,1.1348282907763843,z-score
-0.28981909075481394,-0.5561521432761457,1.6316464820270533,z-score
-0.15853883128779056,-0.4575508317107331,-0.3556262829756233,z-score
0.8278371722752496,0.04198333907710674,0.2940590440444825,z-score
0.3949671275461457,0.11928401887577521,-0.6995773384568558,z-score
-0.6322121999052939,-0.5499680888922522,-0.6231437705721374,z-score
-0.23659736394385855,-0.5853546223111982,-0.5849269866297783,z-score
-1.1378186046093701,0.07805698964981872,0.10297512433268668,z-score
-0.30933372391883096,0.1907442028674331,-0.6613605545144966,z-score
-0.9196095246844529,-0.3218451938419595,-0.5849269866297783,z-score
-1.0633081870740326,-0.5561521432761457,0.17940869221740502,z-score
-0.9462203880899307,-0.5197349341265508,0.14119190827504585,z-score
-0.2774006878322578,-0.25656906423419507,-0.2409759311485458,z-score
-1.045567611470381,-0.6039067854628787,0.40870939587156,z-score
-0.39448848681635956,-0.38712132344972405,0.17940869221740502,z-score
-0.22950113370239783,-0.5874159737724961,0.7144436674104333,z-score
2.078547752332702,-0.5736736306971773,0.638010099525715,z-score
3.5315008942717845,-0.7093792685659508,0.7908772352951516,z-score
1.9579118382278695,-0.7107535028734826,0.6762268834680741,z-score
2.864455251574477,0.08458460261059508,0.8290940192375108,z-score
1.7397027583029523,-0.6052810197704105,1.1730450747187433,z-score
0.10402168764625604,0.1333699205279769,1.0201779389493066,z-score
2.1370916518247522,-0.5832932708499005,0.5233597476986375,z-score
-0.28981909075481394,-0.21946473793083415,-0.6613605545144966,z-score
-0.3536851629279605,-0.2682500558482161,-0.47027663480270077,z-score
-0.2827228605133532,-0.778090983942545,-0.2409759311485458,z-score
-0.6268900272241983,-0.4915631308221472,-0.7377941223992149,z-score
1.0300797341568801,-0.4407164614434675,0.5615765316409966,z-score
-0.7723627471741429,0.15192208367965754,0.17940869221740502,z-score
-0.2756266302718925,-0.47885146347747726,0.06475834039032753,z-score
-0.6393084301467544,-0.4132317752928298,-0.16454236326382746,z-score
2.5610914087520307,0.41543151214889606,-1.9607312085547082,z-score
0.011770694507266736,-0.6427289046506544,-1.9607312085547082,z-score
1.2536109867628928,-0.6447902561119523,-1.9607312085547082,z-score
0.909443820052048,-0.6310479130366333,-1.9607312085547082,z-score
2.465292300492311,1.4928312092538931,-1.9607312085547082,z-score
1.5960040959133723,-0.6513178690727286,-1.9607312085547082,z-score
-1.0118605178234423,1.3674323286916086,0.14119190827504585,z-score
-0.9533166183313914,-0.5733300721202943,-0.1263255793214683,z-score
-0.2933672058755444,3.573078392280282,0.7526604513527925,z-score
-1.263776691395298,4.03894382253359,0.9055275871222291,z-score
0.28852367392423495,0.15776257948666786,-0.8906612581686516,z-score
-1.0881449929191451,0.5714071060537649,1.287695426545821,z-score
-0.24546765174568444,0.5435788613262443,1.555212914142335,z-score
-1.2726469791971238,-0.45033610159619064,1.32591221048818,z-score
-1.1608813528941175,-0.42353853259931895,1.096611506834025,z-score
-0.5789904730943383,0.11550487453006254,1.7080800499117716,z-score
2.452873897569755,-0.19678987185655805,0.638010099525715,z-score
0.162565587138307,-0.45239745305748846,0.5997933155833558,z-score
1.4718200666878098,0.5995789093581685,0.14119190827504585,z-score
1.4895606422914618,-0.43350173132892506,-0.011675227494390806,z-score
0.6326908406350799,-0.10059347032932628,0.2176254761597642,z-score
0.9058957049313174,-0.4651091204021584,0.7526604513527925,z-score
2.536254602906918,0.10657235153110524,-0.1263255793214683,z-score
0.8562220932410926,-0.40120722510192586,0.7908772352951516,z-score
-0.9391241578484699,0.16463375102432737,-0.47027663480270077,z-score
0.9821801800270201,-0.47507231913176456,-0.5849269866297783,z-score
0.24062411979437484,-0.4438084886354142,0.86731080317987,z-score
-0.2827228605133532,-0.457894390287616,-0.08810879537910914,z-score
-0.47254701947242755,0.15776257948666786,0.7144436674104333,z-score
-0.7865552076570643,-0.46991894047852,0.8290940192375108,z-score
0.5191511567717082,-0.6028761097322298,-0.5849269866297783,z-score
-0.7617184018119519,-0.6688393564937603,-0.47027663480270077,z-score
-0.6605971208711365,0.05400788926801065,-0.5084934187450599,z-score
0.2388500622340097,0.08321036830306323,0.5997933155833558,z-score
0.4747997177625787,-0.6423853460737715,0.3322758279868417,z-score
-0.4157771775407417,-0.46579623755592436,-0.2409759311485458,z-score
-0.2880450331944488,-0.5936000281563896,0.7908772352951516,z-score
-0.31465589659992654,-0.4444956057891801,0.7526604513527925,z-score
1.1205566697355045,-0.599784082540283,0.7144436674104333,z-score
0.16079152957794185,0.10897726156928605,0.4469261798139192,z-score
-0.6659192935522321,-0.4304097041369783,0.5615765316409966,z-score
1.1152344970544086,-0.4726674090935838,0.638010099525715,z-score
0.0507999608353005,-0.4980907437829236,0.86731080317987,z-score
-0.41755123510110687,-0.4661397961328073,-0.3556262829756233,z-score
0.5972096894277761,0.15432699371783812,0.40870939587156,z-score
-0.46545078923096683,0.7442170702258993,0.6762268834680741,z-score
-0.9639609636935824,-0.40052010794815984,-0.6613605545144966,z-score
-0.880580258356419,-0.3383360055323421,-0.5084934187450599,z-score
-0.6393084301467544,-0.24523163119705696,0.5997933155833558,z-score
0.013544752067631878,-0.7172811158342591,-1.9607312085547082,z-score
-0.8539693949509414,-0.4266305597912657,-1.9607312085547082,z-score
-0.4814173072742534,-0.5877595323493789,-1.9607312085547082,z-score
0.35238974609738133,-0.7231216116412695,-1.9607312085547082,z-score
1.274899677487275,-0.41082686525464895,-1.9607312085547082,z-score
-1.1041115109624318,-0.7691584609435876,0.3322758279868417,z-score
-0.6978523296388054,-0.7124712957578975,-1.234612313649884,z-score
-0.21708273077984153,-0.5527165575073161,-0.04989201143674997,z-score
-0.03790291718295851,-0.6939191326062171,-1.0817451778804474,z-score
0.21933542906999282,-0.22118253081524902,-0.5849269866297783,z-score
-0.5683461277321473,-0.730679900332695,-1.005311609995729,z-score
-0.5985051062583553,0.6593581017358056,0.3322758279868417,z-score
2.3623969619911303,0.6981802209235813,0.3322758279868417,z-score
1.3405398072207868,0.7345974300731761,0.5233597476986375,z-score
0.606079977229602,-0.39571028787179835,-0.31740949903326415,z-score
-0.07515812595062714,-0.7141890886423123,-0.5084934187450599,z-score
-0.3306224146432132,-0.24007825254381246,-0.7760109063415741,z-score
-0.4583545589895061,-0.7767167496350131,0.14119190827504585,z-score
-0.64463060282785,-0.7918333270178638,-0.9288780421110108,z-score
-1.0845968777984145,-0.2297714952373233,0.06475834039032753,z-score
-0.6978523296388054,-0.21293712497005776,-0.279192715090905,z-score
-0.3785219687730729,-0.5575263775836777,-0.16454236326382746,z-score
-0.0858024713128183,-0.4310968212907443,-1.9607312085547082,z-score
0.8952513595691266,-0.7258700802563334,-1.9607312085547082,z-score
1.0726571156056446,-0.4259434426374997,-1.9607312085547082,z-score
-0.7936514378985251,-0.7104099442965996,-1.9607312085547082,z-score
0.16433964469867213,-0.8804714398536704,-1.9607312085547082,z-score
1.0903976912092963,-0.41941582967672325,-1.9607312085547082,z-score
-0.5647980126114168,-0.4156366853310106,-1.9607312085547082,z-score
-0.5506055521284954,-0.4314403798676273,-1.9607312085547082,z-score
-0.5027059979986356,0.6600452188895716,1.4023457783728983,z-score
-0.020162341579306457,0.08114901684176545,1.1730450747187433,z-score
-1.2690988640763936,-0.4723238505167008,1.78451361779649,z-score
-0.023710456700037057,0.10004473857032875,1.6698632659694124,z-score
-0.046773204984784225,-0.46201709321021167,1.0201779389493066,z-score
-0.5665720701717821,0.03751707757762815,1.287695426545821,z-score
-1.0845968777984145,-0.3524219071845439,0.638010099525715,z-score
-0.31288183903956124,-0.5506552060460181,-0.6613605545144966,z-score
-1.116529913884988,-0.5207656098571997,-0.04989201143674997,z-score
-1.0118605178234423,-0.33593109549416134,-0.011675227494390806,z-score
-0.41755123510110687,-0.4960293923216258,0.14119190827504585,z-score
1.0797533458471051,-0.4266305597912657,0.7144436674104333,z-score
3.6556849234973474,-0.4139188924465957,0.5233597476986375,z-score
0.8846070142069354,0.1484864979108278,0.40870939587156,z-score
-0.26675634247006663,-0.5472196202771885,-0.5084934187450599,z-score
-0.7705886896137778,-0.3909004677954367,-0.6231437705721374,z-score
-1.1236261441264488,-0.4128882167159469,-0.04989201143674997,z-score
-0.8965467763997057,-0.5101152939738276,-0.39384306691798243,z-score
-0.5435093218870348,-0.48125637351565803,-0.4320598508603416,z-score
-1.0366973236685548,-0.46957538190163706,0.02654155644796836,z-score
-1.0296010934270943,-0.493280923706562,-0.5467102026874191,z-score
-0.3856181990145337,-0.5351950700862845,0.48514296375627836,z-score
-0.5718942428528776,-0.4857226350151367,-0.5849269866297783,z-score
-0.9675090788143128,-0.38746488202660695,0.25584226010212335,z-score
-0.9302538700466441,-0.4321274970213932,0.37049261192920085,z-score
-0.08402841375245317,0.059848385075021215,0.86731080317987,z-score
1.0833014609678355,0.038204194731394074,-0.6995773384568558,z-score
0.6184983801521584,0.1333699205279769,0.7908772352951516,z-score
-0.7617184018119519,-0.5898208838106769,0.7526604513527925,z-score
0.9129919351727783,-0.493280923706562,-0.4320598508603416,z-score
1.0158872736739588,0.1952104643669118,-0.279192715090905,z-score
-1.2513582884727417,-0.5046183567437,0.48514296375627836,z-score
1.7485730461047784,-0.717968232988025,1.3641289944305393,z-score
0.47302566020221354,-0.4359066413671059,0.9819611550069475,z-score
0.07031459399931769,0.04232689765398964,1.096611506834025,z-score
-0.5115762858004614,-0.3936489364105004,1.593429698084694,z-score
-0.24191953662495413,0.04885451061476613,0.2176254761597642,z-score
0.8384815176374407,-0.2232438822765468,0.48514296375627836,z-score
1.833727809002307,0.07530852103475488,0.9437443710645883,z-score
-0.3412667600054042,0.6600452188895716,-0.2409759311485458,z-score
2.4032002858795294,0.6985237795004642,0.2940590440444825,z-score
2.0945142703759885,0.056412799306191454,-0.011675227494390806,z-score
1.5090752754554788,-0.4640784446715095,0.06475834039032753,z-score
2.085643982574162,0.038891311885160006,0.7908772352951516,z-score
0.18562833542305449,0.19589758152067763,0.3322758279868417,z-score
-0.15144260104632984,-0.21328068354694069,-1.0817451778804474,z-score
-0.4902875950760793,-0.7038823313358232,-0.6995773384568558,z-score
-0.536413091645574,-0.7670971094822899,0.10297512433268668,z-score
0.029511270110918475,-0.5973791725021022,-0.08810879537910914,z-score
-0.7847811500966992,-0.315661139458066,-1.005311609995729,z-score
0.24062411979437484,-0.7743118395968324,-0.3556262829756233,z-score
0.10579574520662118,-0.6956369254906318,0.10297512433268668,z-score
0.1785321051815936,3.584759383894303,-0.31740949903326415,z-score
-0.007743938656750461,-0.5602748461987413,1.058394722891666,z-score
-1.1218520865660835,4.202134146553002,-1.0435283939380882,z-score
0.5031846387284216,0.2092963660191135,-0.20275914720618662,z-score
-1.235391770429455,-0.5815754779654855,0.06475834039032753,z-score
-0.009517996217115604,0.1742533911770506,0.9055275871222291,z-score
-0.10886521959756564,1.2678003413955468,0.2940590440444825,z-score
-1.008312402702712,3.69194965988179,-0.2409759311485458,z-score
0.9537952590611776,-0.5307288085868058,-1.9607312085547082,z-score
-0.7155929052424572,-0.37750168329700085,-1.9607312085547082,z-score
0.78348573326612,-0.8880297285450957,-1.9607312085547082,z-score
1.0726571156056446,-0.8804714398536704,-1.9607312085547082,z-score
-0.486739479955349,-0.8787536469692555,-1.9607312085547082,z-score
-0.9621869061332172,-0.43762443425152076,-1.9607312085547082,z-score
2.31094929274054,0.3257627235824407,-1.9607312085547082,z-score
2.742045279909279,-0.6654037707249305,-1.9607312085547082,z-score
-0.5577017823699562,0.2017380773276882,-0.3556262829756233,z-score
0.6593017040405575,-0.13872847236333605,-0.31740949903326415,z-score
-0.733333480846109,0.14470735356511513,0.2176254761597642,z-score
-0.9479944456502958,-0.4132317752928298,-1.0435283939380882,z-score
0.25126846515656603,-0.6526921033802605,-0.04989201143674997,z-score
0.009996636946901593,-0.7846185969033215,0.40870939587156,z-score
-1.03847138122892,-0.26550158723315226,0.40870939587156,z-score
-1.0916931080398755,-0.56474110769822,0.40870939587156,z-score
-0.8628396827527671,-0.7921768855947467,0.02654155644796836,z-score
-0.47254701947242755,1.3536899856162896,0.7144436674104333,z-score
-0.3767479112127078,-0.5805448022348366,1.287695426545821,z-score
0.2548165802772963,4.009054226344773,-0.7377941223992149,z-score
0.03305938523164876,-0.5379435387013483,-0.1263255793214683,z-score
-0.8078438983814465,4.266036041853234,-0.9288780421110108,z-score
0.8650923810429185,0.07908766538046755,0.06475834039032753,z-score
-0.21176055809874608,0.1745969497539335,0.4469261798139192,z-score
-0.3927144292559944,0.04198333907710674,0.3322758279868417,z-score
0.015318809627997022,-0.16380824847579292,0.7144436674104333,z-score
1.9951670469955378,0.7462784216871972,0.37049261192920085,z-score
0.42157799095162346,0.17940676983029513,0.6762268834680741,z-score
-0.9657350212539475,-0.56474110769822,1.287695426545821,z-score
-0.8504212798302109,-0.4211336225611381,1.1730450747187433,z-score
-1.235391770429455,0.6555789573900929,1.4787793462576166,z-score
-1.166203525575213,0.061909736536318996,1.0201779389493066,z-score
-0.05032132010551451,-0.15968554555319725,0.7908772352951516,z-score
-0.9462203880899307,-0.44209069575099935,0.5615765316409966,z-score
-0.7422037686479349,0.23746816932351714,0.3322758279868417,z-score
-0.37497385365234265,3.453176448948126,-0.08810879537910914,z-score
-0.24014547906458886,3.2515075643178215,0.4469261798139192,z-score
-0.6126975667412768,-0.20056901620227083,-0.04989201143674997,z-score
-0.2827228605133532,-0.4499925430193077,0.14119190827504585,z-score
0.22643165931145337,3.3628205432279037,0.17940869221740502,z-score
0.10579574520662118,3.6758024067682906,1.2494786426034616,z-score
-0.8681618554338628,-0.541379124470178,1.1348282907763843,z-score
-0.1674091190896166,1.3485366069630453,-0.9670948260533699,z-score
-0.40690688973891587,-0.5936000281563896,0.5233597476986375,z-score
-1.1023374534020665,-0.47988213920812617,0.17940869221740502,z-score
-0.5027059979986356,-0.3252807796107893,0.5233597476986375,z-score
-0.5009319404382705,-0.3149740223043001,-0.5084934187450599,z-score
-0.5772164155339732,-0.30226235495963016,-0.31740949903326415,z-score
-0.7492999988893956,-0.2737469930783436,-0.6613605545144966,z-score
-0.6588230633107715,-0.40945263094711715,0.17940869221740502,z-score
0.9431509136989864,-0.3946796121411494,-0.31740949903326415,z-score
0.48544406312476984,-0.4039556937169896,0.86731080317987,z-score
-0.09112464399391373,-0.45617659740320116,-0.6995773384568558,z-score
-1.027827035866729,3.48031757652188,1.058394722891666,z-score
-0.18514969469326834,-0.4077348380627022,1.1730450747187433,z-score
-0.10354304691647004,-0.16277757274514398,0.6762268834680741,z-score
-0.013066111337845888,3.7847104756401926,0.14119190827504585,z-score
-0.9533166183313914,-0.4482747501348929,0.3322758279868417,z-score
-0.9781534241765039,3.803262638791873,0.06475834039032753,z-score
-0.8468731647094805,0.21925956474871963,0.7908772352951516,z-score
-0.6464046603882151,1.5574202217078916,-1.9607312085547082,z-score
1.686481031491997,-0.6348270573823461,-1.9607312085547082,z-score
-0.4512583287480454,0.7651741434157605,0.37049261192920085,z-score
2.0235519679613807,-0.45171033590372256,-0.1263255793214683,z-score
0.4269001636327189,0.5714071060537649,-0.08810879537910914,z-score
1.2713515623665446,-0.4554894802494352,0.7144436674104333,z-score
1.4718200666878098,-0.4032685765632237,0.86731080317987,z-score
0.7533267547399121,-0.39674096360244715,-0.9670948260533699,z-score
-0.7563962291308564,-0.17583279866669685,0.17940869221740502,z-score
-0.24724170930604958,-0.13804135520957012,0.25584226010212335,z-score
1.512623390576209,0.7256649070742189,0.48514296375627836,z-score
1.3760209584280902,-0.16896162712903745,-0.2409759311485458,z-score
1.1028160941318526,0.055382123575542626,-0.2409759311485458,z-score
-0.45303238630841053,0.2020816359045711,0.10297512433268668,z-score
2.334012041025287,0.1398975334887535,0.86731080317987,z-score
-0.11418739227866105,-0.5674895763132838,0.3322758279868417,z-score
-0.9462203880899307,-0.5540907918148479,-0.6995773384568558,z-score
0.08805516960296944,-0.5901644423875598,0.10297512433268668,z-score
0.047251845714570216,-0.7622872894059283,-0.1263255793214683,z-score
-1.0845968777984145,-0.5482502960078374,-0.011675227494390806,z-score
-0.08048029863172255,-0.5925693524257406,-0.5467102026874191,z-score
-0.4033587746181856,-0.3201274009575446,-0.8524444742262924,z-score
0.487218120685135,1.248561061090101,-0.47027663480270077,z-score
-0.15144260104632984,-0.5589006118912095,-0.2409759311485458,z-score
0.21223919882853193,3.5782317709335265,1.2112618586611026,z-score
-0.9018689490808012,-0.5427533587777099,-0.5467102026874191,z-score
-0.763492459372317,-0.5729865135434112,1.2494786426034616,z-score
-0.8646137403131324,0.21307551036482617,0.25584226010212335,z-score
-1.0757265899965889,3.787458944255256,-0.6995773384568558,z-score
-0.3040115512377354,1.1918738959044104,0.3322758279868417,z-score
-0.8504212798302109,-0.7643486408672261,-1.1199619618228065,z-score
-1.1183039714453533,-0.6052810197704105,-0.31740949903326415,z-score
0.9254103380953346,-0.7272443145638653,0.4469261798139192,z-score
-0.22595301858166755,-0.5623361976600392,0.5997933155833558,z-score
0.723167776213704,-0.7224344944875036,1.287695426545821,z-score
1.796472600234638,0.09523491849396726,0.25584226010212335,z-score
1.716640010018205,-0.4709496162091689,0.5997933155833558,z-score
1.484238469610366,-0.45445880451878634,-0.011675227494390806,z-score
0.5315695596942644,-0.4565201559800841,0.17940869221740502,z-score
0.465929429960753,0.7796036036448454,0.3322758279868417,z-score
-1.0810487626776843,-0.5922257938488577,0.10297512433268668,z-score
-0.43529181070475875,-0.3988023150637451,-0.04989201143674997,z-score
-0.5577017823699562,-0.5152686726270722,-0.20275914720618662,z-score
-1.0615341295136675,-0.5808883608117197,1.4787793462576166,z-score
-0.703174502319901,0.08905086411007379,1.6316464820270533,z-score
-0.21176055809874608,-0.5832932708499005,1.7080800499117716,z-score
-0.28627097563408366,-0.4592686245951479,1.1348282907763843,z-score
2.479484760975232,1.3004384061994292,-1.9607312085547082,z-score
1.4469832608426971,0.7799471622217282,-1.9607312085547082,z-score
1.6740626285694404,-0.6509743104958458,-1.9607312085547082,z-score
-0.8628396827527671,0.890229465401162,-1.9607312085547082,z-score
2.793492949159869,0.32782407504373856,-1.9607312085547082,z-score
-0.9196095246844529,3.3851518507252973,0.5997933155833558,z-score
-0.9160614095637226,3.7022564171882797,-0.04989201143674997,z-score
-0.041451032303688795,-0.4132317752928298,1.1348282907763843,z-score
-0.06628783814880111,0.1742533911770506,0.17940869221740502,z-score
-0.33417052976394346,-0.4438084886354142,0.3322758279868417,z-score
-0.4796432497138883,-0.5602748461987413,-0.31740949903326415,z-score
-1.127174259247179,-0.2156855935851215,0.40870939587156,z-score
-0.35723327804869076,-0.7695020195204707,-0.2409759311485458,z-score
0.09337734228406486,-0.6238331829220911,0.5233597476986375,z-score
-0.17095723421034686,-0.6145571013462507,0.2176254761597642,z-score
-0.9462203880899307,0.19692825725132657,0.40870939587156,z-score
-0.5257687462833829,-0.41975938825360626,0.10297512433268668,z-score
0.6841385098856699,-0.5929129110026236,0.4469261798139192,z-score
2.6089909628818906,-0.6918577811449192,1.2112618586611026,z-score
-0.39626254437672487,-0.7093792685659508,0.40870939587156,z-score
3.318613987027962,-0.4273176769450316,0.2940590440444825,z-score
1.7680876792687952,-0.4444956057891801,0.638010099525715,z-score
0.1465990690950204,0.6645114803890501,-1.9607312085547082,z-score
0.5422139050564556,0.7538367103786225,-1.9607312085547082,z-score
1.1418453604598864,0.8270146872546954,-1.9607312085547082,z-score
-0.7776849198552385,-0.6939191326062171,-1.9607312085547082,z-score
0.011770694507266736,-0.40155078367880875,-1.9607312085547082,z-score
-0.9231576398051833,-0.5822625951192516,-1.9607312085547082,z-score
0.2778793285620438,-0.4139188924465957,-1.9607312085547082,z-score
0.24949440759620087,-0.7155633229498443,-1.9607312085547082,z-score
-0.8663877978734975,-0.4359066413671059,-1.9607312085547082,z-score
0.909443820052048,-0.5657717834288689,-0.16454236326382746,z-score
-0.07338406839026199,0.11859690172200915,0.48514296375627836,z-score
0.604305919669237,0.14814293933394465,0.3322758279868417,z-score
0.5244733294528036,-0.4455262815198291,-0.47027663480270077,z-score
-0.9426722729692004,0.07874410680358464,-0.5849269866297783,z-score
-0.733333480846109,-0.5149251140501893,0.5997933155833558,z-score
-0.7422037686479349,-0.5637104319675712,0.5997933155833558,z-score
-0.30223749367737024,-0.5887902080800279,-0.2409759311485458,z-score
-0.869935912994228,-0.352765465761427,0.2176254761597642,z-score
-0.30933372391883096,-0.34623785280065045,0.14119190827504585,z-score
-0.5009319404382705,-0.541722683047061,0.4469261798139192,z-score
-0.5470574370077651,-0.600471199694049,-0.4320598508603416,z-score
-0.5843126457754338,-0.5877595323493789,-0.5467102026874191,z-score
-0.3288483570828479,-0.5963484967714533,1.4405625623152574,z-score
-1.253132346033107,0.1323392447973282,1.096611506834025,z-score
-1.0225048631856333,-0.5936000281563896,1.6316464820270533,z-score
-0.5346390340852087,-0.7025080970282914,-0.8906612581686516,z-score
-0.2720785151511622,-0.5791705679273047,-1.234612313649884,z-score
-1.0881449929191451,-0.7042258899127062,-0.8524444742262924,z-score
-0.3554592204883256,-0.24454451404329103,0.40870939587156,z-score
-0.9444463305295655,-0.7928640027485128,-0.47027663480270077,z-score
-0.9710571939350433,-0.7688149023667048,-0.08810879537910914,z-score
-1.1147558563246227,-0.2600046500030247,-1.005311609995729,z-score
-0.5310909189644785,-0.28989424619184323,-0.39384306691798243,z-score
-0.7386556535272046,-0.44964898444242474,-0.4320598508603416,z-score
-0.6304381423449286,-0.6056245783472936,-0.011675227494390806,z-score
1.0921717487696614,-0.5929129110026236,-0.39384306691798243,z-score
0.8491258629996317,-0.4472440744042439,0.86731080317987,z-score
-0.8929986612789753,0.18490370706042253,-0.011675227494390806,z-score
0.10579574520662118,-0.5863852980418471,0.5233597476986375,z-score
0.8987994746898569,-0.4548023630956693,0.7144436674104333,z-score
-1.1200780290057184,-0.42250785686867,-0.279192715090905,z-score
-0.44061398338585434,-0.4444956057891801,0.86731080317987,z-score
0.7018790854893217,-0.1902622588957817,0.40870939587156,z-score
0.06676647887858742,0.6545482816594439,0.3322758279868417,z-score
0.1430509539742901,0.044731807692170444,0.48514296375627836,z-score
1.8904976509339924,0.7916281538357494,0.25584226010212335,z-score
0.7888079059472155,0.6885605807708581,-0.20275914720618662,z-score
0.2991680192864258,0.1512349665258915,0.638010099525715,z-score
0.21578731394926254,-0.14216405813216568,-0.04989201143674997,z-score
1.3387657496604213,-0.4218207397149041,-0.16454236326382746,z-score
2.007585449918094,-0.3988023150637451,-0.3556262829756233,z-score
-0.3678776234108819,-0.5509987646229011,0.40870939587156,z-score
-0.39803660193709,-0.3005445620752153,0.14119190827504585,z-score
-1.0828228202380494,-0.2483236583890037,-1.1199619618228065,z-score
-0.01484016889821103,-0.14456896817034648,0.638010099525715,z-score
2.3588488468704,0.08836374695630775,0.17940869221740502,z-score
1.5658451173871646,-0.4482747501348929,-0.31740949903326415,z-score
0.7976781937490416,0.6555789573900929,0.06475834039032753,z-score
-0.586086703335799,0.08595883691812706,0.25584226010212335,z-score
-0.781233034975969,0.07668275534228673,0.5233597476986375,z-score
0.6681719918423833,-0.13460576944074035,-0.20275914720618662,z-score
0.32400482513153844,-0.4520538944806055,0.02654155644796836,z-score
-0.536413091645574,-0.6169620113844315,-0.5467102026874191,z-score
1.8479202694852281,0.7668919363001755,-1.9607312085547082,z-score
-0.5577017823699562,0.3535909683099614,-1.9607312085547082,z-score
0.1306325510517338,1.3447574626173326,-1.9607312085547082,z-score
1.5374601964213217,-0.622115390037676,-1.9607312085547082,z-score
1.8124391182779247,-0.6348270573823461,-1.9607312085547082,z-score
2.8892920574195897,1.529591976980371,-1.9607312085547082,z-score
-0.5577017823699562,0.16806933679315714,0.48514296375627836,z-score
0.7675192152228335,-0.5966920553483362,0.86731080317987,z-score
0.8171928269130584,0.1172226674144773,0.25584226010212335,z-score
-0.4938357101968097,-0.4438084886354142,0.02654155644796836,z-score
-0.1461204283652344,0.061909736536318996,-0.5849269866297783,z-score
-0.3714257385316122,-0.3441765013393527,-0.5849269866297783,z-score
-0.8202623013040029,-0.6028761097322298,-0.08810879537910914,z-score
0.3754524943821285,-0.42147718113802113,0.5233597476986375,z-score
2.147735997186944,-0.4273176769450316,0.638010099525715,z-score
2.0004892196766337,0.13611838914304084,0.14119190827504585,z-score
0.23707600467364456,-0.7035387727589404,0.4469261798139192,z-score
2.059033119168685,-0.6994160698363445,0.9437443710645883,z-score
0.11998820568954263,-0.7004467455669935,0.86731080317987,z-score
-0.8362288193472894,0.0849281611874781,1.287695426545821,z-score
-0.018388284018941315,0.5470144470950742,1.7080800499117716,z-score
-0.7155929052424572,-0.46785758901722213,1.4023457783728983,z-score
-0.0006477084152895763,0.1220324874908389,1.2494786426034616,z-score
-0.47254701947242755,0.5789653947451905,1.4023457783728983,z-score
0.0543480759560311,0.08114901684176545,1.7080800499117716,z-score
-0.5523796096888607,0.35049894111801455,-1.9607312085547082,z-score
0.33642322805409475,1.386671608997055,-1.9607312085547082,z-score
1.1844227419086508,0.6600452188895716,-1.9607312085547082,z-score
-0.49738382531754,-0.28989424619184323,-0.3556262829756233,z-score
-0.8504212798302109,-0.30363658926716214,0.2940590440444825,z-score
-1.0668563021947628,-0.3190967252268958,0.48514296375627836,z-score
-0.5825385882150688,-0.3441765013393527,-0.011675227494390806,z-score
-1.0313751509874594,-0.24488807262017406,-0.5849269866297783,z-score
-0.48851353751571414,-0.5207656098571997,-0.20275914720618662,z-score
-0.9302538700466441,-0.5070232667818809,-0.6613605545144966,z-score
-0.4583545589895061,-0.3816243862195965,-0.011675227494390806,z-score
-0.7563962291308564,0.6947446351547516,1.058394722891666,z-score
-1.28506538211968,0.11447419879941359,1.1730450747187433,z-score
-1.2407139431105505,0.7342538714962932,1.5169961301999757,z-score
-1.1076596260831622,0.17322271544640166,1.7080800499117716,z-score
-0.9373501002881048,0.748683331725378,1.5169961301999757,z-score
-0.6215678545431027,0.17047424683133794,1.5169961301999757,z-score
-0.27917474539262294,0.1378361820274556,1.2494786426034616,z-score
-0.3661035658505168,-0.44002934428970153,1.1348282907763843,z-score
0.38964495486504996,3.7376429506072255,-0.08810879537910914,z-score
-1.2300695977483593,-0.5451582688158906,-0.16454236326382746,z-score
-0.9071911217618965,-0.5496245303153693,0.06475834039032753,z-score
-0.3111077814791961,-0.5389742144319971,1.2112618586611026,z-score
-0.6623711784315018,1.1348431721418375,1.2112618586611026,z-score
0.31690859489007756,-0.5750478650047092,0.9437443710645883,z-score
0.15014718421575068,-0.5540907918148479,-1.005311609995729,z-score
-0.41755123510110687,3.4895936580977205,-0.08810879537910914,z-score
-1.0562119568325719,-0.13529288659450628,0.10297512433268668,z-score
0.08628111204260429,0.23128411493962367,0.3322758279868417,z-score
-0.6286640847845634,3.8980848060115725,0.9437443710645883,z-score
-0.6588230633107715,-0.14147694097839975,0.06475834039032753,z-score
-0.6020532213790857,3.6029679884691004,0.86731080317987,z-score
-0.3856181990145337,3.3769064448801056,-0.08810879537910914,z-score
1.0229835039154194,-0.6348270573823461,-1.9607312085547082,z-score
2.0466147162461286,1.589027610781125,-1.9607312085547082,z-score
-0.046773204984784225,3.6077778085454626,-0.04989201143674997,z-score
-0.4991578828779053,3.440808340180338,0.638010099525715,z-score
-0.4264215229029329,3.383777616417765,0.06475834039032753,z-score
-0.5718942428528776,3.8431154337102975,1.0201779389493066,z-score
0.13418066617246407,-0.17102297859033522,0.40870939587156,z-score
-0.2064383854176505,-0.14663031963164438,0.8290940192375108,z-score
0.8154187693526933,-0.44209069575099935,-0.47027663480270077,z-score
0.8899291868880308,-0.45171033590372256,0.6762268834680741,z-score
0.04015561547310965,-0.4520538944806055,-0.04989201143674997,z-score
0.3275529402522687,0.06122261938255307,0.25584226010212335,z-score
-0.1337020254426781,0.05675635788307448,-0.39384306691798243,z-score
-0.1496685434859647,-0.6337963816516972,-0.31740949903326415,z-score
0.8863810717673005,-0.4572072731338501,-0.8906612581686516,z-score
-0.8823543159167843,0.10691591010798827,-0.6231437705721374,z-score
0.8526739781203622,-0.4073912794858193,-0.31740949903326415,z-score
0.2619128105187572,-0.6303607958828674,0.17940869221740502,z-score
1.4771422393689055,0.8015913525653555,-1.9607312085547082,z-score
-0.4441620985065846,-0.6482258418807819,-1.9607312085547082,z-score
-0.7599443442515867,0.8307938316004081,-1.9607312085547082,z-score
1.4345648579201415,-0.6629988606867497,-1.9607312085547082,z-score
1.040724079519071,1.5608558074767211,-1.9607312085547082,z-score
1.2624812745647187,1.3962912491497783,-1.9607312085547082,z-score
3.329258332390154,-0.4314403798676273,0.17940869221740502,z-score
0.07741082424077826,-0.4472440744042439,0.638010099525715,z-score
-0.2756266302718925,0.15741902090978496,1.32591221048818,z-score
2.20805395423936,-0.7286185488713971,0.37049261192920085,z-score
0.15546935689684643,0.11997113602954101,0.7526604513527925,z-score
-0.24014547906458886,-0.7227780530643867,0.48514296375627836,z-score
1.8975938811754536,-0.6915142225680363,0.2940590440444825,z-score
0.24417223491510542,-0.434532407059574,0.9055275871222291,z-score
-1.1041115109624318,0.19211843717496496,0.02654155644796836,z-score
-1.1431407772904656,-0.5808883608117197,1.32591221048818,z-score
-0.733333480846109,-0.7080050342584188,-0.6995773384568558,z-score
-1.0721784748758585,-0.5575263775836777,0.2940590440444825,z-score
-0.6925301569577099,-0.5671460177364008,-0.47027663480270077,z-score
0.09515139984443001,-0.7203731430262058,-1.234612313649884,z-score
-0.1461204283652344,-0.7626308479828113,-0.9670948260533699,z-score
-0.2277270761420327,-0.7859928312108533,-0.47027663480270077,z-score
-0.869935912994228,-0.24076536969757836,-1.1199619618228065,z-score
-0.05564349278661025,-0.47507231913176456,0.2176254761597642,z-score
3.3505470231145353,-0.6966676012212808,1.1348282907763843,z-score
2.2062798966789945,0.12237604606772182,-0.04989201143674997,z-score
3.570530160599818,-0.06142779256466757,-0.47027663480270077,z-score
-0.3306224146432132,-0.07276522560180555,-0.5084934187450599,z-score
1.9419453201845829,0.16463375102432737,-0.3556262829756233,z-score
4.611901948534179,-0.06314558544908246,1.058394722891666,z-score
2.3144974078612703,0.13165212764356213,0.48514296375627836,z-score
-0.2153086732194764,-0.8550481051643304,0.7908772352951516,z-score
-0.3306224146432132,0.07736987249605279,0.14119190827504585,z-score
-0.5931829335772597,0.5734684575150628,1.32591221048818,z-score
-0.783007092536334,-0.5582134947374435,1.058394722891666,z-score
0.029511270110918475,-0.5987534068096341,-0.7377941223992149,z-score
-0.005969881096385004,-0.5657717834288689,-0.011675227494390806,z-score
0.0986995149651606,0.05606924072930855,0.40870939587156,z-score
0.3878708973046848,-0.5977227310789852,-0.39384306691798243,z-score
-0.5914088760168946,-0.48915822078396637,-0.7377941223992149,z-score
1.0531424824416273,-0.5850110637343152,-0.47027663480270077,z-score
1.0158872736739588,-0.5839803880036664,-0.2409759311485458,z-score
-0.28981909075481394,-0.4128882167159469,0.8290940192375108,z-score
-0.6676933511125973,0.13165212764356213,0.02654155644796836,z-score
-0.5807645306547036,-0.4747287605548816,0.7908772352951516,z-score
-0.6872079842766143,-0.5698944863514647,-0.011675227494390806,z-score
0.3754524943821285,-0.5901644423875598,-0.47027663480270077,z-score
0.12885849349136866,0.18284235559912487,-0.5084934187450599,z-score
-0.8681618554338628,-0.5485938545847204,-0.20275914720618662,z-score
-1.0313751509874594,0.23506325928533633,-0.04989201143674997,z-score
-0.880580258356419,-0.552372998930433,-0.6995773384568558,z-score
-0.4689989043516971,0.05366433069112775,0.14119190827504585,z-score
0.1430509539742901,0.14058465064251932,0.17940869221740502,z-score
-0.5470574370077651,0.14367667783446617,-0.47027663480270077,z-score
-0.8096179559418119,-0.09784500171426246,0.9437443710645883,z-score
-0.6588230633107715,3.3088818466572776,0.37049261192920085,z-score
0.16611370225903727,0.11859690172200915,0.4469261798139192,z-score
-0.1833756371329032,0.1333699205279769,0.14119190827504585,z-score
-0.4619026741102364,0.08905086411007379,0.86731080317987,z-score
-0.2756266302718925,3.2920474763900116,0.86731080317987,z-score
-0.3430408175657693,-0.09612720882984757,0.06475834039032753,z-score
1.0087910434324978,-0.7038823313358232,-1.9607312085547082,z-score
0.93073251077643,-0.705600124220238,-1.9607312085547082,z-score
0.49076623580586526,1.3636531843458959,-0.6613605545144966,z-score
-0.3306224146432132,-0.5300416914330399,-0.011675227494390806,z-score
0.5368917323753599,-0.5846675051574324,-0.16454236326382746,z-score
-0.31465589659992654,1.3241439480043542,-0.47027663480270077,z-score
-0.20111621273655492,0.23781172790040028,-1.0435283939380882,z-score
0.4535110270381967,4.351582127497095,0.02654155644796836,z-score
0.27255715588094803,-0.5472196202771885,-0.39384306691798243,z-score
-0.7386556535272046,-0.47885146347747726,0.9437443710645883,z-score
0.017092867188362164,3.4878758652133053,0.17940869221740502,z-score
-0.20111621273655492,-0.18751379028071785,0.8290940192375108,z-score
0.02596315499018819,-0.18888802458824971,0.2176254761597642,z-score
-0.33949270244503904,-0.41975938825360626,1.1730450747187433,z-score
-0.8646137403131324,-0.18029906016617545,0.8290940192375108,z-score
-0.7670405744930475,-0.14422540959346358,0.6762268834680741,z-score
0.19982079590597593,-0.4036121351401066,0.4469261798139192,z-score
0.06499242131822196,0.8287324801391102,-1.9607312085547082,z-score
-0.3057856087981005,0.33606948088892996,-1.9607312085547082,z-score
2.8857439422988587,0.34053574238840845,-1.9607312085547082,z-score
-0.5878607608961643,-0.6252074172296229,-1.9607312085547082,z-score
2.6639867472532113,0.34981182396424876,-1.9607312085547082,z-score
1.9774264713918865,0.7809778379523772,-1.9607312085547082,z-score
1.196841144831207,0.8651496892887052,-1.9607312085547082,z-score
0.03128532767128362,0.6593581017358056,-1.9607312085547082,z-score
0.2228835441907231,-0.6458209318426013,-1.0817451778804474,z-score
0.12353632081027291,0.09317356703266935,-0.5084934187450599,z-score
-0.3714257385316122,-0.4499925430193077,0.2940590440444825,z-score
-0.9196095246844529,0.14402023641134906,-0.8524444742262924,z-score
0.6468833011180013,0.13817974060433852,-1.0817451778804474,z-score
-1.008312402702712,-0.6207411557301442,0.25584226010212335,z-score
-0.5985051062583553,0.14230244352693433,0.5997933155833558,z-score
-0.27917474539262294,-0.4317839384445102,0.86731080317987,z-score
-0.39448848681635956,-0.46442200324839245,1.096611506834025,z-score
-0.6428565452674848,0.7768551350297817,1.2494786426034616,z-score
-0.8486472222698458,-0.4156366853310106,1.7462968338541307,z-score
-0.2756266302718925,-0.5722993963896454,1.287695426545821,z-score
-0.4689989043516971,0.7060820681918896,1.1348282907763843,z-score
-0.8273585315454636,-0.2046917191248664,0.5997933155833558,z-score
-0.5789904730943383,-0.4499925430193077,-0.5849269866297783,z-score
0.4038374153479714,-0.8839070256225,-1.9607312085547082,z-score
0.7089753157307825,-0.44312137148164826,-1.9607312085547082,z-score
0.09337734228406486,-0.8804714398536704,-1.9607312085547082,z-score
0.5156030416509779,-0.434188848482691,-1.9607312085547082,z-score
-0.32175212684138726,-0.5568392604299116,0.10297512433268668,z-score
-0.2915931483151791,-0.3153175808811831,0.48514296375627836,z-score
-0.21708273077984153,-0.3888391163341388,-0.1263255793214683,z-score
-1.0437935539100156,-0.3926182606798516,-0.279192715090905,z-score
-1.018956748064903,-0.5527165575073161,0.5997933155833558,z-score
-0.6854339267162493,0.07633919676540384,1.7462968338541307,z-score
-0.7794589774156037,-0.41941582967672325,1.1348282907763843,z-score
-0.05032132010551451,-0.3981151979099791,1.096611506834025,z-score
-0.6925301569577099,0.7040207167305916,1.058394722891666,z-score
-0.3253002419621176,-0.5808883608117197,0.25584226010212335,z-score
-0.6109235091809117,-0.43762443425152076,0.5233597476986375,z-score
-0.6286640847845634,-0.7921768855947467,-0.9288780421110108,z-score
-0.018388284018941315,-0.7176246744111421,-0.7377941223992149,z-score
-0.9320279276070093,-0.7128148543347804,-0.9670948260533699,z-score
-0.7599443442515867,-0.7014774212976425,-0.39384306691798243,z-score
-0.6765636389144234,-0.2156855935851215,-1.005311609995729,z-score
0.018866924748727306,-0.6042503440397617,-0.279192715090905,z-score
-0.1283798527615825,-0.2782132545778222,-0.4320598508603416,z-score
-0.8397769344680199,-0.7688149023667048,-0.5084934187450599,z-score
-0.33417052976394346,-0.8794407641230214,-1.9607312085547082,z-score
0.8544480356807274,-0.5589006118912095,-1.9607312085547082,z-score
-0.10886521959756564,-0.5850110637343152,-1.9607312085547082,z-score
0.3683562641406679,-0.6901399882605045,-1.9607312085547082,z-score
-0.4015847170578203,-0.7124712957578975,-1.9607312085547082,z-score
0.6770422796442094,-0.7262136388332163,-1.9607312085547082,z-score
0.6309167830747147,-0.8749745026235428,-1.9607312085547082,z-score
-1.157333237773387,-0.40498636944763855,-1.9607312085547082,z-score
1.0957198638903918,-0.8808149984305532,-1.9607312085547082,z-score
-0.35723327804869076,-0.5358821872400504,-1.9607312085547082,z-score
-0.1283798527615825,-0.5802012436579537,-1.9607312085547082,z-score
0.3594859763388419,-0.7313670174864609,-1.9607312085547082,z-score
0.07031459399931769,-0.7097228271428339,-1.9607312085547082,z-score
1.1826486843482857,-0.70697435852777,-1.9607312085547082,z-score
-0.3785219687730729,0.08698951264877589,-0.8524444742262924,z-score
0.487218120685135,-0.126703922172432,-0.39384306691798243,z-score
0.9396027985782561,0.09970117999344585,0.2176254761597642,z-score
-1.0704044173154934,0.1701306882544548,0.48514296375627836,z-score
0.4464147967967358,-0.6633424192636327,-0.279192715090905,z-score
-0.3377186448846739,-0.6372319674205269,0.40870939587156,z-score
0.44996291191746607,-0.47782078774682835,-0.8142276902839333,z-score
0.3878708973046848,-0.4716367333629349,0.7526604513527925,z-score
1.681158858810901,0.15501411087160416,0.86731080317987,z-score
1.886949535813262,0.6006095850888175,-0.04989201143674997,z-score
-0.6960782720784402,0.03133302319373456,-0.31740949903326415,z-score
1.22522606579705,0.7177630598059107,0.6762268834680741,z-score
2.0395184860046673,-0.11193090336646426,0.7526604513527925,z-score
1.1028160941318526,0.6250022440475084,0.5233597476986375,z-score
2.273694083972871,-0.45892506601826494,-0.2409759311485458,z-score
-0.1833756371329032,-0.6911706639911532,0.3322758279868417,z-score
-0.7014004447595358,-0.2778696960009393,-0.011675227494390806,z-score
-0.9870237119783298,-0.5626797562369222,-0.011675227494390806,z-score
-0.7209150779235528,3.628734881735323,0.10297512433268668,z-score
-0.8876764885978797,0.08870730553319077,0.5615765316409966,z-score
-0.23659736394385855,0.034425050385681416,-0.47027663480270077,z-score
-0.5789904730943383,-0.4554894802494352,0.4469261798139192,z-score
-0.14434637080486926,-0.600127641117166,1.6698632659694124,z-score
-0.14434637080486926,-0.434188848482691,1.822730401738849,z-score
-1.018956748064903,0.7418121601877185,1.593429698084694,z-score
-0.7883292652174296,0.6950881937316344,1.822730401738849,z-score
-0.5630239550510517,0.6734440033880075,1.2112618586611026,z-score
-0.8770321432356886,0.6497384615830822,1.4023457783728983,z-score
0.2920717890449652,-0.45995574174891385,0.14119190827504585,z-score
1.716640010018205,0.5528549429020845,0.4469261798139192,z-score
1.3476360374622474,0.629124946970104,0.8290940192375108,z-score
2.2346648176448376,-0.1490352296698252,-0.2409759311485458,z-score
0.4747997177625787,3.8788455257061263,1.2494786426034616,z-score
-0.5133503433608266,3.6342318189654508,0.2176254761597642,z-score
-1.0313751509874594,4.097348780603697,0.25584226010212335,z-score
-0.900094891520436,-0.38265506195024535,-0.5467102026874191,z-score
-0.6730155237936929,-0.5918822352719748,0.3322758279868417,z-score
-0.6464046603882151,-0.34829920426194827,-0.5849269866297783,z-score
-1.0757265899965889,-0.33696177122481025,0.06475834039032753,z-score
0.40028930022724113,0.16188528240926367,0.4469261798139192,z-score
-0.5594758399303215,4.212784462436374,0.7144436674104333,z-score
-0.4264215229029329,-0.41975938825360626,0.06475834039032753,z-score
-0.41932529266147217,0.10451100006980746,1.1730450747187433,z-score
-0.8025217257003512,0.1811245627147099,-0.1263255793214683,z-score
-1.0757265899965889,0.21513686182612407,0.37049261192920085,z-score
-0.5896348184565294,-0.17067942001345232,0.638010099525715,z-score
-1.0154086329441727,-0.09715788456049652,-0.011675227494390806,z-score
-0.03612885962259305,-0.4348759656364569,0.2176254761597642,z-score
0.15014718421575068,-0.4139188924465957,0.40870939587156,z-score
0.7728413879039289,0.03202014034750061,0.3322758279868417,z-score
0.1465990690950204,0.10691591010798827,0.5615765316409966,z-score
-0.2153086732194764,-0.4764465534392964,0.48514296375627836,z-score
-0.7936514378985251,-0.12361189498048528,-0.6231437705721374,z-score
0.24239817735473998,-0.22186964796901495,0.10297512433268668,z-score
-0.05386943522624511,-0.13529288659450628,-0.39384306691798243,z-score
-0.42287340778220245,-0.30260591353651317,-0.47027663480270077,z-score
-0.7971995530192555,-0.268937173001982,-0.04989201143674997,z-score
-0.32175212684138726,-0.5114895282813595,-0.279192715090905,z-score
-0.9373501002881048,-0.35448325864584174,-0.20275914720618662,z-score
-0.6464046603882151,-0.5589006118912095,-0.3556262829756233,z-score
-0.8894505461582448,3.3336180641928514,0.7526604513527925,z-score
-0.35723327804869076,3.473789963561104,0.4469261798139192,z-score
-0.781233034975969,3.4593605033320194,0.2176254761597642,z-score
0.04547778815420507,0.08046189968799952,-0.011675227494390806,z-score
0.08450705448223915,-0.14937878824670808,0.2176254761597642,z-score
-0.9462203880899307,0.16188528240926367,0.06475834039032753,z-score
-0.42819558046329803,-0.2253052337378447,0.4469261798139192,z-score
-0.1283798527615825,3.538378976015102,-0.011675227494390806,z-score
0.2228835441907231,-0.3946796121411494,1.1348282907763843,z-score
-0.3448148751261346,3.908735121894945,1.1730450747187433,z-score
0.029511270110918475,-0.46442200324839245,0.10297512433268668,z-score
-0.9657350212539475,-0.17308433005163312,0.3322758279868417,z-score
-0.43883992582548903,0.12718586614408342,0.14119190827504585,z-score
-0.9923458846594253,-0.5018698881286363,0.48514296375627836,z-score
-0.8397769344680199,-0.5884466495031451,0.14119190827504585,z-score
-0.9338019851673743,-0.47369808482423265,0.10297512433268668,z-score
-0.8823543159167843,-0.32768568964897005,-0.20275914720618662,z-score
-0.6765636389144234,-0.5671460177364008,0.638010099525715,z-score
-0.5204465736022873,-0.5128637625888913,-0.20275914720618662,z-score
-1.0845968777984145,-0.5819190365423685,-0.16454236326382746,z-score
-0.14257231324450395,0.6548918402363268,1.4023457783728983,z-score
-1.0952412231606057,0.14573802929576382,1.3641289944305393,z-score
-0.869935912994228,-0.4173544782154255,1.5169961301999757,z-score
-0.4104550048596463,0.5858365662828497,1.6698632659694124,z-score
-1.1537851226526568,-0.575391423581592,1.4023457783728983,z-score
-0.4140031199803766,0.04885451061476613,1.287695426545821,z-score
-0.3182040117206568,-0.35482681722272474,0.2176254761597642,z-score
-0.22950113370239783,-0.24866721696588673,-0.4320598508603416,z-score
-0.9550906758917566,-0.3582624029915545,-0.3556262829756233,z-score
-0.35013704780723004,-0.5922257938488577,-0.39384306691798243,z-score
-0.9426722729692004,0.1326828033742111,-0.20275914720618662,z-score
-1.2992578426026016,1.1771008770984428,0.638010099525715,z-score
-0.36255545072978634,-0.5485938545847204,0.9055275871222291,z-score
-0.3643295082901515,-0.5802012436579537,-0.6613605545144966,z-score
-1.1786219284977693,4.328563702845935,-0.16454236326382746,z-score
-1.1839441011788647,0.08527171976436101,1.2112618586611026,z-score
0.4162558182705277,4.047876345532549,0.02654155644796836,z-score
-1.0739525324362238,-0.5520294403535501,0.3322758279868417,z-score
-0.9817015392972342,4.2859624393124465,-0.31740949903326415,z-score
0.04370373059383993,1.1729781741758472,0.17940869221740502,z-score
-0.8717099705545931,0.048167393461000206,-0.8142276902839333,z-score
-0.6854339267162493,-0.49121957224526425,-0.31740949903326415,z-score
-0.683659869155884,0.04163978050022371,-0.279192715090905,z-score
-0.9657350212539475,-0.14594320247787834,0.3322758279868417,z-score
-0.6730155237936929,-0.11296157909711321,0.8290940192375108,z-score
0.21401325638889707,0.20379942878898608,0.7144436674104333,z-score
-0.733333480846109,-0.20056901620227083,0.5997933155833558,z-score
-0.2774006878322578,-0.3307777168409168,-0.2409759311485458,z-score
-0.48496542239498386,-0.28371019180794976,-0.47027663480270077,z-score
-0.4441620985065846,-0.34486361849311864,0.06475834039032753,z-score
-0.4015847170578203,-0.3328390683022146,0.06475834039032753,z-score
-0.36965168097124707,-0.4723238505167008,-0.5467102026874191,z-score
-0.9958939997801556,-0.5592441704680924,-0.31740949903326415,z-score
-0.7670405744930475,-0.268937173001982,0.4469261798139192,z-score
-0.900094891520436,0.7555545032630373,-1.9607312085547082,z-score
-0.1780534644518076,0.39241308749773723,-1.9607312085547082,z-score
1.4487573184030627,0.7297876099968145,-1.9607312085547082,z-score
1.9827486440729822,0.36355416703956756,-1.9607312085547082,z-score
0.5635025957808377,0.1148177573762965,-1.1581787457651658,z-score
-0.8628396827527671,1.468438550295202,0.9055275871222291,z-score
0.4889921782455001,-0.5355386286631675,-0.7377941223992149,z-score
-0.17627940689144245,1.218327906324399,1.287695426545821,z-score
-0.3288483570828479,-0.5626797562369222,1.058394722891666,z-score
0.58479128650522,-0.5451582688158906,-1.1963955297075248,z-score
-0.2915931483151791,0.07462140388098895,1.058394722891666,z-score
0.24949440759620087,-0.5884466495031451,-0.3556262829756233,z-score
0.013544752067631878,-0.4091090723702341,-0.5084934187450599,z-score
-0.2774006878322578,-0.4352195242133399,0.5615765316409966,z-score
-1.040245438789285,-0.5375999801244653,-0.3556262829756233,z-score
-1.040245438789285,-0.47885146347747726,-0.011675227494390806,z-score
-0.5399612067663043,-0.5345079529325185,0.5233597476986375,z-score
-0.7297853657253787,-0.5482502960078374,0.5615765316409966,z-score
-0.6020532213790857,-0.48915822078396637,-0.6613605545144966,z-score
-0.6180197394223724,-0.6028761097322298,0.40870939587156,z-score
-0.4246474653425676,-0.48263060782318995,0.5997933155833558,z-score
-0.3306224146432132,-0.3568881686840225,0.17940869221740502,z-score
-0.46545078923096683,1.2842911530859296,0.6762268834680741,z-score
-0.2543379395475103,0.07496496245787199,-0.16454236326382746,z-score
-1.2211993099465335,0.14608158787264697,-0.08810879537910914,z-score
-0.42996963802366317,1.235162276591665,1.1730450747187433,z-score
-0.9391241578484699,-0.45514592167255224,-1.9607312085547082,z-score
-1.1112077412038923,-0.884250584199383,-1.9607312085547082,z-score
-1.116529913884988,-0.422851415445553,-1.9607312085547082,z-score
1.0424981370794366,-0.7317105760633439,-1.9607312085547082,z-score
0.8934773020087611,-0.37750168329700085,-1.9607312085547082,z-score
-1.049115726591111,-0.41975938825360626,0.06475834039032753,z-score
-1.0508897841514764,0.08733307122565892,-0.5849269866297783,z-score
0.027737212550553333,0.14230244352693433,0.4469261798139192,z-score
1.0602387126830883,-0.5839803880036664,0.48514296375627836,z-score
0.21578731394926254,-0.5970356139252193,0.7144436674104333,z-score
0.06144430619749167,-0.7049130070664722,0.40870939587156,z-score
-0.9710571939350433,-0.20950153920122802,-0.6995773384568558,z-score
-0.7581702866912217,-0.576422099312241,-0.6995773384568558,z-score
-0.2596601122286059,-0.25416415419601424,-0.04989201143674997,z-score
-0.7776849198552385,-0.7114406200272486,-0.011675227494390806,z-score
-0.09289870155427887,-0.2874893361536624,-0.6231437705721374,z-score
-0.9125132944429923,-0.7756860739043642,-1.1963955297075248,z-score
-1.0597600719533022,-0.7104099442965996,-0.39384306691798243,z-score
0.5741469411430289,0.0849281611874781,-0.16454236326382746,z-score
-1.045567611470381,4.267410276160766,-0.47027663480270077,z-score
-0.041451032303688795,-0.5716122792358794,-1.1199619618228065,z-score
0.29739396172606064,1.366745211537843,-0.08810879537910914,z-score
0.2353019471132794,1.481150217639872,-0.7377941223992149,z-score
0.1182141481291775,-0.5482502960078374,-0.6613605545144966,z-score
0.11644009056881234,-0.5396613315857631,-0.1263255793214683,z-score
-1.0668563021947628,-0.5427533587777099,-0.3556262829756233,z-score
0.34529351585592044,1.2822298016246316,-1.1581787457651658,z-score
0.18030616274195874,3.8231890362510845,0.86731080317987,z-score
0.4410926241156403,0.2068914559809327,0.14119190827504585,z-score
-0.8078438983814465,-0.5887902080800279,0.9437443710645883,z-score
-0.7971995530192555,0.15913681379419972,-0.04989201143674997,z-score
-0.07693218351099228,-0.5290110157023911,-0.4320598508603416,z-score
-0.34658893268649976,-0.5238576370491465,-1.1199619618228065,z-score
0.05257401839566596,0.07393428672722303,0.5997933155833558,z-score
-1.0225048631856333,3.7197779046093107,0.8290940192375108,z-score
-0.5044800555590008,0.14745582218017883,1.096611506834025,z-score
-0.6535008906296759,0.1629159581399124,1.058394722891666,z-score
-0.7262372506046483,-0.5437840345083588,1.0201779389493066,z-score
-0.4512583287480454,0.6394317042765932,1.3641289944305393,z-score
-1.2300695977483593,0.191087761444316,1.3641289944305393,z-score
-1.1502370075319264,-0.4352195242133399,1.32591221048818,z-score
-1.18571815873923,0.749714007456027,1.0201779389493066,z-score
-0.7776849198552385,0.1398975334887535,1.4023457783728983,z-score
-0.664145235991867,-0.5472196202771885,1.6316464820270533,z-score
-0.7439778262083002,-0.5698944863514647,1.4787793462576166,z-score
-0.3714257385316122,3.860293362554446,1.058394722891666,z-score
0.4641553724003875,0.1745969497539335,-0.7760109063415741,z-score
-0.8362288193472894,1.183628490059219,-0.8906612581686516,z-score
-0.3306224146432132,1.411751385109512,-0.9288780421110108,z-score
-1.2903875548007755,0.6971495451929324,1.555212914142335,z-score
0.03128532767128362,0.07152937668904222,1.058394722891666,z-score
-1.2087809070239774,-0.446556957250478,1.555212914142335,z-score
-1.18571815873923,-0.399145873640628,1.2112618586611026,z-score
-0.7368815959668394,-0.5461889445465395,1.32591221048818,z-score
-1.2620026338349328,-0.4486183087117758,1.2494786426034616,z-score
-0.9781534241765039,-0.3926182606798516,1.4405625623152574,z-score
-0.35900733560905607,-0.28955068761496033,-1.234612313649884,z-score
-0.7457518837686653,-0.599096965386517,-1.1963955297075248,z-score
-0.12660579520121737,-0.7832443625957894,0.37049261192920085,z-score
-0.7102707325613616,0.1165355502607115,1.0201779389493066,z-score
-1.1023374534020665,-0.4359066413671059,1.593429698084694,z-score
-1.263776691395298,-0.5582134947374435,1.78451361779649,z-score
-0.7670405744930475,0.04026554619269186,1.3641289944305393,z-score
0.015318809627997022,0.19727181582820946,1.1730450747187433,z-score
-0.6570490057504063,0.6579838674282736,1.32591221048818,z-score
-0.8859024310375145,0.5896157106285623,1.32591221048818,z-score
-0.6481787179485804,1.3718985901910872,-0.3556262829756233,z-score
-0.64463060282785,3.697103038535035,-0.6613605545144966,z-score
-0.6286640847845634,-0.5489374131616034,-0.5849269866297783,z-score
-1.2673248065160283,0.17871965267652906,-0.7760109063415741,z-score
-0.7368815959668394,0.10176253145474363,-0.39384306691798243,z-score
2.378363480034417,0.17116136398510376,-0.08810879537910914,z-score
0.606079977229602,-0.41082686525464895,0.2176254761597642,z-score
2.5096437395014406,0.11825334314512626,-0.04989201143674997,z-score
-0.5577017823699562,0.167725778216274,0.8290940192375108,z-score
0.3257788826919036,-0.1995383404716219,0.5233597476986375,z-score
1.6545479954054236,-0.46923182332475405,-0.011675227494390806,z-score
-0.9550906758917566,-0.40086366652504285,1.5169961301999757,z-score
-1.205232791903247,-0.422851415445553,1.4023457783728983,z-score
-0.5772164155339732,0.031676581770617586,1.058394722891666,z-score
-0.900094891520436,-0.4441520472122972,1.4787793462576166,z-score
-0.5080281706797312,-0.4740416434011157,1.058394722891666,z-score
-1.0366973236685548,0.6256893612012745,1.7462968338541307,z-score
-1.214103079705073,-0.47850790490059425,1.2112618586611026,z-score
-0.6605971208711365,-0.4716367333629349,1.555212914142335,z-score
-0.39626254437672487,-0.2847408675385987,-0.4320598508603416,z-score
0.006448521826170993,-0.7842750383264384,-0.9288780421110108,z-score
-0.4689989043516971,-0.7313670174864609,0.14119190827504585,z-score
-0.0858024713128183,-0.2362991081980998,-1.005311609995729,z-score
-0.23837142150422372,-0.5722993963896454,-0.47027663480270077,z-score
-1.144914834850831,-0.5485938545847204,-0.5467102026874191,z-score
-0.7617184018119519,-0.2819923989235349,-0.3556262829756233,z-score
-0.4423880409462195,-0.7248394045256844,-1.0435283939380882,z-score
0.8863810717673005,-0.5664589005826348,0.3322758279868417,z-score
0.46947754508148326,-0.46854470617098815,0.6762268834680741,z-score
0.3133604797693473,0.6974931037698152,-0.20275914720618662,z-score
-0.5949569911376249,0.7751373421453667,-0.20275914720618662,z-score
1.5232677359384006,0.04232689765398964,0.7908772352951516,z-score
1.881627363132167,0.6902783736552729,0.7908772352951516,z-score
1.6598701680865193,0.10622879295422234,-0.279192715090905,z-score
-0.4619026741102364,0.1189404602988923,0.4469261798139192,z-score
1.4505313759634282,-0.4554894802494352,0.3322758279868417,z-score
-1.194588446541056,0.13886685775810456,0.5233597476986375,z-score
-0.19934215517618978,-0.4654526789790414,-0.8142276902839333,z-score
0.980406122466655,-0.4444956057891801,0.3322758279868417,z-score
-1.1750738133770389,-0.5589006118912095,0.7526604513527925,z-score
0.8402555751978059,-0.4300661455600954,0.02654155644796836,z-score
-0.7759108622948734,0.09832694568591399,0.4469261798139192,z-score
0.7267158913344343,-0.48366128355383886,0.7908772352951516,z-score
-0.11950956495975663,-0.44483916436606313,0.2176254761597642,z-score
-0.988797769538695,-0.541035565893295,-0.6613605545144966,z-score
-1.1041115109624318,-0.3208145181113107,-0.4320598508603416,z-score
-0.4707729619120624,-0.26172244288743957,-0.04989201143674997,z-score
0.09337734228406486,0.17837609409964617,0.25584226010212335,z-score
-0.2933672058755444,3.832465117826925,0.17940869221740502,z-score
-0.6730155237936929,-0.5987534068096341,0.25584226010212335,z-score
-1.045567611470381,-0.34829920426194827,-0.39384306691798243,z-score
-1.1094336836435272,-0.3888391163341388,-0.47027663480270077,z-score
-0.3004634361170051,-0.5747043064278262,-0.011675227494390806,z-score
-0.7492999988893956,-0.4846919592844877,-0.20275914720618662,z-score
1.8461462119248628,0.736658781534474,-0.04989201143674997,z-score
2.4067484010002596,0.7820085136830262,0.10297512433268668,z-score
1.2411925838403366,0.1350877134123919,0.7526604513527925,z-score
1.512623390576209,-0.19335428608772842,-0.3556262829756233,z-score
1.070883058045279,-0.2067530705861643,0.86731080317987,z-score
-0.16918317664998173,-0.15281437401553785,0.37049261192920085,z-score
-0.9728312514954084,-0.10265482179062406,0.2940590440444825,z-score
-0.7901033227777948,0.21273195178794327,-0.04989201143674997,z-score
-0.06983595326953171,-0.22599235089161063,1.0201779389493066,z-score
1.0212094463550543,-0.5839803880036664,-0.5849269866297783,z-score
-0.9817015392972342,-0.49774718520604067,0.2176254761597642,z-score
-1.1555591802130218,0.10657235153110524,-0.5467102026874191,z-score
1.274899677487275,-0.7313670174864609,-1.9607312085547082,z-score
-1.0331492085478244,-0.8736002683160108,-1.9607312085547082,z-score
0.7462305244984512,-0.8770358540848405,-1.9607312085547082,z-score
-0.1283798527615825,-0.43762443425152076,-1.9607312085547082,z-score
0.5652766533412028,-0.4128882167159469,-1.9607312085547082,z-score
0.6593017040405575,-0.5286674571255081,-1.9607312085547082,z-score
-0.722689135483918,0.8812969424022048,-1.9607312085547082,z-score
1.558748887145704,0.31339461481465375,-1.9607312085547082,z-score
1.7024475495352833,0.8850760867479175,-1.9607312085547082,z-score
-0.1301539103219478,-0.600127641117166,0.86731080317987,z-score
0.3559378612181116,-0.4846919592844877,0.6762268834680741,z-score
-1.2016846767825164,-0.4867533107457856,-0.08810879537910914,z-score
0.04547778815420507,0.09248644987890343,-0.7760109063415741,z-score
1.7538952187858734,-0.4640784446715095,0.40870939587156,z-score
-0.5346390340852087,0.03133302319373456,-0.04989201143674997,z-score
-0.16918317664998173,0.6676035075809968,0.8290940192375108,z-score
1.9419453201845829,-0.4163238024847765,0.3322758279868417,z-score
2.110480788419275,0.036142843270096175,0.5233597476986375,z-score
0.15724341445721157,-0.4211336225611381,0.5233597476986375,z-score
-0.09822087423537462,0.5714071060537649,0.9055275871222291,z-score
0.9129919351727783,-0.43865510998216967,-0.08810879537910914,z-score
1.4576276062048887,-0.3988023150637451,-0.31740949903326415,z-score
1.4505313759634282,-0.11571004771217692,-0.16454236326382746,z-score
-0.4619026741102364,-0.18167329447370742,0.10297512433268668,z-score
-0.17982752201217275,3.8517043981323718,1.096611506834025,z-score
-1.1520110650922917,3.7929558814853834,-0.31740949903326415,z-score
0.4677034875211181,0.1282165418747324,-0.08810879537910914,z-score
-0.44771021362731506,3.883998904359371,-0.5849269866297783,z-score
-0.8539693949509414,4.338526901575541,-0.4320598508603416,z-score
0.10047357252552575,0.08321036830306323,-0.7377941223992149,z-score
0.40561147290833655,0.16669510248562527,0.37049261192920085,z-score
-0.14789448592559956,-0.4613299760564457,0.5997933155833558,z-score
0.03305938523164876,-0.5980662896558683,-0.7760109063415741,z-score
-0.8433250495887502,-0.5011827709748704,0.10297512433268668,z-score
0.008222579386536451,-0.4348759656364569,0.25584226010212335,z-score
0.8615442659221879,-0.5884466495031451,-0.3556262829756233,z-score
-0.15853883128779056,-0.6612810678023348,0.40870939587156,z-score
-0.20111621273655492,0.08870730553319077,0.2176254761597642,z-score
0.14482501153465527,-0.6434160218044204,-0.6231437705721374,z-score
-0.09467275911464401,-0.21534203500823856,-0.011675227494390806,z-score
0.009996636946901593,-0.43934222713593557,-0.08810879537910914,z-score
-0.8628396827527671,-0.5534036746610819,0.86731080317987,z-score
0.952021201500812,-0.44312137148164826,0.4469261798139192,z-score
0.13418066617246407,0.08561527834124404,-0.47027663480270077,z-score
-0.039676974743323656,-0.5032441224361682,-0.3556262829756233,z-score
-0.3412667600054042,-0.5008392123979875,0.4469261798139192,z-score
0.6451092435576361,-0.434532407059574,0.7144436674104333,z-score
0.015318809627997022,-0.5448147102390076,0.17940869221740502,z-score
-1.0508897841514764,0.1904006442905502,-0.5849269866297783,z-score
-1.1147558563246227,-0.457894390287616,-0.39384306691798243,z-score
-0.9444463305295655,-0.5657717834288689,0.86731080317987,z-score
0.44818885435710093,-0.552372998930433,0.17940869221740502,z-score
0.027737212550553333,0.1605110481017318,0.5615765316409966,z-score
-0.6925301569577099,-0.3998329907943939,-0.5849269866297783,z-score
0.7302640064551645,-0.5035876810130512,0.2940590440444825,z-score
-0.45480644386877583,-0.5029005638592853,-0.5084934187450599,z-score
0.4747997177625787,-0.5496245303153693,-0.31740949903326415,z-score
0.11289197544808206,3.326746892655192,0.25584226010212335,z-score
-0.8947727188393404,-0.45995574174891385,0.6762268834680741,z-score
-0.6038272789394509,-0.13701067947892115,0.37049261192920085,z-score
0.23175383199254912,-0.6355141745361119,0.5997933155833558,z-score
-0.2649822849097015,-0.4712931747860519,-0.1263255793214683,z-score
0.820740942033789,-0.6272687686909207,0.5233597476986375,z-score
-0.5736683004132429,-0.6437595803813033,0.10297512433268668,z-score
0.9200881654142389,-0.16209045559137805,-0.1263255793214683,z-score
0.22997977443218398,-0.434532407059574,-0.4320598508603416,z-score
0.7888079059472155,0.10519811722357339,0.14119190827504585,z-score
-1.13427048948864,-0.8509254022417349,1.3641289944305393,z-score
-1.0899190504795104,-0.8516125193955008,0.10297512433268668,z-score
2.1087067308589096,0.1467687050264128,0.7144436674104333,z-score
2.6178612506837164,0.18490370706042253,-0.39384306691798243,z-score
-0.9852496544179647,-0.8371830591664159,0.9819611550069475,z-score
-0.7794589774156037,0.07633919676540384,-0.20275914720618662,z-score
-0.7084966750009966,3.2769308990071613,1.096611506834025,z-score
0.2228835441907231,3.76478407818098,0.9819611550069475,z-score
0.08805516960296944,-0.20984509777811103,0.9437443710645883,z-score
-0.6322121999052939,-0.4389986685590526,0.86731080317987,z-score
-0.9515425607710261,-0.12120698494230446,0.2940590440444825,z-score
-0.6765636389144234,0.8386956788687163,-1.9607312085547082,z-score
1.3565063252640734,1.3104016049290357,-1.9607312085547082,z-score
-0.06096566546770568,0.37764006869176925,-1.9607312085547082,z-score
0.9555693166215427,1.5756288262826892,-1.9607312085547082,z-score
-0.35191110536759534,1.55261040163153,-1.9607312085547082,z-score
-0.09644681667500947,-0.6183362456919634,-1.9607312085547082,z-score
-0.4015847170578203,1.5921196379730718,-1.9607312085547082,z-score
-0.7759108622948734,0.32198357923672805,-1.9607312085547082,z-score
-0.19934215517618978,0.2890019558559628,-1.9607312085547082,z-score
1.480690354489636,0.6837507606944965,-1.9607312085547082,z-score
-0.7652665169326823,0.08698951264877589,1.058394722891666,z-score
-0.5239946887230178,-0.5434404759314758,1.5169961301999757,z-score
-1.0739525324362238,-0.5836368294267834,1.287695426545821,z-score
-0.9675090788143128,-0.5561521432761457,1.1730450747187433,z-score
-1.1626554104544828,0.05606924072930855,1.32591221048818,z-score
-0.89122460371861,0.6517998130443802,1.78451361779649,z-score
-1.2903875548007755,-0.44758763298112686,1.4023457783728983,z-score
-1.0526638417118415,-0.5441275930852417,1.096611506834025,z-score
0.011770694507266736,-0.5664589005826348,1.2112618586611026,z-score
-1.2868394396800453,-0.5668024591595178,1.0201779389493066,z-score
-0.9905718270990602,-0.5922257938488577,1.4405625623152574,z-score
-0.8663877978734975,0.7957508567583449,1.1730450747187433,z-score
-0.04322508986405394,-0.5812319193886026,1.1730450747187433,z-score
-0.6535008906296759,0.19177487859808207,1.593429698084694,z-score
-1.2779691518782195,-0.40979618952400015,1.287695426545821,z-score
-0.4317436955840283,-0.5458453859696566,1.32591221048818,z-score
-0.6020532213790857,0.03923487046204291,1.32591221048818,z-score
-1.1839441011788647,0.18387303132977384,1.4787793462576166,z-score
-0.2543379395475103,0.12031469460642416,1.2494786426034616,z-score
-1.254906403593472,0.595456206435573,1.3641289944305393,z-score
-0.21885678834020683,0.7029900409999429,1.822730401738849,z-score
-0.8894505461582448,-0.4321274970213932,1.1730450747187433,z-score
-0.12660579520121737,0.6985237795004642,1.1348282907763843,z-score
-0.4210993502218373,-0.5781398921966558,1.1348282907763843,z-score
-0.64463060282785,0.5370512483654678,1.287695426545821,z-score
-0.9426722729692004,-0.4255998840606167,1.0201779389493066,z-score
-0.0024217659756547187,0.09626559422461609,1.4023457783728983,z-score
-0.1940199824950942,0.7723888735303029,1.593429698084694,z-score
-0.28981909075481394,-0.5757349821584751,1.5169961301999757,z-score
-0.6286640847845634,0.687873463617092,1.32591221048818,z-score
2.5575432936313005,0.06534532230514875,0.638010099525715,z-score
2.2772421990936023,0.12409383895213681,1.058394722891666,z-score
2.1654765727905954,0.11859690172200915,1.2112618586611026,z-score
-0.7741368047345082,3.6307962331966213,0.9055275871222291,z-score
-0.6588230633107715,-0.4166673610616595,0.9819611550069475,z-score
-0.733333480846109,-0.398458756486862,0.9055275871222291,z-score
0.049025903274935355,-0.43762443425152076,0.2940590440444825,z-score
-0.06096566546770568,-0.42456920832996786,0.8290940192375108,z-score
-0.16563506152925128,0.12581163183655159,0.7908772352951516,z-score
-1.224747425067264,0.10932082014616908,-0.4320598508603416,z-score
0.5156030416509779,-0.3936489364105004,-0.47027663480270077,z-score
0.15369529933648096,-0.17067942001345232,1.096611506834025,z-score
-0.34658893268649976,0.2436522237074106,0.14119190827504585,z-score
-0.28449691807371835,-0.4022379008325747,0.3322758279868417,z-score
-0.10709116203720033,-0.13013950794126178,0.9819611550069475,z-score
0.40028930022724113,1.4076286821869164,-1.0435283939380882,z-score
-0.47254701947242755,0.12546807325966866,0.17940869221740502,z-score
-0.2153086732194764,-0.5774527750428899,1.0201779389493066,z-score
-0.7918773803381599,1.1719474984451983,-0.20275914720618662,z-score
-0.17982752201217275,-0.5272932228179762,-1.005311609995729,z-score
0.16611370225903727,1.197714391711421,-0.279192715090905,z-score
-0.49738382531754,-0.5637104319675712,1.287695426545821,z-score
-0.9728312514954084,-0.8894039628526275,-1.9607312085547082,z-score
-0.4991578828779053,-0.7042258899127062,-1.9607312085547082,z-score
-0.20821244297801567,-0.5527165575073161,-1.9607312085547082,z-score
-1.049115726591111,-0.8808149984305532,-1.9607312085547082,z-score
-0.6659192935522321,-0.7310234589095779,-1.9607312085547082,z-score
-0.6233419121034678,-0.8770358540848405,-1.9607312085547082,z-score
-1.1307223743679093,-0.5451582688158906,-1.9607312085547082,z-score
0.5830172289448545,-0.4359066413671059,-1.9607312085547082,z-score
-0.7918773803381599,-0.5427533587777099,0.14119190827504585,z-score
-0.6002791638187205,-0.5791705679273047,-0.5849269866297783,z-score
-0.8841283734771495,-0.5805448022348366,-0.3556262829756233,z-score
-0.32175212684138726,-0.2782132545778222,-0.04989201143674997,z-score
-0.456580501429141,-0.5149251140501893,0.2176254761597642,z-score
-0.880580258356419,-0.5685202520439328,0.40870939587156,z-score
-0.6996263871991707,-0.5228269613184976,0.06475834039032753,z-score
-0.6552749481900412,-0.3671949259905117,0.48514296375627836,z-score
-0.4689989043516971,-0.30363658926716214,0.3322758279868417,z-score
-0.8078438983814465,-0.5712687206589965,0.25584226010212335,z-score
-0.19579404005545933,-0.25588194708042916,0.25584226010212335,z-score
-0.7280113081650135,-0.5485938545847204,-1.234612313649884,z-score
-1.1520110650922917,-0.5509987646229011,-0.279192715090905,z-score
-0.586086703335799,-0.7251829631025675,-1.0435283939380882,z-score
-0.7209150779235528,-0.2575997399648439,-1.1199619618228065,z-score
-0.08048029863172255,-0.25794329854172693,-1.0435283939380882,z-score
-0.5009319404382705,-0.7798087768269598,0.25584226010212335,z-score
-0.7546221715704912,-0.24901077554276962,-0.1263255793214683,z-score
0.2104651412681668,-0.10128058748309221,-0.31740949903326415,z-score
0.2069170261474365,0.18009388698406092,0.5997933155833558,z-score
0.10402168764625604,-0.6317350301903993,-1.0435283939380882,z-score
0.17320993250049815,-0.660593950648569,-0.08810879537910914,z-score
0.685912567446035,0.06053550222878714,-0.279192715090905,z-score
-0.4689989043516971,-0.4654526789790414,0.3322758279868417,z-score
1.5552007720249736,-0.21980829650771716,0.7908772352951516,z-score
-0.2809488029529881,0.7029900409999429,0.2940590440444825,z-score
2.4209408614831815,-0.45445880451878634,-0.31740949903326415,z-score
0.6078540347899672,-0.09715788456049652,-0.1263255793214683,z-score
-0.5098022282400964,0.5387690412498828,1.7462968338541307,z-score
-0.8681618554338628,-0.5681766934670496,1.3641289944305393,z-score
-1.2389398855501854,0.5349898969041701,1.096611506834025,z-score
-0.03612885962259305,-0.5482502960078374,0.7144436674104333,z-score
0.35416380365774647,3.7465754736061827,0.48514296375627836,z-score
-0.8042957832607163,-0.5832932708499005,-0.31740949903326415,z-score
-1.18571815873923,-0.529698132856157,0.6762268834680741,z-score
-0.30223749367737024,4.1492261257130245,-0.9288780421110108,z-score
-1.1981365616617863,0.2512105123988359,1.058394722891666,z-score
-1.0366973236685548,-0.541722683047061,0.9437443710645883,z-score
-0.5115762858004614,0.09729626995526504,-0.39384306691798243,z-score
-0.172731291770712,1.420683908108469,1.32591221048818,z-score
-0.33949270244503904,0.238842403631049,-0.08810879537910914,z-score
0.3009420768467909,3.986035801693613,-0.011675227494390806,z-score
-0.0254845142604022,-0.5351950700862845,-0.39384306691798243,z-score
-0.8450991071491153,-0.5592441704680924,0.37049261192920085,z-score
-0.6056013364998161,3.8283424149043292,-0.1263255793214683,z-score
-1.2123290221447076,-0.41941582967672325,0.6762268834680741,z-score
-0.8717099705545931,-0.5980662896558683,-0.04989201143674997,z-score
0.11289197544808206,-0.5616490805062733,-1.1199619618228065,z-score
-0.8433250495887502,-0.7031952141820573,-0.5467102026874191,z-score
-0.47786919215352314,-0.6973547183750469,-0.6231437705721374,z-score
0.1430509539742901,-0.4706060576322859,-0.08810879537910914,z-score
0.21756137150962768,-0.4723238505167008,0.5233597476986375,z-score
2.0874180401345277,0.5913335035129774,0.638010099525715,z-score
1.9401712626242176,-0.4042992522938726,-0.31740949903326415,z-score
-0.6109235091809117,-0.4170109196385424,0.14119190827504585,z-score
-0.04499914742441908,-0.14594320247787834,0.7908772352951516,z-score
1.924204744580931,0.07015514238151037,0.9055275871222291,z-score
0.7533267547399121,-0.45239745305748846,0.2176254761597642,z-score
1.2802218501683706,0.7335667543425274,-0.2409759311485458,z-score
-0.7014004447595358,0.0364864018469792,0.6762268834680741,z-score
-0.6694674086729626,0.10176253145474363,0.3322758279868417,z-score
-0.6978523296388054,-0.5908515595413258,0.2176254761597642,z-score
-0.43529181070475875,-0.27202920019392873,-0.16454236326382746,z-score
-0.6517268330693107,-0.5200784927034338,0.638010099525715,z-score
-0.2348233063834934,-0.28920712903807727,0.10297512433268668,z-score
-0.2436935941853193,-0.3149740223043001,0.17940869221740502,z-score
1.0584646551227233,-0.457894390287616,0.5615765316409966,z-score
1.3086067711342135,-0.4444956057891801,-0.31740949903326415,z-score
1.9171085143394704,0.08973798126383972,0.06475834039032753,z-score
1.8425980968041324,0.6566096331207418,0.8290940192375108,z-score
0.5280214445735342,-0.4592686245951479,-0.8142276902839333,z-score
0.6681719918423833,-0.16312113132202688,-0.6231437705721374,z-score
-0.6233419121034678,-0.5623361976600392,1.1348282907763843,z-score
-0.8770321432356886,0.5741555746688288,1.3641289944305393,z-score
1.6332593046810413,-0.39605384644868125,0.48514296375627836,z-score
-0.35191110536759534,-0.5427533587777099,0.25584226010212335,z-score
0.8100965966715978,-0.4204465054073722,0.8290940192375108,z-score
1.381343131109186,-0.47438520197799866,0.5997933155833558,z-score
2.287886544455793,-0.5757349821584751,0.9819611550069475,z-score
0.78348573326612,-0.5455018273927736,0.25584226010212335,z-score
0.08095893936150855,-0.7210602601799718,1.0201779389493066,z-score
0.465929429960753,-0.600814758270932,-0.04989201143674997,z-score
-1.0704044173154934,-0.4379679928284037,-0.1263255793214683,z-score
-0.37497385365234265,-0.5104588525507106,0.14119190827504585,z-score
1.2678034472458144,-0.45239745305748846,-0.04989201143674997,z-score
0.9733098922251944,0.07359072815034,0.17940869221740502,z-score
0.43044827875344915,-0.47026249905540296,0.14119190827504585,z-score
0.9466990288197167,-0.21087577350875986,0.2176254761597642,z-score
0.047251845714570216,-0.6468516075732501,0.17940869221740502,z-score
-1.0313751509874594,0.09248644987890343,-0.4320598508603416,z-score
0.496088408486961,0.12271960464460496,-0.4320598508603416,z-score
1.0442721946398017,-0.47885146347747726,0.5615765316409966,z-score
1.0655608853641838,0.167725778216274,0.06475834039032753,z-score
0.952021201500812,-0.5104588525507106,0.25584226010212335,z-score
-0.9089651793222618,0.1484864979108278,0.25584226010212335,z-score
-1.2070068494636121,-0.4572072731338501,-0.5849269866297783,z-score
-0.8078438983814465,-0.5018698881286363,-0.16454236326382746,z-score
0.06321836375785682,0.11756622599136045,0.40870939587156,z-score
-0.9267057549259138,-0.5856981808880813,-0.1263255793214683,z-score
-0.2774006878322578,-0.44483916436606313,0.86731080317987,z-score
0.6184983801521584,-0.4506796601730736,-0.6613605545144966,z-score
0.5776950562637592,0.07668275534228673,-0.39384306691798243,z-score
2.073225579651606,-0.4204465054073722,-0.011675227494390806,z-score
0.9733098922251944,-0.11742784059659181,0.10297512433268668,z-score
0.6557535889198269,-0.20950153920122802,-0.1263255793214683,z-score
1.9454934353053133,0.09832694568591399,-0.16454236326382746,z-score
0.6468833011180013,0.13165212764356213,0.48514296375627836,z-score
-0.19579404005545933,0.18662149994483754,-0.011675227494390806,z-score
0.3719043792613982,-0.47782078774682835,-0.2409759311485458,z-score
-0.6357603150260241,1.4725612532177978,-1.9607312085547082,z-score
1.8390499816834023,0.937984107587895,-1.9607312085547082,z-score
1.2340963535988758,-0.6489129590345478,-1.9607312085547082,z-score
1.1453934755806168,0.8778613566333751,-1.9607312085547082,z-score
-0.7067226174406314,0.3882903845751414,-1.9607312085547082,z-score
-0.8309066466661938,1.3736163830755024,-1.9607312085547082,z-score
0.034833442792013905,-0.5970356139252193,1.4787793462576166,z-score
-0.018388284018941315,0.7218857627285062,1.32591221048818,z-score
-0.8149401286229073,-0.5458453859696566,1.555212914142335,z-score
-0.319978069281022,-0.28577154326924753,0.48514296375627836,z-score
-0.5062541131193659,-0.32562433818767217,-0.39384306691798243,z-score
-0.15676477372742542,0.028928113155553877,-0.08810879537910914,z-score
-0.664145235991867,-0.4372808756746378,0.5997933155833558,z-score
0.6681719918423833,0.1886828514061352,-0.20275914720618662,z-score
1.067334942924549,-0.3977716393330961,-0.04989201143674997,z-score
-1.027827035866729,-0.47782078774682835,0.5997933155833558,z-score
1.0229835039154194,0.14058465064251932,-0.4320598508603416,z-score
0.9679877195440987,-0.5637104319675712,0.25584226010212335,z-score
0.9644396044233684,-0.4809128149387751,-0.8142276902839333,z-score
-0.3253002419621176,-0.6035632268859956,-0.39384306691798243,z-score
-0.7138188476820921,-0.5685202520439328,-1.1963955297075248,z-score
-1.164429468014848,-0.31772249091936383,-1.1581787457651658,z-score
-0.011292053777480746,-0.5599312876218585,-0.5849269866297783,z-score
-0.2809488029529881,-0.2826795160773008,0.02654155644796836,z-score
-0.9249316973655485,-0.7870235069415022,0.06475834039032753,z-score
0.17675804762122846,-0.7674406680591729,-0.6231437705721374,z-score
2.3091752351801755,-0.21912117935395123,0.17940869221740502,z-score
1.8496943270455937,-0.19163649320331352,0.7908772352951516,z-score
0.02596315499018819,0.6088549909340089,0.9437443710645883,z-score
-0.3678776234108819,-0.21293712497005776,0.6762268834680741,z-score
2.378363480034417,-0.11124378621269834,0.40870939587156,z-score
1.136523187778791,0.10382388291604154,0.8290940192375108,z-score
0.13418066617246407,-0.22564879231472762,0.86731080317987,z-score
0.6220464952728887,0.028928113155553877,-0.1263255793214683,z-score
-0.8078438983814465,-0.13426221086385734,0.5233597476986375,z-score
-0.3536851629279605,-0.10780820044386857,-0.31740949903326415,z-score
-0.046773204984784225,-0.6520049862264947,-0.6995773384568558,z-score
0.8721886112843791,0.09970117999344585,-0.04989201143674997,z-score
-0.47786919215352314,-0.10231126321374104,0.40870939587156,z-score
-0.3111077814791961,-0.6629988606867497,-0.04989201143674997,z-score
-0.35191110536759534,0.23368902497780447,0.2940590440444825,z-score
-0.8557434525113065,3.7280233104545024,0.48514296375627836,z-score
-0.10531710447683519,0.2429651065536448,0.3322758279868417,z-score
-0.5417352643266695,0.1282165418747324,0.10297512433268668,z-score
-1.045567611470381,-0.21087577350875986,1.096611506834025,z-score
-0.8486472222698458,-0.2204954136614831,-0.20275914720618662,z-score
-1.077500647556954,-0.28061816461600303,-0.20275914720618662,z-score
-0.8202623013040029,-0.7622872894059283,-1.0817451778804474,z-score
-0.13725014056340853,-0.5633668733906881,0.2940590440444825,z-score
2.147735997186944,-0.4139188924465957,1.4023457783728983,z-score
1.1773265116671903,-0.4022379008325747,0.5997933155833558,z-score
2.9212250935061626,-0.4073912794858193,0.3322758279868417,z-score
2.70124195602088,0.1323392447973282,1.2494786426034616,z-score
0.3630340914595725,-0.7234651702181526,0.3322758279868417,z-score
0.3754524943821285,-0.528323898548625,0.48514296375627836,z-score
0.022415039869457906,-0.5812319193886026,-0.20275914720618662,z-score
-0.38739225657489884,-0.5544343503917308,1.2494786426034616,z-score
-0.8025217257003512,-0.5788270093504218,-0.6231437705721374,z-score
-0.969283136374678,3.962673818465571,-0.9670948260533699,z-score
0.2353019471132794,0.19692825725132657,-1.005311609995729,z-score
0.15369529933648096,0.18971352713678416,0.5233597476986375,z-score
-0.8131660710625421,0.1904006442905502,-0.16454236326382746,z-score
-0.3182040117206568,-0.5747043064278262,-0.04989201143674997,z-score
-0.6322121999052939,-0.5867288566187301,-0.5084934187450599,z-score
-0.6943042145180751,-0.24901077554276962,0.4469261798139192,z-score
-0.47609513459315783,-0.3352439783403954,0.5233597476986375,z-score
-1.0916931080398755,-0.5564957018530288,-0.47027663480270077,z-score
-1.0916931080398755,-0.5025570052824023,0.06475834039032753,z-score
-0.33949270244503904,0.6710390933498266,1.5169961301999757,z-score
-0.8397769344680199,0.6569531916976247,1.3641289944305393,z-score
-1.1537851226526568,0.07015514238151037,1.6316464820270533,z-score
-0.9976680573405209,-0.4572072731338501,1.096611506834025,z-score
-0.1940199824950942,-0.40498636944763855,1.096611506834025,z-score
-0.37497385365234265,0.17116136398510376,1.6698632659694124,z-score
-1.146688892411196,0.1931491129056139,1.0201779389493066,z-score
-0.3004634361170051,0.7631127919544628,1.2494786426034616,z-score
1.0886236336489312,1.3622789500383639,-1.9607312085547082,z-score
2.3872337678362427,-0.6255509758065059,-1.9607312085547082,z-score
2.6586645745721156,1.6237270270463053,-1.9607312085547082,z-score
2.059033119168685,0.2515540709757191,-1.9607312085547082,z-score
1.4558535486445232,1.4199967909547033,-1.9607312085547082,z-score
0.24772035003583573,0.8998491055538852,-1.9607312085547082,z-score
-1.2584545187142024,0.15741902090978496,1.096611506834025,z-score
-1.2442620582312809,0.7909410366819833,1.4023457783728983,z-score
-0.555927724809591,0.6933704008472197,1.822730401738849,z-score
-0.5577017823699562,-0.5520294403535501,0.7908772352951516,z-score
0.3931930699857806,-0.45274101163437147,0.7526604513527925,z-score
0.5120549265302476,-0.5750478650047092,0.37049261192920085,z-score
1.984522701633347,-0.7145326472191953,0.40870939587156,z-score
2.9354175539890837,-0.7275878731407481,0.9437443710645883,z-score
3.130563885629254,-0.7169375572573761,0.37049261192920085,z-score
1.690029146612727,-0.4073912794858193,1.2494786426034616,z-score
-0.24014547906458886,-0.4252563254837338,0.7526604513527925,z-score
2.06435529184978,-0.39227470210296855,0.17940869221740502,z-score
2.3801375375947824,-0.399145873640628,0.9437443710645883,z-score
-1.136044547049005,-0.7080050342584188,-1.9607312085547082,z-score
0.8881551293276657,-0.8828763498918512,-1.9607312085547082,z-score
-0.030806686941497626,-0.5626797562369222,-1.9607312085547082,z-score
0.9910504678288462,-0.38265506195024535,-1.9607312085547082,z-score
0.09337734228406486,-0.7214038187568547,-1.9607312085547082,z-score
-0.46545078923096683,-0.3716611874899903,-1.9607312085547082,z-score
-0.13902419812377367,-0.3895262334879049,-1.9607312085547082,z-score
0.26368686807912234,-0.42388209117620196,0.5615765316409966,z-score
0.9129919351727783,-0.15556284263060155,-0.011675227494390806,z-score
2.316271465421636,-0.3974280807562131,0.02654155644796836,z-score
2.3801375375947824,0.03133302319373456,-0.08810879537910914,z-score
1.8993679387358182,0.12100181176018997,0.37049261192920085,z-score
-0.2277270761420327,-0.44930542586554173,1.6698632659694124,z-score
-0.15853883128779056,-0.47369808482423265,1.6698632659694124,z-score
-0.7510740564497609,-0.5788270093504218,1.0201779389493066,z-score
-0.49738382531754,-0.4513667773268396,1.822730401738849,z-score
-0.9089651793222618,-0.5681766934670496,1.822730401738849,z-score
0.7001050279289565,-0.11674072344282588,0.17940869221740502,z-score
1.1489415907013474,-0.09509653309919874,0.5997933155833558,z-score
2.073225579651606,-0.19988189904850479,-0.08810879537910914,z-score
0.7480045820588166,0.5329285454428722,0.86731080317987,z-score
0.2778793285620438,0.5401432755574146,0.7526604513527925,z-score
2.0430666011253984,-0.17514568151293092,-0.16454236326382746,z-score
-0.046773204984784225,0.6892476979246239,-0.31740949903326415,z-score
2.153058169868039,-0.4211336225611381,-0.20275914720618662,z-score
1.067334942924549,-0.4379679928284037,-1.9607312085547082,z-score
0.21578731394926254,-0.5362257458169334,-1.9607312085547082,z-score
1.0087910434324978,-0.5386306558551142,-1.9607312085547082,z-score
1.2074854901933982,-0.4156366853310106,-1.9607312085547082,z-score
1.1028160941318526,-0.5465325031234225,-1.9607312085547082,z-score
-0.3057856087981005,-0.884250584199383,-1.9607312085547082,z-score
-0.5435093218870348,-0.552372998930433,1.096611506834025,z-score
-0.7315594232857439,-0.45033610159619064,1.1730450747187433,z-score
-0.6659192935522321,0.08561527834124404,1.4787793462576166,z-score
-0.5488314945681303,-0.565428224851986,1.1348282907763843,z-score
-0.19047186737436392,0.028584554578670852,-0.16454236326382746,z-score
-0.3767479112127078,0.05022874492229799,0.40870939587156,z-score
-0.8646137403131324,0.1165355502607115,0.5615765316409966,z-score
0.7799376181453898,0.07599563818852081,-0.6995773384568558,z-score
1.0637868278038185,0.10588523437733932,-0.08810879537910914,z-score
-0.6038272789394509,-0.6265816515371547,-0.011675227494390806,z-score
0.7249418337740691,0.04060910476957488,0.5233597476986375,z-score
0.5510841928582814,-0.17274077147475012,-0.1263255793214683,z-score
0.07386270912004798,-0.44037290286658454,-1.005311609995729,z-score
0.7586489274210074,-0.4039556937169896,0.3322758279868417,z-score
-1.068630359755128,0.11756622599136045,0.3322758279868417,z-score
0.870414553724014,-0.4084219552164682,-0.8142276902839333,z-score
-0.1283798527615825,0.20002028444327344,-0.16454236326382746,z-score
-1.1839441011788647,-0.48709686932266855,-0.279192715090905,z-score
0.361260033899207,0.77204531495342,0.37049261192920085,z-score
1.8230834636401156,-0.14456896817034648,-0.16454236326382746,z-score
-0.6144716243016419,0.19898960871262447,0.7908772352951516,z-score
2.0093595074784596,0.15673190375601892,0.2940590440444825,z-score
1.649225822724328,-0.16690027566773966,0.7908772352951516,z-score
1.716640010018205,-0.41082686525464895,0.37049261192920085,z-score
1.159585936063538,0.12443739752901972,1.32591221048818,z-score
0.9591174317422729,-0.39227470210296855,0.37049261192920085,z-score
0.5812431713844894,-0.7296492246020461,1.0201779389493066,z-score
0.8136447117923281,-0.41426245102347875,1.1348282907763843,z-score
0.40206335778760627,0.17116136398510376,-0.011675227494390806,z-score
-0.25256388198714513,-0.4974036266291577,-0.7760109063415741,z-score
0.5564063655393772,0.061909736536318996,-0.08810879537910914,z-score
-0.7865552076570643,0.057099916459957385,0.4469261798139192,z-score
0.0011263491450755662,-0.5468760617003054,0.4469261798139192,z-score
0.664623876721653,-0.43247105559827625,0.25584226010212335,z-score
-1.2034587343428818,-0.5719558378127624,-0.04989201143674997,z-score
-0.08048029863172255,-0.8804714398536704,-1.9607312085547082,z-score
-1.0650822446343977,-0.42800479409879755,-1.9607312085547082,z-score
1.1684562238653642,-0.884250584199383,-1.9607312085547082,z-score
0.08628111204260429,-0.8739438268928938,-1.9607312085547082,z-score
1.1791005692275554,-0.4506796601730736,-1.9607312085547082,z-score
-0.633986257465659,0.18318591417600777,-0.2409759311485458,z-score
1.0513684248812623,0.09660915280149912,0.5997933155833558,z-score
0.018866924748727306,0.10760302726175419,0.06475834039032753,z-score
0.7870338483868504,0.03854775330827698,0.5615765316409966,z-score
-0.4583545589895061,-0.5671460177364008,-0.8142276902839333,z-score
1.136523187778791,-0.576422099312241,-0.39384306691798243,z-score
-1.2673248065160283,0.08458460261059508,1.555212914142335,z-score
-0.172731291770712,0.773075990684069,1.2494786426034616,z-score
-0.7422037686479349,0.03270725750126654,1.1730450747187433,z-score
-0.6570490057504063,0.09111221557137157,1.7462968338541307,z-score
-0.13902419812377367,-0.5719558378127624,1.4023457783728983,z-score
-1.2016846767825164,0.167725778216274,1.5169961301999757,z-score
-0.2224049034609371,0.17356627402328456,1.058394722891666,z-score
-0.7776849198552385,-0.5757349821584751,1.5169961301999757,z-score
1.22522606579705,-0.4568637145569671,-1.9607312085547082,z-score
-0.9302538700466441,-0.3981151979099791,-1.9607312085547082,z-score
0.5493101352979163,-0.7241522873719185,-1.9607312085547082,z-score
0.2778793285620438,-0.8866554942375638,-1.9607312085547082,z-score
-0.19579404005545933,0.09317356703266935,-0.011675227494390806,z-score
-0.5204465736022873,0.24468289943805954,0.7908772352951516,z-score
-0.2703044575907971,-0.29332983196067297,-0.5084934187450599,z-score
-0.9763793666161387,-0.3582624029915545,0.06475834039032753,z-score
-0.4814173072742534,-0.26584514581003527,0.2940590440444825,z-score
-0.7102707325613616,-0.3888391163341388,0.2940590440444825,z-score
-0.7652665169326823,-0.4709496162091689,-0.3556262829756233,z-score
-0.8592915676320368,-0.33490041976351237,-0.6231437705721374,z-score
-0.6623711784315018,-0.2871457775767795,-0.08810879537910914,z-score
-0.6889820418369795,-0.399489432217511,0.25584226010212335,z-score
0.31868265245044297,-0.5547779089686139,-0.47027663480270077,z-score
-0.9178354671240877,-0.5575263775836777,0.7908772352951516,z-score
-0.7067226174406314,0.16154172383238052,0.6762268834680741,z-score
1.076205230726375,-0.4706060576322859,-0.31740949903326415,z-score
-0.4689989043516971,-0.5901644423875598,0.10297512433268668,z-score
-0.38207008389380337,-0.42456920832996786,-0.279192715090905,z-score
0.2619128105187572,-0.5465325031234225,0.7908772352951516,z-score
-0.4459361560669498,-0.7746553981737152,0.2176254761597642,z-score
-0.6464046603882151,-0.7090357099890677,-0.20275914720618662,z-score
-0.3785219687730729,-0.7231216116412695,0.3322758279868417,z-score
-1.1431407772904656,-0.7234651702181526,0.14119190827504585,z-score
0.08095893936150855,-0.6918577811449192,-1.005311609995729,z-score
-1.0349232661081897,-0.30398014784404503,0.25584226010212335,z-score
0.20869108370780165,-0.7760296324812472,-1.0435283939380882,z-score
-0.486739479955349,-0.7248394045256844,-1.2728290975922432,z-score
-0.6038272789394509,-0.7282749902945143,-1.1199619618228065,z-score
-0.0024217659756547187,-0.5705816035052305,-1.0435283939380882,z-score
-0.6038272789394509,-0.5224834027416145,-1.9607312085547082,z-score
-0.12305768008048708,-0.3850599719884262,-1.9607312085547082,z-score
0.5812431713844894,-0.7014774212976425,-1.9607312085547082,z-score
0.8846070142069354,-0.5822625951192516,-1.9607312085547082,z-score
1.1134604394940435,-0.4180415953691914,-1.9607312085547082,z-score
-0.2277270761420327,-0.540692007316412,-1.9607312085547082,z-score
-0.869935912994228,-0.11055666905893241,0.638010099525715,z-score
-0.11950956495975663,-0.22118253081524902,-0.08810879537910914,z-score
-0.5931829335772597,-0.16243401416826095,1.1730450747187433,z-score
-1.116529913884988,-0.7908026512872149,-0.1263255793214683,z-score
-0.32175212684138726,-0.7767167496350131,0.25584226010212335,z-score
-0.9852496544179647,-0.7633179651365772,-1.1581787457651658,z-score
-0.6925301569577099,-0.7804958939807258,-1.1963955297075248,z-score
-0.039676974743323656,-0.5623361976600392,1.4023457783728983,z-score
-0.05032132010551451,0.0732471695734571,1.096611506834025,z-score
-0.9302538700466441,0.15673190375601892,1.32591221048818,z-score
-0.6570490057504063,-0.45033610159619064,1.5169961301999757,z-score
-1.2513582884727417,-0.4668269132865733,1.4787793462576166,z-score
-0.39448848681635956,-0.5516858817766671,1.822730401738849,z-score
0.7675192152228335,0.09901406283967992,-0.47027663480270077,z-score
1.0424981370794366,-0.4455262815198291,0.2176254761597642,z-score
-0.9373501002881048,-0.46029930032579686,-0.5849269866297783,z-score
-0.03258074450186277,-0.42903546982944646,0.2940590440444825,z-score
-0.1017689893561049,-0.3970845221793302,-0.08810879537910914,z-score
-0.4743210770327927,-0.11639716486594286,0.10297512433268668,z-score
1.9437193777449477,0.548388681402606,-0.011675227494390806,z-score
0.8846070142069354,-0.4073912794858193,0.7526604513527925,z-score
0.7657451576624683,-0.16896162712903745,-0.20275914720618662,z-score
1.1329750726580607,-0.40155078367880875,0.06475834039032753,z-score
0.49431435092659554,-0.44346493005853127,0.9437443710645883,z-score
0.04370373059383993,0.7057385096150066,-1.9607312085547082,z-score
2.273694083972871,0.38279344734501397,-1.9607312085547082,z-score
-0.9958939997801556,0.1996767258663903,1.1348282907763843,z-score
-0.5807645306547036,0.1165355502607115,1.287695426545821,z-score
-0.6588230633107715,0.1790632112534122,1.2494786426034616,z-score
-0.8965467763997057,0.16222884098614657,1.096611506834025,z-score
-0.6872079842766143,-0.5853546223111982,1.4023457783728983,z-score
-0.03790291718295851,0.6514562544674973,1.822730401738849,z-score
-0.5825385882150688,-0.541379124470178,0.5997933155833558,z-score
0.7213937186533388,-0.6015018754246979,0.25584226010212335,z-score
0.8083225391112328,-0.43762443425152076,0.5615765316409966,z-score
0.14482501153465527,-0.5011827709748704,0.7526604513527925,z-score
0.48544406312476984,0.06053550222878714,-0.1263255793214683,z-score
0.8455777478789013,-0.3970845221793302,-0.279192715090905,z-score
0.22997977443218398,-0.48709686932266855,0.6762268834680741,z-score
-0.8096179559418119,-0.4173544782154255,-0.2409759311485458,z-score
1.1134604394940435,-0.5527165575073161,-0.279192715090905,z-score
-1.2194252523861684,0.09798338710903097,1.058394722891666,z-score
-0.2064383854176505,-0.5558085846992626,1.1348282907763843,z-score
-0.7368815959668394,0.7761680178760156,1.0201779389493066,z-score
-0.3554592204883256,0.16016748952484866,1.1730450747187433,z-score
0.06499242131822196,0.5501064742870208,1.096611506834025,z-score
-0.7173669628028224,-0.5774527750428899,1.2112618586611026,z-score
-0.3377186448846739,0.595456206435573,1.096611506834025,z-score
-0.7563962291308564,-0.45892506601826494,1.4787793462576166,z-score
-0.26675634247006663,0.13680550629680666,0.4469261798139192,z-score
-0.31465589659992654,-0.4369373170977548,-1.005311609995729,z-score
-1.0349232661081897,-0.6664344464555794,0.6762268834680741,z-score
-0.07693218351099228,-0.126703922172432,-0.31740949903326415,z-score
0.8402555751978059,-0.4438084886354142,0.5997933155833558,z-score
0.24417223491510542,-0.622115390037676,0.638010099525715,z-score
0.7692932727831986,0.12134537033707311,-0.7377941223992149,z-score
0.41270770314979743,-0.6547534548415584,0.5997933155833558,z-score
0.20159485346634107,-0.12258121924983632,-0.6231437705721374,z-score
0.6202724377125235,-0.6300172373059846,-0.9670948260533699,z-score
0.7409083518173557,0.19933316728950737,-0.9670948260533699,z-score
0.4162558182705277,-0.20572239485551536,-0.4320598508603416,z-score
-0.5346390340852087,-0.4427778129047653,-0.2409759311485458,z-score
-0.8433250495887502,-0.4166673610616595,0.86731080317987,z-score
-0.15853883128779056,-0.20984509777811103,-0.011675227494390806,z-score
-0.023710456700037057,0.23471970070845344,1.096611506834025,z-score
-0.7705886896137778,-0.11811495775035773,-0.011675227494390806,z-score
-1.0704044173154934,3.771655249718639,0.02654155644796836,z-score
-1.010086460263077,0.1079465858386371,-0.011675227494390806,z-score
-0.3306224146432132,0.16085460667861473,0.37049261192920085,z-score
0.18208022030232388,0.14745582218017883,0.9055275871222291,z-score
-0.4264215229029329,-0.22152608939213206,-0.20275914720618662,z-score
-0.703174502319901,-0.4118575409852979,0.638010099525715,z-score
-0.39626254437672487,0.7352845472269421,0.3322758279868417,z-score
2.4032002858795294,0.5872108005903816,-0.31740949903326415,z-score
-0.2880450331944488,-0.5936000281563896,-0.5084934187450599,z-score
-0.2827228605133532,-0.31875316665001274,-0.39384306691798243,z-score
-1.1129817987642576,-0.42250785686867,-0.6995773384568558,z-score
0.3080383070882518,-0.4022379008325747,0.2176254761597642,z-score
-0.28981909075481394,-0.44758763298112686,1.058394722891666,z-score
2.711886301383071,-0.5441275930852417,0.7908772352951516,z-score
-0.029032629381132484,-0.5960049381945703,1.1730450747187433,z-score
0.554632307979012,-0.4218207397149041,-0.4320598508603416,z-score
-0.575442357973608,0.09832694568591399,0.37049261192920085,z-score
2.099836443057084,-0.4747287605548816,1.2494786426034616,z-score
-0.41222906242001145,-0.5757349821584751,1.32591221048818,z-score
0.6007578045485066,3.9664529628112843,-0.9670948260533699,z-score
0.3754524943821285,4.217594282512736,0.9437443710645883,z-score
-0.6659192935522321,0.07977478253423347,0.8290940192375108,z-score
-0.6925301569577099,-0.4276612355219146,0.5615765316409966,z-score
-1.214103079705073,-0.552372998930433,0.7908772352951516,z-score
0.5617285382204725,0.07805698964981872,1.058394722891666,z-score
-0.19579404005545933,0.7208550869978573,1.6698632659694124,z-score
0.0383815579127445,0.6353090013539975,1.6698632659694124,z-score
1.0300797341568801,0.15260920083342336,-0.1263255793214683,z-score
0.14127689641392496,-0.5901644423875598,0.7908772352951516,z-score
0.3754524943821285,-0.457894390287616,0.5997933155833558,z-score
0.3435194582955553,-0.564053990544454,0.5233597476986375,z-score
3.7692246073607176,-0.399489432217511,0.638010099525715,z-score
0.12531037837063805,-0.5894773252337939,0.7526604513527925,z-score
1.3458619799018825,-0.4218207397149041,1.287695426545821,z-score
0.9768580073459247,-0.4022379008325747,0.9055275871222291,z-score
2.385459710275878,-0.5540907918148479,1.3641289944305393,z-score
1.652773937845058,-0.4613299760564457,0.2940590440444825,z-score
3.2636182026566423,0.048167393461000206,0.3322758279868417,z-score
-1.263776691395298,3.939998952391295,1.287695426545821,z-score
-1.1058855685227968,1.2880702974316423,0.9437443710645883,z-score
-0.8291325891058288,3.567925013627038,-0.2409759311485458,z-score
-0.7670405744930475,-0.5863852980418471,-0.31740949903326415,z-score
-1.116529913884988,-0.5767656578891239,1.32591221048818,z-score
-0.6605971208711365,4.121054322408621,1.058394722891666,z-score
0.06854053643895255,1.2640211970498343,-0.9670948260533699,z-score
-0.4317436955840283,0.72463423134357,1.287695426545821,z-score
-0.16563506152925128,0.07187293526592524,1.0201779389493066,z-score
-0.7368815959668394,0.6198488653942639,1.555212914142335,z-score
-0.4015847170578203,-0.5953178210408044,1.593429698084694,z-score
-0.7528481140101261,-0.4706060576322859,1.058394722891666,z-score
-1.1112077412038923,0.07530852103475488,1.096611506834025,z-score
-0.9160614095637226,-0.7217473773337377,-1.9607312085547082,z-score
-0.06273972302807082,-0.7214038187568547,-1.9607312085547082,z-score
1.2003892599519375,-0.5506552060460181,-1.9607312085547082,z-score
-0.020162341579306457,-0.883219908468734,-1.9607312085547082,z-score
-0.12128362252012179,-0.7049130070664722,-1.9607312085547082,z-score
0.6610757616009227,-0.8749745026235428,-1.9607312085547082,z-score
-0.9036430066411663,0.16016748952484866,0.17940869221740502,z-score
-0.15321665860669514,3.3518266687676492,0.7144436674104333,z-score
-0.5399612067663043,-0.41872871252295735,0.7144436674104333,z-score
-0.8610656251924019,0.15913681379419972,0.9819611550069475,z-score
-0.7404297110875697,-0.5358821872400504,-0.47027663480270077,z-score
-0.6818858115955188,3.6390416390418125,-0.9288780421110108,z-score
-1.2939356699215059,1.2516530882820474,-0.04989201143674997,z-score
-0.3111077814791961,0.23334546640092158,-0.4320598508603416,z-score
-0.89122460371861,0.10004473857032875,0.2940590440444825,z-score
-0.8309066466661938,3.6740846138838763,-0.279192715090905,z-score
0.5972096894277761,1.2921930003542381,-0.8524444742262924,z-score
0.03305938523164876,-0.5777963336197729,-0.6231437705721374,z-score
0.5865653440655851,-0.5087410596662958,0.5997933155833558,z-score
-0.41932529266147217,-0.40052010794815984,0.7144436674104333,z-score
0.9218622229746041,-0.458237948864499,0.2176254761597642,z-score
0.5918875167466806,-0.4537716873650203,-0.5467102026874191,z-score
0.7692932727831986,0.03202014034750061,0.2176254761597642,z-score
0.4925402933662304,-0.4654526789790414,0.14119190827504585,z-score
0.9165400502935086,-0.5767656578891239,0.5233597476986375,z-score
-0.8433250495887502,-0.46991894047852,-0.7377941223992149,z-score
-0.05032132010551451,-0.8766922955079577,-1.9607312085547082,z-score
0.11111791788771692,-0.5375999801244653,-1.9607312085547082,z-score
-0.586086703335799,-0.7214038187568547,-1.9607312085547082,z-score
1.017661331234324,-0.37303542179752225,-1.9607312085547082,z-score
-0.7084966750009966,-0.5252318713566783,-1.9607312085547082,z-score
0.9342806258971603,-0.7317105760633439,-1.9607312085547082,z-score
-0.6854339267162493,-0.3891826749110218,-1.9607312085547082,z-score
3.753258089317432,-0.6025325511553468,0.9819611550069475,z-score
1.8798533055718014,-0.5901644423875598,1.2112618586611026,z-score
3.073794043697568,-0.3988023150637451,0.9819611550069475,z-score
1.5889078656719118,-0.5788270093504218,1.1730450747187433,z-score
1.6971253768541876,1.584904907858529,-1.9607312085547082,z-score
0.78348573326612,0.8143030199100253,-1.9607312085547082,z-score
2.2399869903259333,-0.6684957979168772,-1.9607312085547082,z-score
0.3860968397443197,0.8761435637489603,-1.9607312085547082,z-score
4.113391774071563,-0.706630799950887,0.02654155644796836,z-score
4.413207501773279,-0.6925448982986853,-0.6231437705721374,z-score
0.3719043792613982,-0.836839500589533,-0.16454236326382746,z-score
0.78348573326612,-0.37509677325882,-1.9607312085547082,z-score
-0.7528481140101261,-0.5558085846992626,-1.9607312085547082,z-score
-0.9231576398051833,-0.5839803880036664,-1.9607312085547082,z-score
0.15724341445721157,-0.3939924949873834,-1.9607312085547082,z-score
-1.0420194963496503,-0.3884955577572559,-1.9607312085547082,z-score
0.7480045820588166,-0.5499680888922522,-1.9607312085547082,z-score
1.069109000484914,0.051946537806712864,0.14119190827504585,z-score
-1.0615341295136675,0.1484864979108278,-0.6995773384568558,z-score
-0.17982752201217275,-0.5733300721202943,0.7908772352951516,z-score
-1.2176511948258033,-0.46579623755592436,0.5997933155833558,z-score
-0.5736683004132429,-0.457894390287616,-0.6613605545144966,z-score
1.352958210143343,-0.7214038187568547,0.7526604513527925,z-score
0.4747997177625787,-0.7275878731407481,0.10297512433268668,z-score
4.682864250948786,0.09008153984072262,-0.20275914720618662,z-score
2.062581234289415,-0.8440542307040754,0.37049261192920085,z-score
-0.13902419812377367,3.5988452855465045,1.058394722891666,z-score
-0.9036430066411663,-0.10986955190516648,0.5997933155833558,z-score
-0.018388284018941315,0.24708780947624037,-0.04989201143674997,z-score
-0.48319136483461855,0.07152937668904222,0.2176254761597642,z-score
-0.023710456700037057,3.7713116911417566,0.48514296375627836,z-score
-0.29691532099627466,-0.10609040755945383,1.096611506834025,z-score
-0.8823543159167843,-0.11296157909711321,0.7144436674104333,z-score
-0.5718942428528776,3.7166858774173637,0.02654155644796836,z-score
3.682295786902825,-0.5949742624639214,0.86731080317987,z-score
3.5102122035474026,-0.4249127669068508,1.0201779389493066,z-score
3.4339277284517,-0.7011338627207595,0.37049261192920085,z-score
1.017661331234324,0.07702631391916977,0.8290940192375108,z-score
2.930095381307988,0.0550385649986596,0.9055275871222291,z-score
2.0554850040479544,-0.5695509277745816,1.096611506834025,z-score
-0.9036430066411663,-0.5499680888922522,-0.279192715090905,z-score
-0.3182040117206568,-0.6973547183750469,-0.3556262829756233,z-score
0.18385427786268901,-0.20606595343239825,-0.39384306691798243,z-score
-0.811392013502177,-0.268937173001982,-0.3556262829756233,z-score
0.27255715588094803,1.4258372867617137,-0.7760109063415741,z-score
0.04370373059383993,1.2416898895524413,-0.9288780421110108,z-score
2.718982531624532,0.05229009638359589,0.5233597476986375,z-score
0.18562833542305449,0.16188528240926367,1.3641289944305393,z-score
-0.18514969469326834,-0.30260591353651317,-1.234612313649884,z-score
-0.26675634247006663,-0.2819923989235349,0.02654155644796836,z-score
-0.48851353751571414,-0.7767167496350131,0.40870939587156,z-score
-0.2703044575907971,-0.6210847143070273,0.5997933155833558,z-score
-0.5985051062583553,0.028240996001787828,0.06475834039032753,z-score
0.5794691138241242,-0.4451827229429461,-0.279192715090905,z-score
-0.46545078923096683,-0.4575508317107331,0.48514296375627836,z-score
0.465929429960753,0.038891311885160006,0.5233597476986375,z-score
-0.6588230633107715,-0.43075326271386133,0.8290940192375108,z-score
0.7692932727831986,-0.41907227109984035,0.7144436674104333,z-score
0.25126846515656603,-0.4733545262473497,0.7908772352951516,z-score
-0.9089651793222618,-0.4623606517870946,-0.6231437705721374,z-score
-1.0118605178234423,-0.5705816035052305,0.2940590440444825,z-score
-1.23716582798982,-0.41082686525464895,0.40870939587156,z-score
0.7657451576624683,-0.7128148543347804,0.14119190827504585,z-score
3.416187152848048,-0.040814277951689265,1.32591221048818,z-score
-0.949768503210661,-0.15281437401553785,0.37049261192920085,z-score
0.017092867188362164,-0.16209045559137805,-0.5467102026874191,z-score
-0.5985051062583553,0.07943122395735057,0.17940869221740502,z-score
0.8721886112843791,0.19933316728950737,-0.9288780421110108,z-score
0.5031846387284216,-0.4396857857128186,-0.08810879537910914,z-score
-0.1337020254426781,0.10416744149292444,-0.7377941223992149,z-score
0.6876866250064005,0.04748027630723428,-0.8524444742262924,z-score
0.723167776213704,-0.45033610159619064,0.2940590440444825,z-score
-0.5044800555590008,-0.40945263094711715,-0.9288780421110108,z-score
0.8260631147148845,-0.6217718314607932,0.14119190827504585,z-score
0.2619128105187572,0.09695271137838202,0.02654155644796836,z-score
-0.3359445873243086,-0.5705816035052305,1.7080800499117716,z-score
-0.1674091190896166,0.5562905286709142,1.32591221048818,z-score
-0.7954254954588904,-0.4211336225611381,1.822730401738849,z-score
-0.4619026741102364,0.7074563024994214,1.32591221048818,z-score
0.047251845714570216,-0.564053990544454,1.1730450747187433,z-score
-0.6268900272241983,-0.40532992802452145,1.6698632659694124,z-score
-0.2561119971078756,-0.6028761097322298,1.6316464820270533,z-score
-0.3643295082901515,0.1670386610625082,1.4405625623152574,z-score
-0.07870624107135742,-0.5506552060460181,1.4787793462576166,z-score
-0.6552749481900412,-0.42869191125256345,1.5169961301999757,z-score
-1.0562119568325719,0.1835294727528907,1.3641289944305393,z-score
-1.254906403593472,0.1357748305661577,1.2494786426034616,z-score
0.0543480759560311,0.6359961185077635,1.6316464820270533,z-score
-1.2744210367574889,-0.5970356139252193,1.287695426545821,z-score
-0.1017689893561049,-0.45892506601826494,1.1730450747187433,z-score
0.7267158913344343,-0.4159802439078936,0.17940869221740502,z-score
-0.36255545072978634,-0.14182049955528278,-0.2409759311485458,z-score
0.4162558182705277,-0.2046917191248664,-0.8142276902839333,z-score
-0.20466432785728536,-0.4472440744042439,0.6762268834680741,z-score
-0.5239946887230178,0.14024109206563642,-0.011675227494390806,z-score
-0.4033587746181856,-0.47713367059306244,0.5615765316409966,z-score
-0.9834755968575994,-0.4541152459419034,0.48514296375627836,z-score
-0.3927144292559944,-0.12842171505684688,0.9437443710645883,z-score
3.362965426037092,-0.6980418355288127,1.4023457783728983,z-score
0.9733098922251944,-0.5506552060460181,0.2940590440444825,z-score
-0.08048029863172255,-0.7107535028734826,0.7908772352951516,z-score
0.6078540347899672,-0.43350173132892506,0.40870939587156,z-score
-0.5027059979986356,0.7304747271505805,1.3641289944305393,z-score
-0.0858024713128183,0.570032871746233,1.593429698084694,z-score
-0.900094891520436,-0.4389986685590526,1.2112618586611026,z-score
-0.8131660710625421,-0.5544343503917308,1.096611506834025,z-score
-0.43529181070475875,-0.7859928312108533,-0.8906612581686516,z-score
-1.03847138122892,-0.2943605076913218,-1.005311609995729,z-score
-0.13192796788231295,-0.5496245303153693,-1.1963955297075248,z-score
0.027737212550553333,-0.7756860739043642,-0.2409759311485458,z-score
1.8745311328907057,-0.1215505435191875,1.2112618586611026,z-score
-0.016614226458576173,0.11069505445370093,1.2112618586611026,z-score
2.357074789310035,0.6658857146965819,0.7908772352951516,z-score
1.2890921379701963,0.678597382041252,0.10297512433268668,z-score
0.7959041361886764,0.2543025395907828,-1.9607312085547082,z-score
2.385459710275878,0.22578717770949625,-1.9607312085547082,z-score
1.7521211612255085,0.6961188694622834,-1.9607312085547082,z-score
1.9313009748223915,0.902941132745832,-1.9607312085547082,z-score
0.3860968397443197,-0.6640295364173986,-1.9607312085547082,z-score
2.70124195602088,-0.6537227791109095,-1.9607312085547082,z-score
-0.408680947299281,1.566352744706849,-1.9607312085547082,z-score
-0.46545078923096683,-0.7719069295586515,-0.39384306691798243,z-score
-0.6286640847845634,-0.6935755740293341,0.02654155644796836,z-score
-0.958638791012487,-0.7739682810199493,-0.9288780421110108,z-score
0.22643165931145337,-0.29023780476872624,-0.9670948260533699,z-score
-0.172731291770712,-0.7798087768269598,-0.2409759311485458,z-score
-0.41222906242001145,-0.28852001188431137,-0.08810879537910914,z-score
-0.42996963802366317,-0.49774718520604067,0.7144436674104333,z-score
-0.06273972302807082,-0.4207900639842551,-0.3556262829756233,z-score
0.6344648981954449,-0.4317839384445102,-0.7760109063415741,z-score
-0.46012861654987125,0.05881770934437226,0.37049261192920085,z-score
-0.9515425607710261,-0.5777963336197729,-0.04989201143674997,z-score
-0.6481787179485804,0.16566442675497633,0.8290940192375108,z-score
0.08982922716333458,-0.5846675051574324,-0.2409759311485458,z-score
-0.4104550048596463,0.13440059625862585,-0.4320598508603416,z-score
0.036607500352379044,-0.19335428608772842,0.2176254761597642,z-score
-0.2703044575907971,0.21651109613365593,0.2940590440444825,z-score
0.006448521826170993,0.09901406283967992,0.7144436674104333,z-score
0.07386270912004798,-0.18682667312695192,1.1348282907763843,z-score
-0.928479812486279,-0.2112193320856429,0.2940590440444825,z-score
0.17320993250049815,-0.4091090723702341,0.7526604513527925,z-score
0.1590174720175767,-0.12120698494230446,0.2940590440444825,z-score
-0.27385257271152735,0.10622879295422234,-0.1263255793214683,z-score
2.2772421990936023,0.7163888254983788,-1.9607312085547082,z-score
2.172572803032056,-0.658532599187271,-1.9607312085547082,z-score
1.3848912462299163,0.42470759372473643,-1.9607312085547082,z-score
0.7888079059472155,0.3910388531902051,-1.9607312085547082,z-score
0.762197042541738,-0.6499436347651968,-1.9607312085547082,z-score
0.24417223491510542,1.4299599896843096,-1.9607312085547082,z-score
0.952021201500812,1.4615673787575425,-1.9607312085547082,z-score
-0.6747895813540581,-0.7141890886423123,0.17940869221740502,z-score
-0.9994421149008861,-0.7653793165978751,-0.6995773384568558,z-score
-0.06983595326953171,-0.7863363897877362,0.25584226010212335,z-score
-0.5985051062583553,-0.5623361976600392,-0.9288780421110108,z-score
-0.7439778262083002,-0.7908026512872149,-1.1963955297075248,z-score
-0.8628396827527671,0.19658469867444367,1.7080800499117716,z-score
-0.19934215517618978,-0.44346493005853127,1.78451361779649,z-score
-0.0858024713128183,0.6157261624716683,1.4023457783728983,z-score
-0.7297853657253787,-0.4723238505167008,1.6698632659694124,z-score
-0.880580258356419,-0.5722993963896454,1.287695426545821,z-score
-0.004195823536019861,-0.5448147102390076,1.6698632659694124,z-score
-0.19934215517618978,-0.4486183087117758,1.1348282907763843,z-score
-0.3448148751261346,0.10313676576227561,1.7462968338541307,z-score
0.31690859489007756,3.616023214390653,1.32591221048818,z-score
-0.5949569911376249,1.1942788059425913,0.7144436674104333,z-score
-0.4140031199803766,1.1344996135649543,-0.5084934187450599,z-score
-1.1005633958417014,-0.5534036746610819,0.9055275871222291,z-score
-1.1502370075319264,-0.5537472332379649,-0.5467102026874191,z-score
-0.4157771775407417,1.1805364628672725,1.058394722891666,z-score
-0.8309066466661938,4.148195449982375,0.7908772352951516,z-score
0.11998820568954263,-0.434532407059574,0.6762268834680741,z-score
-0.37319979609197734,0.11825334314512626,0.48514296375627836,z-score
-0.2933672058755444,-0.3379924469554592,-0.39384306691798243,z-score
-0.6162456818620071,-0.5740171892740602,0.25584226010212335,z-score
-0.6464046603882151,-0.3393666812629911,0.06475834039032753,z-score
-0.4707729619120624,-0.5942871453101556,-0.5467102026874191,z-score
-0.9054170642015315,-0.5338208357787526,-0.6613605545144966,z-score
-0.47609513459315783,-0.32321942814949134,-0.6613605545144966,z-score
-1.1005633958417014,-0.4747287605548816,-0.20275914720618662,z-score
3.018798259326247,0.1629159581399124,0.8290940192375108,z-score
1.885175478252897,0.19349267148249683,0.3322758279868417,z-score
3.7390656288345108,0.11550487453006254,1.3641289944305393,z-score
-0.19756809761582464,-0.7262136388332163,0.40870939587156,z-score
0.4552850845985618,-0.7227780530643867,0.4469261798139192,z-score
3.1128233100256018,-0.7210602601799718,0.7908772352951516,z-score
-0.46012861654987125,-0.7272443145638653,0.5233597476986375,z-score
0.43754450899491004,-0.5633668733906881,-1.9607312085547082,z-score
-0.4814173072742534,-0.7227780530643867,-1.9607312085547082,z-score
0.18208022030232388,-0.37853235902764976,-1.9607312085547082,z-score
-0.12128362252012179,-0.39193114352608555,-1.9607312085547082,z-score
-1.1591072953337522,-0.5719558378127624,-1.9607312085547082,z-score
-0.21708273077984153,-0.7152197643729612,-1.9607312085547082,z-score
1.71841406757857,1.4739354875253294,-1.9607312085547082,z-score
2.4102965161209906,1.6237270270463053,-1.9607312085547082,z-score
2.536254602906918,-0.6564712477259732,-1.9607312085547082,z-score
2.289660602016158,0.819799957140153,-1.9607312085547082,z-score
-0.7315594232857439,-0.575391423581592,-0.5467102026874191,z-score
0.047251845714570216,-0.7244958459488016,0.10297512433268668,z-score
-1.0420194963496503,-0.7241522873719185,-1.1963955297075248,z-score
-0.07693218351099228,-0.7031952141820573,-0.6231437705721374,z-score
-0.8770321432356886,-0.5740171892740602,-0.7377941223992149,z-score
-0.4157771775407417,-0.2531334784653653,0.02654155644796836,z-score
0.20514296858707134,-0.434188848482691,-1.1199619618228065,z-score
0.21578731394926254,-0.6265816515371547,-1.1199619618228065,z-score
0.4357704514345446,0.167725778216274,-0.8906612581686516,z-score
-0.28449691807371835,-0.19885122331785596,-0.8142276902839333,z-score
-0.30933372391883096,-0.15075302255423995,0.3322758279868417,z-score
-0.24901576686641488,-0.13529288659450628,0.3322758279868417,z-score
-0.20466432785728536,-0.47438520197799866,0.9437443710645883,z-score
-0.4459361560669498,0.09283000845578646,-0.3556262829756233,z-score
0.013544752067631878,-0.623489624345208,0.4469261798139192,z-score
0.6096280923503323,-0.4726674090935838,-0.47027663480270077,z-score
-0.1301539103219478,0.17494050833081642,-0.5084934187450599,z-score
0.2619128105187572,-0.46785758901722213,-0.5467102026874191,z-score
-1.0633081870740326,-0.4156366853310106,-0.47027663480270077,z-score
-0.5701201852925124,-0.7908026512872149,-0.1263255793214683,z-score
-0.4370658682651239,-0.5534036746610819,-1.005311609995729,z-score
-0.6570490057504063,-0.2943605076913218,-0.16454236326382746,z-score
-0.10354304691647004,-0.6887657539529726,0.10297512433268668,z-score
-0.19047186737436392,-0.292299156230024,0.06475834039032753,z-score
-0.733333480846109,-0.3146304637274171,-0.47027663480270077,z-score
-1.1786219284977693,0.1673822196393911,1.058394722891666,z-score
-0.2915931483151791,-0.4221642982917871,1.78451361779649,z-score
0.4889921782455001,0.0893944226869567,-0.2409759311485458,z-score
0.08628111204260429,-0.4276612355219146,0.5997933155833558,z-score
-0.2827228605133532,-0.4441520472122972,0.06475834039032753,z-score
2.4404554946471984,-0.09612720882984757,0.48514296375627836,z-score
0.08095893936150855,0.13852329918122167,0.48514296375627836,z-score
0.7852597908264852,0.652486930198146,0.2940590440444825,z-score
-0.2986893785566398,0.15501411087160416,0.37049261192920085,z-score
0.0011263491450755662,0.040952663346457786,0.2176254761597642,z-score
0.3435194582955553,-0.4396857857128186,0.17940869221740502,z-score
0.029511270110918475,-0.5819190365423685,-0.47027663480270077,z-score
0.9644396044233684,0.1976153744050926,-0.7760109063415741,z-score
0.5386657899357251,-0.4396857857128186,-0.4320598508603416,z-score
-0.4459361560669498,-0.47026249905540296,0.638010099525715,z-score
-0.7475259413290305,0.6473335515449015,1.555212914142335,z-score
-0.04499914742441908,-0.5441275930852417,1.0201779389493066,z-score
-0.18869780981399878,0.6277507126625721,1.6698632659694124,z-score
-0.034354802062227914,0.17940676983029513,1.822730401738849,z-score
-0.01484016889821103,-0.43934222713593557,1.6698632659694124,z-score
-0.162086946408521,0.07049870095839327,1.78451361779649,z-score
-0.03258074450186277,-0.6568148063028562,0.40870939587156,z-score
0.8455777478789013,-0.4276612355219146,-0.31740949903326415,z-score
-0.9054170642015315,0.12375028037525392,-0.011675227494390806,z-score
0.9413768561386212,-0.6430724632275374,0.5997933155833558,z-score
-0.17095723421034686,-0.40979618952400015,-0.04989201143674997,z-score
-0.24546765174568444,-0.3939924949873834,-0.7760109063415741,z-score
0.8792848415258396,-0.6162748942306656,0.5615765316409966,z-score
0.22820571687181854,0.16566442675497633,-1.0435283939380882,z-score
-0.6854339267162493,3.614992538660004,1.1348282907763843,z-score
-0.5736683004132429,-0.5396613315857631,0.6762268834680741,z-score
-1.1981365616617863,-0.5740171892740602,-0.9288780421110108,z-score
0.28497555880350434,1.396634807726661,0.6762268834680741,z-score
-0.8947727188393404,1.318303452197344,-0.6995773384568558,z-score
-0.7155929052424572,0.169443571100689,0.48514296375627836,z-score
-0.09112464399391373,-0.39227470210296855,-0.011675227494390806,z-score
0.1022476300858909,0.08217969257241428,1.0201779389493066,z-score
-1.0739525324362238,-0.46854470617098815,-0.1263255793214683,z-score
0.17320993250049815,-0.4314403798676273,0.86731080317987,z-score
-0.8592915676320368,-0.13494932801762338,0.40870939587156,z-score
0.1022476300858909,-0.4029250179863406,1.1730450747187433,z-score
-0.5452833794474,-0.4310968212907443,-0.1263255793214683,z-score
-0.5701201852925124,0.6373703528152953,-0.31740949903326415,z-score
-0.6410824877071197,0.07874410680358464,0.17940869221740502,z-score
2.4244889766039117,-0.14182049955528278,-0.3556262829756233,z-score
-0.703174502319901,0.057099916459957385,0.638010099525715,z-score
-0.4246474653425676,0.09832694568591399,0.5997933155833558,z-score
-0.5878607608961643,-0.46373488609462654,-0.31740949903326415,z-score
2.0146816801595553,0.6260329197781573,0.3322758279868417,z-score
3.9519525360783314,-0.10986955190516648,0.7908772352951516,z-score
4.131132349675216,-0.09475297452231572,0.86731080317987,z-score
-0.33949270244503904,-0.7176246744111421,1.058394722891666,z-score
3.820672276611309,-0.7162504401036102,0.17940869221740502,z-score
-0.9799274817368689,-0.7272443145638653,-0.04989201143674997,z-score
1.274899677487275,-0.7159068815267273,0.9819611550069475,z-score
0.2069170261474365,0.14951717364147674,1.287695426545821,z-score
-1.2123290221447076,-0.8423364378196606,-0.16454236326382746,z-score
1.0886236336489312,0.133026361951094,-0.3556262829756233,z-score
-0.20289027029692006,0.1484864979108278,0.6762268834680741,z-score
-1.1094336836435272,-0.5709251620821134,-0.39384306691798243,z-score
-0.2986893785566398,-0.43247105559827625,0.02654155644796836,z-score
-0.9994421149008861,-0.5461889445465395,1.7080800499117716,z-score
-0.39981065949745515,-0.4541152459419034,1.822730401738849,z-score
-1.13427048948864,-0.5702380449283475,1.822730401738849,z-score
-1.0615341295136675,0.686842787886443,1.78451361779649,z-score
-0.8184882437436376,-0.4211336225611381,1.2112618586611026,z-score
-0.4991578828779053,0.7854440994518559,1.7080800499117716,z-score
-0.39626254437672487,0.1333699205279769,1.1730450747187433,z-score
-0.9408982154088352,-0.5867288566187301,1.3641289944305393,z-score
-0.35900733560905607,4.348833658882031,0.86731080317987,z-score
-0.19756809761582464,-0.5420662416239439,-0.4320598508603416,z-score
-0.3785219687730729,1.4546962072198835,0.5997933155833558,z-score
-1.265550748955663,-0.5231705198953805,-1.0435283939380882,z-score
0.06321836375785682,1.3557513370775875,-1.0435283939380882,z-score
-1.0952412231606057,3.591286996855079,-0.5849269866297783,z-score
-0.9320279276070093,4.030354858111516,-0.279192715090905,z-score
0.39674118510651085,4.018330307920612,-0.011675227494390806,z-score
0.34174540073519016,-0.446556957250478,-0.31740949903326415,z-score
-0.9018689490808012,0.03202014034750061,0.4469261798139192,z-score
0.3204567100108081,-0.6176491285381976,0.4469261798139192,z-score
-0.9018689490808012,0.11241284733811581,-0.5467102026874191,z-score
-0.1283798527615825,3.433250051488913,0.7908772352951516,z-score
-0.162086946408521,0.2068914559809327,0.9437443710645883,z-score
-0.4743210770327927,-0.17067942001345232,0.638010099525715,z-score
-0.7563962291308564,3.8482688123635422,0.7144436674104333,z-score
-0.5186725160419222,0.13405703768174296,0.8290940192375108,z-score
-0.7989736105796207,0.2433086651305277,1.287695426545821,z-score
-0.7368815959668394,1.2846347116628127,-0.6613605545144966,z-score
-0.9852496544179647,-0.4231949740224359,1.593429698084694,z-score
-0.8025217257003512,0.0828668097261802,1.32591221048818,z-score
-0.3430408175657693,-0.7186553501417909,1.32591221048818,z-score
1.549878599343878,0.1701306882544548,0.86731080317987,z-score
3.3718357138389186,-0.5678331348901667,1.096611506834025,z-score
3.3718357138389186,-0.6983853941056957,0.4469261798139192,z-score
0.6734941645234791,-0.7207167016030888,0.5233597476986375,z-score
-0.3288483570828479,-0.588103090926262,0.25584226010212335,z-score
2.94783595691164,0.05435144784489367,0.2940590440444825,z-score
0.2459462924754706,-0.696324042644398,1.4405625623152574,z-score
-1.0899190504795104,-0.5695509277745816,1.6316464820270533,z-score
0.011770694507266736,-0.5898208838106769,1.6698632659694124,z-score
-1.164429468014848,0.0368299604238621,1.5169961301999757,z-score
-1.0668563021947628,-0.5826061536961344,1.0201779389493066,z-score
0.34174540073519016,-0.4733545262473497,0.02654155644796836,z-score
1.0797533458471051,-0.5664589005826348,0.40870939587156,z-score
0.980406122466655,-0.4166673610616595,-0.39384306691798243,z-score
-0.2756266302718925,0.04988518634541508,-0.2409759311485458,z-score
-1.0916931080398755,-0.6011583168478148,0.06475834039032753,z-score
-0.6215678545431027,-0.4091090723702341,-0.7760109063415741,z-score
-0.2880450331944488,-0.25382059561913123,0.5233597476986375,z-score
-0.6180197394223724,-0.2740905516552265,-0.47027663480270077,z-score
-1.0225048631856333,-0.2637837943487375,0.4469261798139192,z-score
-0.3040115512377354,-0.5441275930852417,-0.6613605545144966,z-score
-0.969283136374678,-0.5455018273927736,-0.279192715090905,z-score
0.5723728835826637,-0.4661397961328073,-0.7760109063415741,z-score
-0.19579404005545933,-0.6678086807631113,0.5615765316409966,z-score
0.04370373059383993,-0.47782078774682835,-0.011675227494390806,z-score
-1.2815172669989496,0.642180172891657,1.78451361779649,z-score
-0.969283136374678,0.7885361266438026,1.555212914142335,z-score
-0.2720785151511622,-0.4266305597912657,1.822730401738849,z-score
-0.3040115512377354,0.11756622599136045,1.4787793462576166,z-score
-1.0792747051173193,-0.5547779089686139,1.1348282907763843,z-score
-1.144914834850831,-0.42010294683048915,1.096611506834025,z-score
-0.9036430066411663,-0.43831155140528666,1.4405625623152574,z-score
-0.880580258356419,-0.42903546982944646,1.822730401738849,z-score
-0.8238104164247333,-0.3981151979099791,0.37049261192920085,z-score
-1.1502370075319264,-0.5657717834288689,0.7526604513527925,z-score
-0.969283136374678,-0.4925938065527961,0.02654155644796836,z-score
-0.6428565452674848,-0.48709686932266855,-0.4320598508603416,z-score
-0.8823543159167843,-0.5685202520439328,0.10297512433268668,z-score
-0.2224049034609371,-0.3424587084549378,0.5233597476986375,z-score
-0.28449691807371835,-0.884937701353149,-1.9607312085547082,z-score
-0.41755123510110687,-0.7162504401036102,-1.9607312085547082,z-score
-0.910739236882627,-0.8753180612004257,-1.9607312085547082,z-score
0.8562220932410926,-0.8880297285450957,-1.9607312085547082,z-score
0.9679877195440987,-0.5674895763132838,-1.9607312085547082,z-score
0.7001050279289565,-0.7045694484895891,-1.9607312085547082,z-score
0.7213937186533388,-0.7076614756815359,-1.9607312085547082,z-score
0.008222579386536451,-0.6990725112594617,-1.9607312085547082,z-score
2.843166560850094,-0.695293366913749,0.9819611550069475,z-score
1.27667373504764,-0.7282749902945143,1.32591221048818,z-score
0.37722655194249394,0.1220324874908389,0.14119190827504585,z-score
3.2600700875359117,-0.7272443145638653,1.32591221048818,z-score
3.284906893381024,-0.7121277371810145,0.25584226010212335,z-score
-0.07515812595062714,-0.04012716079792334,0.7526604513527925,z-score
3.767450549800353,-0.7076614756815359,0.02654155644796836,z-score
3.928889787793585,-0.12223766067295341,0.7526604513527925,z-score
-0.007743938656750461,-0.4441520472122972,-1.9607312085547082,z-score
1.1028160941318526,-0.4025814594094577,-1.9607312085547082,z-score
-0.8042957832607163,-0.8753180612004257,-1.9607312085547082,z-score
0.7959041361886764,-0.3895262334879049,-1.9607312085547082,z-score
-0.48319136483461855,-0.5558085846992626,-1.9607312085547082,z-score
1.1524897058220775,-0.4427778129047653,-1.9607312085547082,z-score
0.4269001636327189,-0.5712687206589965,-1.9607312085547082,z-score
0.24239817735473998,-0.5856981808880813,-1.9607312085547082,z-score
-0.013066111337845888,0.2295663220552089,-0.8906612581686516,z-score
0.4109336455894323,1.3622789500383639,0.14119190827504585,z-score
0.18385427786268901,4.000808820499581,-0.9670948260533699,z-score
-0.18160157957253803,3.6101827185836433,0.638010099525715,z-score
-0.6410824877071197,0.1790632112534122,-1.0817451778804474,z-score
-0.04322508986405394,-0.5513423231997843,0.7144436674104333,z-score
-0.9408982154088352,0.158106138063551,0.2940590440444825,z-score
-0.35900733560905607,-0.18991870031889865,0.8290940192375108,z-score
-1.0065383451423469,-0.17548924008981395,0.48514296375627836,z-score
-1.0029902300216165,-0.18064261874305845,0.7908772352951516,z-score
-0.4583545589895061,-0.4276612355219146,0.9437443710645883,z-score
-1.0047642875819816,-0.45239745305748846,1.096611506834025,z-score
-0.39803660193709,3.5078022626725183,-0.1263255793214683,z-score
-0.2224049034609371,-0.3939924949873834,-0.3556262829756233,z-score
-0.7652665169326823,-0.5053054738974659,0.17940869221740502,z-score
0.7018790854893217,-0.5980662896558683,0.2176254761597642,z-score
0.20869108370780165,-0.4073912794858193,-0.011675227494390806,z-score
-0.07338406839026199,0.12959077618226422,0.25584226010212335,z-score
0.7089753157307825,-0.4781643463237113,0.5233597476986375,z-score
0.07208865155968285,0.03339437465503246,-0.31740949903326415,z-score
0.9041216473709522,-0.8784100883923724,-1.9607312085547082,z-score
-0.8362288193472894,-0.8887168456988616,-1.9607312085547082,z-score
0.22465760175108823,-0.6894528711067384,-1.9607312085547082,z-score
-0.25788605466824077,-0.44312137148164826,-0.3556262829756233,z-score
1.881627363132167,0.1766583012152314,-0.279192715090905,z-score
0.1430509539742901,0.18936996855990126,0.9055275871222291,z-score
0.7870338483868504,0.16463375102432737,0.9055275871222291,z-score
1.858564614847419,-0.46029930032579686,0.37049261192920085,z-score
-0.4264215229029329,-0.5592441704680924,-0.8142276902839333,z-score
1.106364209252583,0.04851095203788311,0.06475834039032753,z-score
0.06676647887858742,0.09660915280149912,-0.1263255793214683,z-score
-0.16386100396888614,-0.45445880451878634,0.8290940192375108,z-score
0.7213937186533388,-0.39158758494920265,-0.47027663480270077,z-score
-0.28981909075481394,0.1172226674144773,0.4469261798139192,z-score
0.10934386032735147,-0.4623606517870946,0.17940869221740502,z-score
0.2583646953980266,-0.6045939026166446,-0.31740949903326415,z-score
-0.4796432497138883,-0.4018943422556918,-0.5849269866297783,z-score
-0.5594758399303215,-0.6032196683091128,-0.20275914720618662,z-score
-1.0349232661081897,-0.5269496642410931,0.5615765316409966,z-score
2.241761047886298,-0.6447902561119523,-1.9607312085547082,z-score
0.842029632758171,-0.622115390037676,-1.9607312085547082,z-score
0.4269001636327189,-0.446556957250478,0.10297512433268668,z-score
-0.24191953662495413,-0.4774772291699454,-0.5084934187450599,z-score
0.15546935689684643,-0.5791705679273047,0.37049261192920085,z-score
0.03128532767128362,-0.600814758270932,-0.6613605545144966,z-score
0.10756980276698631,-0.5977227310789852,-0.3556262829756233,z-score
0.73203806401553,0.12375028037525392,0.7144436674104333,z-score
0.2778793285620438,-0.4365937585208718,0.14119190827504585,z-score
-0.21885678834020683,-0.49843430235980657,-0.6995773384568558,z-score
-0.6978523296388054,0.40271984480422623,-1.9607312085547082,z-score
1.815987233398655,0.8768306809027261,-1.9607312085547082,z-score
0.3914190124254151,-0.6282994444215695,-1.9607312085547082,z-score
2.6267315384855423,0.9129043314754381,-1.9607312085547082,z-score
0.545762020177186,-0.6458209318426013,-1.9607312085547082,z-score
2.200957723997899,1.3732728244986192,-1.9607312085547082,z-score
-0.1283798527615825,-0.6389497603049417,-1.9607312085547082,z-score
-0.7297853657253787,-0.6162748942306656,-1.9607312085547082,z-score
-0.7599443442515867,-0.19850766474097292,0.02654155644796836,z-score
-0.3536851629279605,-0.43075326271386133,0.5233597476986375,z-score
-0.6730155237936929,3.8115080446370646,0.8290940192375108,z-score
-0.27917474539262294,-0.4118575409852979,0.2176254761597642,z-score
-0.1337020254426781,-0.42903546982944646,0.9055275871222291,z-score
-1.0331492085478244,-0.11742784059659181,1.1730450747187433,z-score
-0.041451032303688795,-0.7128148543347804,-1.9607312085547082,z-score
-1.127174259247179,-0.3881519991803729,-1.9607312085547082,z-score
0.4144817607101626,-0.5369128629706994,-1.9607312085547082,z-score
0.8970254171294917,-0.6884221953760894,-1.9607312085547082,z-score
-0.48851353751571414,-0.565428224851986,-1.9607312085547082,z-score
-0.5683461277321473,-0.458237948864499,0.5233597476986375,z-score
-0.24724170930604958,-0.5420662416239439,-0.6995773384568558,z-score
-0.2649822849097015,-0.42800479409879755,0.86731080317987,z-score
0.744456466938086,0.046106041999702425,0.4469261798139192,z-score
-0.8947727188393404,0.1649773096012103,0.2940590440444825,z-score
-0.4619026741102364,-0.4520538944806055,0.7526604513527925,z-score
-0.722689135483918,-0.20503527770174942,1.058394722891666,z-score
-0.8060698408210815,-0.12876527363372978,0.5233597476986375,z-score
-0.4104550048596463,1.2945979103924186,0.37049261192920085,z-score
0.44996291191746607,1.1413707851026138,0.5233597476986375,z-score
-0.783007092536334,1.4430152156058624,0.14119190827504585,z-score
-0.8521953373905762,1.3255181823118862,-0.8906612581686516,z-score
-0.06628783814880111,3.6689312352306316,-0.6613605545144966,z-score
-1.1023374534020665,0.6208795411249128,1.593429698084694,z-score
-0.21176055809874608,-0.4630477689408606,1.0201779389493066,z-score
0.004674464265805851,0.07530852103475488,1.4787793462576166,z-score
-0.6996263871991707,0.6349654427771145,1.2112618586611026,z-score
-0.7067226174406314,0.6658857146965819,1.4787793462576166,z-score
-0.09644681667500947,-0.540692007316412,1.1348282907763843,z-score
-0.9515425607710261,-0.46442200324839245,1.2112618586611026,z-score
0.06321836375785682,-0.7186553501417909,-0.5084934187450599,z-score
0.020640982309092448,-0.28405375038483277,0.06475834039032753,z-score
-0.027258571820767342,-0.24420095546640813,-0.8524444742262924,z-score
-1.167977583135578,-0.7760296324812472,0.40870939587156,z-score
-0.6818858115955188,-0.30466726499781094,-0.16454236326382746,z-score
-0.783007092536334,-0.5455018273927736,-0.2409759311485458,z-score
-0.3306224146432132,-0.599096965386517,-0.6231437705721374,z-score
-1.0899190504795104,-0.2730598759245777,-0.6613605545144966,z-score
-1.068630359755128,-0.5001520952442214,-0.31740949903326415,z-score
-0.6570490057504063,-0.5595877290449753,-0.279192715090905,z-score
-1.1076596260831622,-0.4850355178613707,0.2940590440444825,z-score
-1.068630359755128,0.1333699205279769,-0.31740949903326415,z-score
0.8278371722752496,-0.48366128355383886,0.37049261192920085,z-score
-0.12305768008048708,0.03133302319373456,-0.6995773384568558,z-score
0.6397870708765404,-0.43247105559827625,0.10297512433268668,z-score
-0.9728312514954084,-0.41460600960036165,0.2176254761597642,z-score
-0.9905718270990602,0.11997113602954101,0.37049261192920085,z-score
0.3080383070882518,-0.4427778129047653,0.25584226010212335,z-score
0.39674118510651085,-0.4558330388263182,0.638010099525715,z-score
-0.6535008906296759,0.6294685055469871,1.7462968338541307,z-score
-0.1407982556841388,0.676879589156837,1.593429698084694,z-score
-0.6286640847845634,-0.40017654937127695,1.2494786426034616,z-score
-0.988797769538695,0.10725946868487117,1.555212914142335,z-score
-0.6535008906296759,0.7266955828048679,1.4023457783728983,z-score
0.06321836375785682,0.03717351900074513,1.1730450747187433,z-score
-0.5062541131193659,0.055382123575542626,1.7462968338541307,z-score
-0.37497385365234265,1.2605856112810048,-0.6995773384568558,z-score
-0.5807645306547036,0.2299098806320918,-1.1199619618228065,z-score
-0.7723627471741429,1.2664261070880152,0.86731080317987,z-score
-0.38207008389380337,0.19933316728950737,0.25584226010212335,z-score
-0.703174502319901,4.151287477174322,-0.08810879537910914,z-score
-1.3081281304044274,3.9540848540434967,1.0201779389493066,z-score
-0.4991578828779053,3.5479986161678254,0.4469261798139192,z-score
-0.15853883128779056,0.20139451875080527,0.5997933155833558,z-score
0.10934386032735147,-0.4548023630956693,0.14119190827504585,z-score
-0.12660579520121737,-0.11158734478958124,1.0201779389493066,z-score
1.1507156482617125,0.08114901684176545,0.6762268834680741,z-score
1.2411925838403366,-0.6946062497599831,1.0201779389493066,z-score
1.3884393613506465,0.08114901684176545,0.638010099525715,z-score
0.8686404961636488,-0.036004457875327654,-0.6231437705721374,z-score
1.2181298355555892,-0.7244958459488016,-0.6231437705721374,z-score
3.501341915745576,-0.08101063144699693,1.1730450747187433,z-score
-0.6872079842766143,-0.305010823574694,-0.5467102026874191,z-score
0.07031459399931769,-0.7842750383264384,0.40870939587156,z-score
-0.36965168097124707,-0.5949742624639214,-0.279192715090905,z-score
-0.0858024713128183,-0.7155633229498443,-1.1963955297075248,z-score
-1.0845968777984145,-0.575391423581592,-0.5849269866297783,z-score
0.047251845714570216,-0.7090357099890677,-0.1263255793214683,z-score
0.12176226324990777,-0.7866799483646193,-0.6231437705721374,z-score
0.606079977229602,0.9115300971679063,-1.9607312085547082,z-score
2.7775264311165824,-0.622115390037676,-1.9607312085547082,z-score
1.0620127702434534,0.40993457491876867,-1.9607312085547082,z-score
0.7551008123002771,0.24227798939987874,-1.9607312085547082,z-score
-0.2348233063834934,3.2625014387780764,1.0201779389493066,z-score
-0.6126975667412768,-0.12979594936437874,-0.011675227494390806,z-score
-1.0668563021947628,3.8039497559456383,0.7526604513527925,z-score
0.017092867188362164,3.2525382400484704,0.6762268834680741,z-score
0.15192124177611582,-0.11090022763581531,-0.011675227494390806,z-score
-0.07161001082989685,0.1649773096012103,0.10297512433268668,z-score
-0.6197937969827375,0.1907442028674331,0.5233597476986375,z-score
-0.7546221715704912,3.7750908354874695,0.10297512433268668,z-score
2.337560156146018,0.16875645394692296,1.096611506834025,z-score
1.569393232507895,-0.5736736306971773,1.4023457783728983,z-score
0.1146660330084472,-0.6324221473441654,-0.08810879537910914,z-score
0.23175383199254912,-0.47026249905540296,-0.16454236326382746,z-score
-0.8841283734771495,0.1532963179871894,-0.6231437705721374,z-score
0.16788775981940243,-0.16209045559137805,0.37049261192920085,z-score
0.9378287410178906,0.0275538788480219,0.14119190827504585,z-score
-0.6872079842766143,-0.399145873640628,-0.9288780421110108,z-score
-0.9426722729692004,-0.46923182332475405,0.10297512433268668,z-score
0.4712516026418484,-0.14078982382463381,-0.47027663480270077,z-score
2.1033845581778143,-0.6186798042688464,-1.9607312085547082,z-score
2.486580991216693,0.3195786691985472,-1.9607312085547082,z-score
1.4718200666878098,0.26254794543597415,-1.9607312085547082,z-score
-0.64463060282785,0.40237628622734334,-1.9607312085547082,z-score
0.575920998703394,-0.4633913275177436,-0.2409759311485458,z-score
0.8065484815508676,-0.6650602121480474,-1.0435283939380882,z-score
-0.31288183903956124,-0.1291088322106128,-0.20275914720618662,z-score
-0.7865552076570643,-0.14078982382463381,-0.9670948260533699,z-score
-0.3536851629279605,-0.14491252674722951,-0.011675227494390806,z-score
-0.9568647334521219,0.08217969257241428,-1.005311609995729,z-score
-0.9018689490808012,-0.658532599187271,-0.8142276902839333,z-score
0.22465760175108823,-0.5791705679273047,-1.1963955297075248,z-score
-0.8238104164247333,1.3588433642695343,0.4469261798139192,z-score
-0.9621869061332172,-0.4486183087117758,1.2494786426034616,z-score
-0.2099865005383808,0.14092820921940247,1.78451361779649,z-score
-0.7723627471741429,0.16635154390874213,1.287695426545821,z-score
-1.0296010934270943,0.059848385075021215,1.5169961301999757,z-score
-0.7014004447595358,-0.45102321874995666,1.1348282907763843,z-score
-1.144914834850831,0.19864605013574158,1.6316464820270533,z-score
-0.6588230633107715,0.6679470661578798,1.593429698084694,z-score
-0.5381871492059392,0.04163978050022371,1.1730450747187433,z-score
-0.6712414662333277,0.1907442028674331,1.593429698084694,z-score
-1.040245438789285,-0.5712687206589965,1.78451361779649,z-score
-0.3182040117206568,0.19898960871262447,1.7080800499117716,z-score
-0.5931829335772597,-0.5619926390831561,1.1730450747187433,z-score
-0.023710456700037057,-0.4633913275177436,1.78451361779649,z-score
-1.077500647556954,0.5446095370568933,1.7462968338541307,z-score
-0.4636767316706017,0.5648794930929885,1.287695426545821,z-score
-0.9870237119783298,0.7174195012290275,1.3641289944305393,z-score
-0.722689135483918,1.2293217807846544,1.1348282907763843,z-score
0.2104651412681668,1.4416409812983302,-0.6231437705721374,z-score
-0.25788605466824077,1.4928312092538931,0.9437443710645883,z-score
-0.5222206311626526,-0.5430969173545929,0.14119190827504585,z-score
-1.0544378992722065,-0.5128637625888913,0.17940869221740502,z-score
-0.37497385365234265,-0.5784834507735389,-0.39384306691798243,z-score
-0.6570490057504063,-0.3190967252268958,-0.6613605545144966,z-score
-1.0207308056252682,-0.27099852446327977,0.5233597476986375,z-score
-0.7741368047345082,-0.34520717707000154,0.4469261798139192,z-score
-0.2720785151511622,-0.46923182332475405,0.02654155644796836,z-score
-0.31465589659992654,-0.7767167496350131,0.10297512433268668,z-score
-1.164429468014848,-0.22771014377602553,0.10297512433268668,z-score
-0.0254845142604022,-0.766066433751641,-0.5084934187450599,z-score
-0.5098022282400964,-0.787710624095268,0.10297512433268668,z-score
-0.26675634247006663,-0.7076614756815359,-0.08810879537910914,z-score
-0.9338019851673743,-0.2682500558482161,-1.0435283939380882,z-score
0.07031459399931769,-0.5905080009644428,-0.31740949903326415,z-score
2.1264473064625617,-0.46442200324839245,-0.011675227494390806,z-score
-0.722689135483918,-0.4276612355219146,-0.279192715090905,z-score
1.2039373750726676,0.08183613399553137,0.638010099525715,z-score
1.0584646551227233,0.11825334314512626,-0.011675227494390806,z-score
0.508506811409517,0.1398975334887535,-0.279192715090905,z-score
1.5268158510591308,-0.4063606037551704,0.6762268834680741,z-score
0.6593017040405575,-0.6162748942306656,-1.1199619618228065,z-score
-0.15321665860669514,-0.6447902561119523,-0.47027663480270077,z-score
-0.0254845142604022,-0.44690051582736096,0.5997933155833558,z-score
1.2358704111592411,-0.3950231707180323,-0.3556262829756233,z-score
2.0945142703759885,-0.730679900332695,1.1730450747187433,z-score
1.2482888140817971,-0.7282749902945143,1.2112618586611026,z-score
3.611333484488218,-0.44243425432788236,0.6762268834680741,z-score
1.5995522110341032,-0.5492809717384863,1.058394722891666,z-score
3.306195584105406,-0.8553916637412134,0.7144436674104333,z-score
3.8614756004997077,-0.729305666025163,0.2176254761597642,z-score
2.6693089199343065,0.18181167986847593,0.9819611550069475,z-score
0.017092867188362164,-0.5870724151956132,-0.08810879537910914,z-score
-0.10531710447683519,-0.5805448022348366,0.7144436674104333,z-score
-0.27385257271152735,-0.5544343503917308,-0.2409759311485458,z-score
-0.6215678545431027,-0.5987534068096341,1.2112618586611026,z-score
-0.5346390340852087,0.043357573384638595,1.7080800499117716,z-score
-0.5257687462833829,-0.3572317272609056,0.5997933155833558,z-score
-1.0757265899965889,-0.2503850098503016,-0.3556262829756233,z-score
-0.5204465736022873,-0.31394334657365114,0.40870939587156,z-score
-0.8610656251924019,-0.5468760617003054,-0.011675227494390806,z-score
-0.25788605466824077,-0.4118575409852979,-0.5084934187450599,z-score
-0.5239946887230178,-0.32115807668819357,0.4469261798139192,z-score
-0.4689989043516971,-0.7262136388332163,-0.8524444742262924,z-score
0.2388500622340097,-0.27099852446327977,0.06475834039032753,z-score
-0.9036430066411663,-0.5915386766950917,-0.08810879537910914,z-score
-0.4636767316706017,-0.3190967252268958,-0.04989201143674997,z-score
-0.1301539103219478,-0.3939924949873834,0.6762268834680741,z-score
0.1022476300858909,3.6964159213812686,0.9437443710645883,z-score
0.23175383199254912,3.387213202186595,0.6762268834680741,z-score
0.04015561547310965,-0.4438084886354142,0.48514296375627836,z-score
-0.03258074450186277,-0.21225000781629183,0.06475834039032753,z-score
1.4966568725329226,0.8747693294414284,-1.9607312085547082,z-score
2.6622126896928457,-0.647538724727016,-1.9607312085547082,z-score
0.4535110270381967,0.8678981579037689,-1.9607312085547082,z-score
1.1489415907013474,0.8280453629853444,-1.9607312085547082,z-score
-0.7741368047345082,-0.6207411557301442,-1.9607312085547082,z-score
1.019435388794689,0.819799957140153,-1.9607312085547082,z-score
-0.7776849198552385,-0.5671460177364008,-1.1963955297075248,z-score
-0.35013704780723004,-0.5430969173545929,-1.1963955297075248,z-score
-1.18571815873923,0.12375028037525392,0.2176254761597642,z-score
-0.822036358864368,-0.13494932801762338,-0.31740949903326415,z-score
-0.06628783814880111,0.19349267148249683,-0.4320598508603416,z-score
0.07563676668041312,-0.11193090336646426,0.25584226010212335,z-score
0.6291427255143496,-0.6193669214226124,-1.005311609995729,z-score
-0.7067226174406314,-0.20366104339421756,0.5233597476986375,z-score
0.07031459399931769,0.044731807692170444,0.2176254761597642,z-score
-0.5151244009211919,-0.15384504974618668,-0.8906612581686516,z-score
-0.3785219687730729,-0.6365448502667609,0.5997933155833558,z-score
0.5528582504186466,-0.40567348660140445,0.48514296375627836,z-score
0.7639711001021032,0.0687809080739785,0.25584226010212335,z-score
-0.8344547617869243,-0.13082662509502768,-0.47027663480270077,z-score
-1.2886134972404104,0.18971352713678416,1.1730450747187433,z-score
-0.40513283217855073,-0.41013974810088305,1.6698632659694124,z-score
0.4765737753229438,-0.5860417394649642,0.7144436674104333,z-score
-1.2211993099465335,1.3038739919682591,0.3322758279868417,z-score
0.5918875167466806,1.126941324873529,1.058394722891666,z-score
0.17675804762122846,0.09248644987890343,1.32591221048818,z-score
-0.3483629902468649,-0.5819190365423685,-0.47027663480270077,z-score
-0.9533166183313914,0.2251000605557302,0.06475834039032753,z-score
-1.0633081870740326,-0.3943360535642664,-0.5084934187450599,z-score
-0.2915931483151791,-0.4888146622070834,0.5233597476986375,z-score
-0.7084966750009966,-0.32047095953442767,0.37049261192920085,z-score
3.2228148787682427,-0.5901644423875598,1.32591221048818,z-score
2.326915810783827,-0.4304097041369783,1.3641289944305393,z-score
1.8213094060797508,-0.4726674090935838,0.9819611550069475,z-score
0.361260033899207,-0.446556957250478,1.096611506834025,z-score
0.07741082424077826,-0.6880786367992066,1.096611506834025,z-score
3.1181454827066974,-0.6973547183750469,0.2940590440444825,z-score
2.3215936381027316,0.15054784937212545,0.4469261798139192,z-score
1.5800375778700857,-0.6994160698363445,0.5233597476986375,z-score
-0.486739479955349,-0.24248316258199326,0.2940590440444825,z-score
0.006448521826170993,-0.7244958459488016,-1.0435283939380882,z-score
-0.7599443442515867,-0.7674406680591729,0.37049261192920085,z-score
-0.7794589774156037,-0.7224344944875036,-0.5849269866297783,z-score
1.067334942924549,0.14986073221835963,0.7144436674104333,z-score
0.04370373059383993,-0.4359066413671059,-0.279192715090905,z-score
-0.7705886896137778,0.08973798126383972,-0.16454236326382746,z-score
1.0903976912092963,-0.42388209117620196,-0.1263255793214683,z-score
0.20514296858707134,-0.43831155140528666,0.02654155644796836,z-score
-0.0858024713128183,-0.16483892420644175,0.7908772352951516,z-score
-0.41755123510110687,3.5978146098158557,0.8290940192375108,z-score
-0.2827228605133532,0.12649874899031763,1.2494786426034616,z-score
-0.03258074450186277,0.17940676983029513,1.0201779389493066,z-score
-0.3306224146432132,0.7387201329957719,1.7080800499117716,z-score
-0.32352618440175246,0.5635052587854567,1.4023457783728983,z-score
-0.5328649765248437,0.05435144784489367,1.2112618586611026,z-score
-0.5506055521284954,0.11687910883759439,1.6698632659694124,z-score
-1.2176511948258033,-0.45171033590372256,1.6698632659694124,z-score
-1.1484629499715613,-0.5994405239634001,-0.011675227494390806,z-score
1.0584646551227233,-0.4249127669068508,-0.2409759311485458,z-score
-0.9444463305295655,-0.3939924949873834,-0.47027663480270077,z-score
0.16079152957794185,0.16325951671679553,0.7526604513527925,z-score
1.0318537917172454,0.1745969497539335,-0.2409759311485458,z-score
0.3009420768467909,-0.4379679928284037,0.25584226010212335,z-score
0.5901134591863154,-0.45445880451878634,-0.6995773384568558,z-score
-0.3767479112127078,-0.42456920832996786,-0.04989201143674997,z-score
0.24772035003583573,-0.14182049955528278,0.37049261192920085,z-score
-1.0562119568325719,3.7084404715721733,0.2940590440444825,z-score
-0.30933372391883096,3.6404158733493444,0.06475834039032753,z-score
-0.1461204283652344,0.23815528647728318,1.058394722891666,z-score
-0.6304381423449286,-0.49534227516785984,0.37049261192920085,z-score
-1.1999106192221514,-0.46442200324839245,-0.39384306691798243,z-score
0.5120549265302476,1.2777635401251533,0.5997933155833558,z-score
-0.20466432785728536,4.188391803477684,0.02654155644796836,z-score
-0.9267057549259138,1.4883649477544143,1.0201779389493066,z-score
0.2104651412681668,1.3880458433045868,-1.0817451778804474,z-score
-0.35013704780723004,0.20826569028846456,-0.04989201143674997,z-score
0.43044827875344915,-0.4231949740224359,-0.04989201143674997,z-score
0.7125234308515128,-0.4372808756746378,-0.31740949903326415,z-score
-0.6659192935522321,-0.5740171892740602,-0.39384306691798243,z-score
-0.6783376964747885,0.1172226674144773,0.37049261192920085,z-score
-1.2939356699215059,0.05332077211424472,1.3641289944305393,z-score
-1.2123290221447076,-0.4651091204021584,1.4405625623152574,z-score
-0.08402841375245317,0.1484864979108278,1.32591221048818,z-score
-0.3927144292559944,0.05847415076748936,1.4787793462576166,z-score
-1.0012161724612514,0.07256005241969117,1.32591221048818,z-score
-0.5435093218870348,0.593394854974275,1.096611506834025,z-score
-0.5452833794474,-0.4451827229429461,1.4023457783728983,z-score
-0.9834755968575994,-0.43075326271386133,1.4405625623152574,z-score
0.8828329566465702,-0.6403239946124736,-0.7760109063415741,z-score
0.08982922716333458,-0.6351706159592291,0.40870939587156,z-score
0.8012263088697719,-0.47782078774682835,0.48514296375627836,z-score
-0.5541536672492259,-0.16277757274514398,0.4469261798139192,z-score
0.07031459399931769,0.027897437424904924,0.14119190827504585,z-score
-0.05564349278661025,1.4011010692261399,0.9437443710645883,z-score
-0.7475259413290305,-0.5822625951192516,-1.1581787457651658,z-score
-0.5878607608961643,1.4687821088720852,0.7526604513527925,z-score
-0.7599443442515867,0.19417978863626287,1.096611506834025,z-score
-1.098789338281336,-0.4438084886354142,-0.39384306691798243,z-score
0.18385427786268901,0.1306214519129132,0.5233597476986375,z-score
-0.7262372506046483,-0.44243425432788236,-0.5084934187450599,z-score
-0.9728312514954084,-0.4310968212907443,-0.5467102026874191,z-score
0.3949671275461457,-0.4706060576322859,0.06475834039032753,z-score
0.11111791788771692,-0.5736736306971773,-0.1263255793214683,z-score
-0.5772164155339732,-0.4809128149387751,0.8290940192375108,z-score
0.08450705448223915,0.2642657383203889,-1.9607312085547082,z-score
-0.9267057549259138,-0.6286430029984527,-1.9607312085547082,z-score
0.6309167830747147,0.40787322345747073,-1.9607312085547082,z-score
2.3020790049387143,0.8606834277892265,-1.9607312085547082,z-score
0.7018790854893217,0.2927811002016754,-1.9607312085547082,z-score
-0.3643295082901515,0.8558736077128649,-1.9607312085547082,z-score
1.9206566294602005,0.8782049152102579,-1.9607312085547082,z-score
-0.2561119971078756,-0.7808394525576087,0.10297512433268668,z-score
-1.027827035866729,-0.2734034345014606,0.02654155644796836,z-score
0.5244733294528036,0.17871965267652906,0.3322758279868417,z-score
-1.1058855685227968,-0.577109216466007,-0.7760109063415741,z-score
-0.5133503433608266,-0.5829497122730175,-0.31740949903326415,z-score
-0.4157771775407417,-0.4998085366673385,-0.08810879537910914,z-score
-0.9160614095637226,-0.6032196683091128,-0.47027663480270077,z-score
-0.4264215229029329,-0.5688638106208157,-0.5084934187450599,z-score
-0.23659736394385855,-0.31840960807312985,-0.08810879537910914,z-score
-0.21885678834020683,-0.27993104746223707,0.40870939587156,z-score
-0.3253002419621176,-0.5692073691976985,0.5233597476986375,z-score
-0.880580258356419,-0.5568392604299116,0.638010099525715,z-score
0.6096280923503323,-0.446556957250478,-0.04989201143674997,z-score
0.45173696947783154,-0.49706006805227476,0.2176254761597642,z-score
0.3914190124254151,-0.5922257938488577,0.4469261798139192,z-score
0.339971343174825,0.11619199168382835,0.4469261798139192,z-score
-0.048547262545149364,-0.4840048421307218,0.86731080317987,z-score
-1.1112077412038923,-0.43281461417515915,0.40870939587156,z-score
-0.162086946408521,0.0801183411111165,0.10297512433268668,z-score
-0.2099865005383808,0.16875645394692296,0.7144436674104333,z-score
0.22465760175108823,3.767876105372927,0.14119190827504585,z-score
-0.869935912994228,0.09763982853214807,0.5233597476986375,z-score
-0.7351075384064741,-0.4761029948624135,-0.011675227494390806,z-score
0.10402168764625604,0.2429651065536448,0.37049261192920085,z-score
-0.8362288193472894,-0.6293301201522185,-0.5084934187450599,z-score
0.5386657899357251,0.17081780540822084,-0.31740949903326415,z-score
0.09515139984443001,-0.11090022763581531,-0.4320598508603416,z-score
0.8171928269130584,0.03957842903892593,0.02654155644796836,z-score
0.8225149995941542,-0.47507231913176456,-1.0817451778804474,z-score
-0.39981065949745515,-0.4132317752928298,0.02654155644796836,z-score
-0.516898458481557,-0.5674895763132838,0.2940590440444825,z-score
0.011770694507266736,0.03373793323191537,-0.6613605545144966,z-score
-0.24191953662495413,-0.5705816035052305,-0.4320598508603416,z-score
-0.20821244297801567,-0.5705816035052305,0.06475834039032753,z-score
1.067334942924549,-0.49465515801409393,-0.20275914720618662,z-score
0.18562833542305449,-0.39227470210296855,-0.5849269866297783,z-score
0.3151345373297124,-0.5025570052824023,0.48514296375627836,z-score
-0.4938357101968097,-0.3926182606798516,0.02654155644796836,z-score
-0.811392013502177,-0.5437840345083588,-0.08810879537910914,z-score
-0.2224049034609371,-0.29092492192249214,0.17940869221740502,z-score
-0.6393084301467544,-0.4084219552164682,-0.3556262829756233,z-score
-0.5701201852925124,-0.5492809717384863,0.14119190827504585,z-score
-0.9870237119783298,-0.5482502960078374,0.25584226010212335,z-score
-1.018956748064903,-0.5245447542029124,0.40870939587156,z-score
-0.9426722729692004,-0.599784082540283,-0.4320598508603416,z-score
-0.6162456818620071,3.8152871889827766,-0.5467102026874191,z-score
-0.5630239550510517,1.4210274666853522,-1.1963955297075248,z-score
-1.1839441011788647,1.3110887220828014,-0.5467102026874191,z-score
1.0797533458471051,-0.5599312876218585,-0.47027663480270077,z-score
-0.23304924882312827,0.034081491808798395,0.2176254761597642,z-score
0.8987994746898569,0.038204194731394074,0.8290940192375108,z-score
0.8544480356807274,0.15535766944848706,0.7908772352951516,z-score
-0.8610656251924019,-0.5946307038870385,0.8290940192375108,z-score
2.6994678984605147,1.3152114250053972,-1.9607312085547082,z-score
2.218698299601551,-0.6492565176114309,-1.9607312085547082,z-score
1.1294269575373301,1.399039717764842,-1.9607312085547082,z-score
1.196841144831207,-0.6337963816516972,-1.9607312085547082,z-score
1.156037820942808,0.8940086097468746,-1.9607312085547082,z-score
-1.068630359755128,-0.3802501519120645,-0.5467102026874191,z-score
-0.5541536672492259,-0.30466726499781094,-0.5084934187450599,z-score
-0.9249316973655485,-0.5589006118912095,0.14119190827504585,z-score
-0.22417896102130225,-0.2531334784653653,-0.2409759311485458,z-score
-1.0739525324362238,-0.5204220512803167,0.5997933155833558,z-score
-0.26853040003043177,-0.541379124470178,0.40870939587156,z-score
-0.34658893268649976,-0.291955597653141,0.17940869221740502,z-score
-0.6268900272241983,-0.2960783005757367,-0.6231437705721374,z-score
0.013544752067631878,3.3899616708016587,1.1348282907763843,z-score
-0.9710571939350433,-0.09818856029114548,1.1730450747187433,z-score
-0.7918773803381599,-0.2180905036233023,1.096611506834025,z-score
-0.7155929052424572,0.0986705042627969,0.7908772352951516,z-score
-0.15321665860669514,0.17356627402328456,0.7526604513527925,z-score
-0.5807645306547036,-0.1699923028596864,0.40870939587156,z-score
-0.09112464399391373,-0.1607162212838462,0.17940869221740502,z-score
-1.047341669030746,-0.5389742144319971,-1.9607312085547082,z-score
-0.8131660710625421,-0.8876861699682127,-1.9607312085547082,z-score
1.1791005692275554,-0.5616490805062733,-1.9607312085547082,z-score
1.2110336053141286,-0.730336341755812,-1.9607312085547082,z-score
0.9875023527081159,-0.5534036746610819,-1.9607312085547082,z-score
1.0744311731660097,-0.8760051783541917,-1.9607312085547082,z-score
-0.6570490057504063,-0.4438084886354142,0.3322758279868417,z-score
-0.046773204984784225,-0.5747043064278262,0.06475834039032753,z-score
-0.7759108622948734,-0.5894773252337939,0.3322758279868417,z-score
-0.14257231324450395,-0.42869191125256345,-0.31740949903326415,z-score
0.6025318621088718,0.08870730553319077,0.37049261192920085,z-score
1.1773265116671903,-0.4266305597912657,-0.04989201143674997,z-score
2.059033119168685,0.536364131211702,0.2176254761597642,z-score
-1.0136345753838074,0.16360307529367843,-0.20275914720618662,z-score
-0.7528481140101261,-0.4022379008325747,-0.9288780421110108,z-score
0.24772035003583573,-0.6575019234566221,0.2940590440444825,z-score
-0.4157771775407417,0.05366433069112775,0.5233597476986375,z-score
1.4576276062048887,0.08802018837942484,0.5997933155833558,z-score
0.17675804762122846,-0.43934222713593557,0.5615765316409966,z-score
0.952021201500812,0.593394854974275,0.9055275871222291,z-score
-0.12305768008048708,0.11516131595317965,-0.011675227494390806,z-score
1.2394185262799715,-0.4135753338697128,-0.279192715090905,z-score
1.0974939214507569,-0.11364869625087914,-0.279192715090905,z-score
1.3795690735488206,0.7308182857274634,-0.3556262829756233,z-score
0.07918488180114341,0.7771986936066645,0.7526604513527925,z-score
1.3973096491524726,0.9050024842071297,-1.9607312085547082,z-score
0.3222307675711733,1.6075797739328053,-1.9607312085547082,z-score
0.2707830983205829,0.33160321938945125,-1.9607312085547082,z-score
2.782848603797678,0.8445361746757268,-1.9607312085547082,z-score
1.4185983398768542,1.5708190062063274,-1.9607312085547082,z-score
0.29384584660533036,-0.6540663376877923,-1.9607312085547082,z-score
1.1524897058220775,-0.5400048901626461,-1.9607312085547082,z-score
-0.6375343725863892,-0.5839803880036664,-1.9607312085547082,z-score
-0.7670405744930475,-0.8794407641230214,-1.9607312085547082,z-score
-0.7439778262083002,-0.5705816035052305,-1.9607312085547082,z-score
0.21578731394926254,-0.5492809717384863,-1.9607312085547082,z-score
0.15724341445721157,-0.5829497122730175,-1.9607312085547082,z-score
0.627368667953984,0.05297721353736182,-0.04989201143674997,z-score
-0.7936514378985251,0.18421658990665674,-0.8906612581686516,z-score
-0.1177355073993915,-0.2091579806243451,-0.011675227494390806,z-score
0.554632307979012,0.7363152229575911,0.10297512433268668,z-score
2.452873897569755,0.20002028444327344,-0.04989201143674997,z-score
2.2612756810503147,-0.43934222713593557,0.06475834039032753,z-score
2.4315852068453725,0.15467055229472126,0.06475834039032753,z-score
0.7355861791362603,-0.5719558378127624,-0.7760109063415741,z-score
-1.2407139431105505,-0.3929618192567345,-0.6613605545144966,z-score
0.7763895030246595,0.03579928469321327,0.3322758279868417,z-score
0.5280214445735342,-0.4304097041369783,0.25584226010212335,z-score
-0.7084966750009966,0.044731807692170444,-0.5849269866297783,z-score
1.7716357943895256,0.2247565019788473,-1.9607312085547082,z-score
0.7142974884118779,0.7792600450679624,-1.9607312085547082,z-score
-0.7049485598802661,1.6735430206943356,-1.9607312085547082,z-score
-0.5488314945681303,-0.6258945343833888,-1.9607312085547082,z-score
0.9821801800270201,-0.6447902561119523,-1.9607312085547082,z-score
0.643335185997271,-0.6667780050324624,-1.9607312085547082,z-score
1.9738783562711562,0.7847569822980899,-1.9607312085547082,z-score
2.644472114089194,0.34603267961853607,-1.9607312085547082,z-score
-0.8646137403131324,-0.10952599332828346,0.9055275871222291,z-score
-0.09999493179573976,3.931066429392338,0.6762268834680741,z-score
0.1306325510517338,-0.12842171505684688,1.0201779389493066,z-score
-0.48319136483461855,-0.4036121351401066,-0.011675227494390806,z-score
-0.2809488029529881,3.875066381360414,0.10297512433268668,z-score
-0.8468731647094805,-0.47369808482423265,0.37049261192920085,z-score
-0.8539693949509414,-0.37372253895128815,-0.47027663480270077,z-score
-0.44948427118768025,-0.3441765013393527,0.4469261798139192,z-score
-0.7084966750009966,-0.5613055219293903,0.10297512433268668,z-score
-0.988797769538695,-0.32562433818767217,0.25584226010212335,z-score
-0.7617184018119519,-0.3493298799925972,-0.5849269866297783,z-score
-0.13547608300304323,0.08870730553319077,0.14119190827504585,z-score
-0.08048029863172255,-0.5688638106208157,0.5615765316409966,z-score
-1.136044547049005,0.1855908242141886,-0.31740949903326415,z-score
-0.4317436955840283,-0.5633668733906881,0.25584226010212335,z-score
-1.045567611470381,-0.4438084886354142,0.2940590440444825,z-score
-0.8238104164247333,-0.45171033590372256,-0.4320598508603416,z-score
0.5031846387284216,0.12065825318330706,-0.6995773384568558,z-score
1.2571591018836232,-0.5719558378127624,0.8290940192375108,z-score
0.35416380365774647,-0.40498636944763855,1.0201779389493066,z-score
-0.18869780981399878,-0.7220909359106208,1.1348282907763843,z-score
-0.9036430066411663,-0.8426799963965435,0.2176254761597642,z-score
3.0117020290847867,-0.7258700802563334,-0.08810879537910914,z-score
1.3192511164964045,0.14814293933394465,0.06475834039032753,z-score
0.2707830983205829,-0.6575019234566221,-1.9607312085547082,z-score
1.193293029710477,0.3542780854637272,-1.9607312085547082,z-score
-0.7581702866912217,0.2828179014720693,-1.9607312085547082,z-score
1.0620127702434534,-0.6657473293018135,-1.9607312085547082,z-score
1.4647238364463493,0.7689532877614732,-1.9607312085547082,z-score
1.315703001375674,1.2925365589311213,-1.9607312085547082,z-score
1.9011419962961837,1.4175918809165227,-1.9607312085547082,z-score
1.886949535813262,0.3401921838115255,-1.9607312085547082,z-score
0.6593017040405575,-0.7086921514121849,0.9055275871222291,z-score
1.4469832608426971,-0.7035387727589404,1.2494786426034616,z-score
2.270145968852141,-0.7196860258724399,1.1348282907763843,z-score
-0.3182040117206568,-0.7856492726339703,0.25584226010212335,z-score
-0.5506055521284954,-0.26137888431055667,-1.2728290975922432,z-score
-0.2986893785566398,-0.2730598759245777,-0.2409759311485458,z-score
-0.5027059979986356,-0.6011583168478148,-0.47027663480270077,z-score
-0.6393084301467544,-0.7664099923285239,-0.8906612581686516,z-score
-0.7351075384064741,-0.2603482085799077,-0.2409759311485458,z-score
-1.0810487626776843,-0.7914897684409808,-0.5849269866297783,z-score
0.1359547237328292,-0.23355063958303596,-0.20275914720618662,z-score
-0.7120447901217268,1.1616407411387089,1.1348282907763843,z-score
0.162565587138307,4.296612755195818,-0.9288780421110108,z-score
-0.722689135483918,1.4588189101424789,-0.2409759311485458,z-score
0.4623813148400224,1.3921685462271824,0.9437443710645883,z-score
0.41802987583089285,-0.5324466014712207,0.7144436674104333,z-score
0.6805903947649397,-0.5681766934670496,-1.9607312085547082,z-score
-0.22950113370239783,-0.7086921514121849,-1.9607312085547082,z-score
1.2589331594439883,-0.7231216116412695,-1.9607312085547082,z-score
-1.1608813528941175,-0.5448147102390076,1.5169961301999757,z-score
-1.1555591802130218,-0.5743607478509432,1.4787793462576166,z-score
0.036607500352379044,-0.4774772291699454,1.6316464820270533,z-score
-1.224747425067264,-0.4740416434011157,1.4787793462576166,z-score
-1.1112077412038923,0.19898960871262447,1.78451361779649,z-score
-1.1324964319282746,-0.45445880451878634,1.593429698084694,z-score
-0.3040115512377354,0.1697871296775719,1.6316464820270533,z-score
0.3736784368217634,1.305591784852674,-1.9607312085547082,z-score
-0.19934215517618978,0.794720181027696,-1.9607312085547082,z-score
-0.36255545072978634,-0.29539118342197074,-0.20275914720618662,z-score
-0.6197937969827375,-0.37303542179752225,-0.3556262829756233,z-score
-1.008312402702712,-0.40155078367880875,0.5997933155833558,z-score
-1.1005633958417014,-0.6021889925784638,1.6698632659694124,z-score
-0.4689989043516971,-0.4087655137933512,1.7462968338541307,z-score
0.0507999608353005,0.5373948069423509,1.32591221048818,z-score
-1.0296010934270943,0.18627794136795464,1.593429698084694,z-score
-0.9621869061332172,-0.47198029193981783,-0.39384306691798243,z-score
-0.6907560993973446,-0.34108447414740595,0.10297512433268668,z-score
-0.2064383854176505,-0.34829920426194827,-0.31740949903326415,z-score
-0.39803660193709,-0.5022134467055193,-0.6613605545144966,z-score
-0.783007092536334,-0.3610108716066182,0.14119190827504585,z-score
-0.7705886896137778,-0.3671949259905117,0.48514296375627836,z-score
-0.8770321432356886,-0.3263114553414381,0.2940590440444825,z-score
-0.8042957832607163,-0.40086366652504285,-0.5467102026874191,z-score
-0.162086946408521,1.362622508615247,1.32591221048818,z-score
0.1182141481291775,1.233788042284133,0.7908772352951516,z-score
0.6025318621088718,3.845520343748478,-0.9670948260533699,z-score
0.4322223363138143,-0.5400048901626461,-0.6613605545144966,z-score
0.19449862322488018,-0.5767656578891239,0.8290940192375108,z-score
-0.1177355073993915,0.10554167580045629,-0.47027663480270077,z-score
-0.5985051062583553,-0.600127641117166,0.7526604513527925,z-score
0.6096280923503323,-0.5637104319675712,0.7526604513527925,z-score
0.7072012581704173,-0.5496245303153693,-0.7377941223992149,z-score
0.7746154454642941,-0.5001520952442214,-0.31740949903326415,z-score
-1.2087809070239774,-0.5008392123979875,0.25584226010212335,z-score
-0.6233419121034678,-0.4122010995621808,-0.08810879537910914,z-score
0.803000366430137,0.05332077211424472,0.06475834039032753,z-score
-0.3004634361170051,-0.7756860739043642,-0.20275914720618662,z-score
0.09515139984443001,-0.600814758270932,-0.6995773384568558,z-score
-0.5594758399303215,-0.5929129110026236,-0.6995773384568558,z-score
-0.6712414662333277,-0.45239745305748846,-0.8142276902839333,z-score
-0.15499071616706028,-0.4541152459419034,-0.4320598508603416,z-score
-1.049115726591111,-0.4706060576322859,0.06475834039032753,z-score
-0.8539693949509414,-0.6427289046506544,-1.1199619618228065,z-score
-0.28449691807371835,-0.15968554555319725,0.37049261192920085,z-score
-0.6854339267162493,0.07015514238151037,0.02654155644796836,z-score
-0.3182040117206568,-0.19988189904850479,0.638010099525715,z-score
0.9254103380953346,-0.6578454820335051,-0.7377941223992149,z-score
-0.49560976775717486,-0.39571028787179835,0.9055275871222291,z-score
-0.7191410203631875,3.8180356575978407,-0.04989201143674997,z-score
-0.4317436955840283,3.7087840301490558,0.86731080317987,z-score
-0.7883292652174296,-0.4252563254837338,0.5997933155833558,z-score
-0.7244631930442831,3.746919032183065,0.9437443710645883,z-score
-0.3430408175657693,-0.7248394045256844,-0.16454236326382746,z-score
-0.4796432497138883,-0.706630799950887,-0.7760109063415741,z-score
-0.41932529266147217,-0.26790649727133303,0.2940590440444825,z-score
-0.8468731647094805,-0.7856492726339703,-0.9288780421110108,z-score
-0.8007476681399859,-0.21912117935395123,-1.234612313649884,z-score
1.070883058045279,-0.4554894802494352,0.4469261798139192,z-score
-0.4707729619120624,-0.44002934428970153,0.2940590440444825,z-score
-0.7138188476820921,-0.4444956057891801,-0.08810879537910914,z-score
0.7497786396191818,-0.49706006805227476,-0.5849269866297783,z-score
-0.4441620985065846,-0.44346493005853127,0.10297512433268668,z-score
0.900573532250222,-0.4833177249769559,-0.6613605545144966,z-score
-1.1484629499715613,0.6408059385841252,1.32591221048818,z-score
-0.9426722729692004,-0.4042992522938726,1.2112618586611026,z-score
-0.8060698408210815,0.1374926234505727,-0.5467102026874191,z-score
-0.17982752201217275,-0.5066797082049979,0.40870939587156,z-score
0.44464073923637065,0.1952104643669118,0.14119190827504585,z-score
-0.3802960263334381,-0.4276612355219146,-0.2409759311485458,z-score
0.30626424952788667,-0.15624995978436748,0.2940590440444825,z-score
-0.33417052976394346,-0.46442200324839245,-0.9288780421110108,z-score
-0.2277270761420327,-0.4087655137933512,-0.6231437705721374,z-score
0.5333436172546296,-0.5513423231997843,-0.31740949903326415,z-score
-0.24014547906458886,-0.5022134467055193,0.25584226010212335,z-score
-0.3767479112127078,-0.5977227310789852,-0.6231437705721374,z-score
0.8633183234825531,-0.5420662416239439,0.5233597476986375,z-score
0.7302640064551645,0.18387303132977384,0.4469261798139192,z-score
-1.2034587343428818,0.11687910883759439,0.37049261192920085,z-score
0.0011263491450755662,-0.42456920832996786,0.7144436674104333,z-score
0.11998820568954263,-0.4218207397149041,-0.08810879537910914,z-score
1.1826486843482857,0.12546807325966866,-0.3556262829756233,z-score
1.0921717487696614,-0.4255998840606167,0.86731080317987,z-score
1.0513684248812623,-0.41529312675412766,0.9437443710645883,z-score
-0.6056013364998161,0.6634808046584011,0.3322758279868417,z-score
-0.47786919215352314,-0.46785758901722213,0.3322758279868417,z-score
1.8727570753303409,0.7868183337593878,-0.20275914720618662,z-score
-0.5506055521284954,0.1952104643669118,0.86731080317987,z-score
1.3015105408927528,0.606450080895828,0.8290940192375108,z-score
1.4061799369542987,0.6913090493859217,0.02654155644796836,z-score
-0.6464046603882151,-0.10918243475140056,0.2176254761597642,z-score
1.4487573184030627,0.7940330638739301,0.6762268834680741,z-score
2.564639523872761,-0.3943360535642664,1.058394722891666,z-score
2.642698056528829,-0.7217473773337377,0.7526604513527925,z-score
0.162565587138307,-0.4159802439078936,0.2176254761597642,z-score
-1.0757265899965889,-0.4613299760564457,0.7908772352951516,z-score
-0.9178354671240877,-0.3998329907943939,0.5615765316409966,z-score
-0.05032132010551451,-0.5863852980418471,0.14119190827504585,z-score
-0.6854339267162493,-0.434532407059574,0.3322758279868417,z-score
-0.6126975667412768,-0.10643396613633672,0.2940590440444825,z-score
-0.4441620985065846,0.07530852103475488,-0.08810879537910914,z-score
0.2583646953980266,-0.42250785686867,0.06475834039032753,z-score
-0.4140031199803766,0.1742533911770506,-1.1199619618228065,z-score
-0.6304381423449286,-0.4723238505167008,-0.5467102026874191,z-score
0.7746154454642941,-0.6427289046506544,-0.279192715090905,z-score
0.3257788826919036,-0.6678086807631113,-0.16454236326382746,z-score
-0.4140031199803766,-0.46373488609462654,0.638010099525715,z-score
-0.4441620985065846,4.273937889121543,-0.4320598508603416,z-score
-0.8344547617869243,4.0262321551889215,-1.0435283939380882,z-score
0.15192124177611582,-0.565084666275103,-0.7760109063415741,z-score
-0.9905718270990602,-0.589133766656911,0.25584226010212335,z-score
-1.2282955401879943,-0.5623361976600392,0.7908772352951516,z-score
0.5191511567717082,0.10829014441552012,0.5997933155833558,z-score
-0.6605971208711365,1.1963401574038892,0.638010099525715,z-score
-1.116529913884988,0.13852329918122167,-0.9670948260533699,z-score
0.2902977314846001,0.09763982853214807,1.2494786426034616,z-score
-0.8060698408210815,1.1468677223327413,-0.7760109063415741,z-score
-0.4796432497138883,3.7208085803399595,-0.31740949903326415,z-score
-0.46012861654987125,-0.5327901600481036,0.2940590440444825,z-score
-1.2442620582312809,0.12409383895213681,0.06475834039032753,z-score
-0.5328649765248437,0.2409037550923469,-0.3556262829756233,z-score
-0.3075596663584658,0.12409383895213681,-0.8524444742262924,z-score
0.17143587494013302,0.09283000845578646,-0.3556262829756233,z-score
-0.034354802062227914,1.4134691779939268,-0.04989201143674997,z-score
-1.254906403593472,-0.5303852500099229,-0.5467102026874191,z-score
1.2411925838403366,0.403406961957992,-1.9607312085547082,z-score
0.9608914893026381,0.3508424996948977,-1.9607312085547082,z-score
0.9484730863800818,0.7696404049152392,-1.9607312085547082,z-score
1.5285899086194956,0.8479717604445567,-1.9607312085547082,z-score
2.7491415101507397,-0.658876157764154,-1.9607312085547082,z-score
1.8940457660547232,1.5601686903229552,-1.9607312085547082,z-score
0.4712516026418484,0.8356036516767698,-1.9607312085547082,z-score
-0.2951412634359095,-0.6482258418807819,-1.9607312085547082,z-score
0.47834783288330895,1.6821319851164098,-1.9607312085547082,z-score
2.0466147162461286,0.07359072815034,-0.31740949903326415,z-score
-0.456580501429141,-0.21705982789265332,0.5233597476986375,z-score
-0.48319136483461855,-0.4554894802494352,-1.9607312085547082,z-score
0.35238974609738133,-0.8887168456988616,-1.9607312085547082,z-score
-1.0420194963496503,-0.5850110637343152,-1.9607312085547082,z-score
1.2145817204348588,1.4997023807915522,-1.9607312085547082,z-score
1.6847069739316314,0.28968907300972885,-1.9607312085547082,z-score
2.0909661552552583,-0.6678086807631113,-1.9607312085547082,z-score
0.8792848415258396,1.5237514811733603,-1.9607312085547082,z-score
-1.0845968777984145,-0.4757594362855305,1.4787793462576166,z-score
-0.7014004447595358,-0.552372998930433,1.2112618586611026,z-score
-1.2016846767825164,0.10279320718539259,1.555212914142335,z-score
-0.4707729619120624,-0.4163238024847765,1.4405625623152574,z-score
-0.9976680573405209,-0.6032196683091128,1.6698632659694124,z-score
-0.2596601122286059,-0.5722993963896454,0.5997933155833558,z-score
-0.06273972302807082,0.19211843717496496,-0.08810879537910914,z-score
-1.2229733675068988,-0.5578699361605606,0.37049261192920085,z-score
-1.0633081870740326,-0.5887902080800279,0.10297512433268668,z-score
0.33642322805409475,-0.5530601160841989,-0.6613605545144966,z-score
-1.1999106192221514,0.16635154390874213,-0.47027663480270077,z-score
-0.9550906758917566,-0.3032930306902791,-0.5849269866297783,z-score
-0.5789904730943383,-0.4908760136683812,0.10297512433268668,z-score
-0.6676933511125973,-0.516642906934604,0.14119190827504585,z-score
-0.2064383854176505,-0.5468760617003054,-0.5084934187450599,z-score
-1.1076596260831622,-0.29985744492144933,-0.5084934187450599,z-score
-1.040245438789285,-0.3438329427624697,0.638010099525715,z-score
-0.27917474539262294,-0.5132073211657744,0.14119190827504585,z-score
4.6420609270603865,0.11516131595317965,0.4469261798139192,z-score
4.3280527388757495,-0.7200295844493229,0.37049261192920085,z-score
3.0010576837225953,-0.6918577811449192,0.638010099525715,z-score
-0.5701201852925124,-0.7186553501417909,0.638010099525715,z-score
0.4269001636327189,-0.70697435852777,0.8290940192375108,z-score
0.5333436172546296,-0.5685202520439328,0.25584226010212335,z-score
-0.40513283217855073,-0.45033610159619064,-0.08810879537910914,z-score
-0.6357603150260241,4.214845813897671,-1.0435283939380882,z-score
-0.09289870155427887,1.3083402534677377,-0.04989201143674997,z-score
0.018866924748727306,-0.5235140784722635,-1.1199619618228065,z-score
0.07208865155968285,3.8262810634430315,-0.3556262829756233,z-score
-0.16386100396888614,0.14573802929576382,0.7144436674104333,z-score
-1.205232791903247,1.1760702013677937,-0.011675227494390806,z-score
0.16788775981940243,0.13646194771992376,1.058394722891666,z-score
0.18385427786268901,-0.11777139917347483,1.058394722891666,z-score
-0.09289870155427887,3.948587916813369,0.86731080317987,z-score
-1.0331492085478244,-0.19885122331785596,1.058394722891666,z-score
-0.8149401286229073,-0.16861806855215442,-0.011675227494390806,z-score
-1.0225048631856333,3.6393851976186955,0.7144436674104333,z-score
-0.7244631930442831,-0.16449536562955885,0.17940869221740502,z-score
-0.5825385882150688,-0.28371019180794976,0.3322758279868417,z-score
-0.7776849198552385,-0.599784082540283,0.5233597476986375,z-score
-0.39448848681635956,-0.3376488883785762,0.10297512433268668,z-score
-0.6002791638187205,-0.3805937104889476,-0.47027663480270077,z-score
-1.0544378992722065,-0.5372564215475824,0.14119190827504585,z-score
-0.5736683004132429,-0.49568583374474284,-0.5467102026874191,z-score
-0.46545078923096683,-0.4675140304403392,0.17940869221740502,z-score
-0.2543379395475103,-0.5984098482327511,0.2176254761597642,z-score
-1.045567611470381,0.030989464616851658,1.1348282907763843,z-score
-1.0420194963496503,-0.5722993963896454,1.7080800499117716,z-score
0.03305938523164876,-0.5760785407353581,1.1348282907763843,z-score
0.0011263491450755662,-0.5705816035052305,1.0201779389493066,z-score
-0.24191953662495413,0.07805698964981872,1.555212914142335,z-score
-1.0863709353587798,-0.5568392604299116,-0.2409759311485458,z-score
-0.9515425607710261,-0.49912141951357253,-0.31740949903326415,z-score
-1.027827035866729,-0.27890037173158816,-0.3556262829756233,z-score
-0.37497385365234265,-0.5757349821584751,-0.39384306691798243,z-score
-0.703174502319901,-0.5303852500099229,-0.5849269866297783,z-score
0.10047357252552575,0.3357259223120468,-1.9607312085547082,z-score
1.76986173682916,0.3192351106216643,-1.9607312085547082,z-score
-0.10531710447683519,0.7936895052970473,-1.9607312085547082,z-score
2.035970370883937,-0.4747287605548816,1.287695426545821,z-score
1.2944143106512922,-0.7231216116412695,0.5997933155833558,z-score
2.9975095686018656,0.1883392928292523,0.6762268834680741,z-score
0.9910504678288462,-0.7121277371810145,1.0201779389493066,z-score
3.607785369367487,-0.4255998840606167,0.8290940192375108,z-score
-0.7652665169326823,-0.8770358540848405,-1.9607312085547082,z-score
0.013544752067631878,-0.8794407641230214,-1.9607312085547082,z-score
0.42157799095162346,-0.5430969173545929,-1.9607312085547082,z-score
1.136523187778791,-0.5582134947374435,-1.9607312085547082,z-score
0.9076697624916825,-0.8746309440466598,-1.9607312085547082,z-score
0.685912567446035,-0.8756616197773087,-1.9607312085547082,z-score
1.0886236336489312,-0.7110970614503657,-1.9607312085547082,z-score
0.18562833542305449,0.12306316322148786,0.25584226010212335,z-score
0.08450705448223915,-0.15762419409189946,0.7908772352951516,z-score
-0.5115762858004614,-0.4183851539460744,-0.04989201143674997,z-score
-0.4246474653425676,-0.11983275063477261,0.48514296375627836,z-score
-0.49738382531754,-0.6973547183750469,-1.9607312085547082,z-score
0.627368667953984,-0.4176980367923084,-1.9607312085547082,z-score
-0.6623711784315018,-0.7227780530643867,-1.9607312085547082,z-score
0.4038374153479714,-0.5444711516621247,0.2940590440444825,z-score
-0.9036430066411663,0.13714906487368955,-0.3556262829756233,z-score
-0.19047186737436392,1.2169536720168674,-0.08810879537910914,z-score
0.3559378612181116,3.7225263732243747,-0.5467102026874191,z-score
0.10934386032735147,3.9506492682746672,1.096611506834025,z-score
0.36658220658030277,0.1924619957518481,-1.1581787457651658,z-score
-0.03790291718295851,0.23746816932351714,-0.5467102026874191,z-score
-0.703174502319901,-0.5472196202771885,0.3322758279868417,z-score
0.419803933391258,-0.4548023630956693,0.7526604513527925,z-score
0.8934773020087611,-0.40945263094711715,0.2940590440444825,z-score
-0.6020532213790857,0.1488300564877107,0.9437443710645883,z-score
0.5528582504186466,0.1165355502607115,-0.04989201143674997,z-score
1.2429666414007017,-0.46373488609462654,0.7144436674104333,z-score
-0.12660579520121737,0.5569776458246802,1.6698632659694124,z-score
-1.1839441011788647,-0.5922257938488577,1.096611506834025,z-score
-0.586086703335799,0.0550385649986596,1.78451361779649,z-score
-1.1378186046093701,0.158106138063551,1.78451361779649,z-score
-0.007743938656750461,0.5556034115171484,1.6698632659694124,z-score
-0.3678776234108819,0.02686676169425597,1.822730401738849,z-score
-0.6162456818620071,-0.4534281287881374,1.78451361779649,z-score
0.3470675734162856,-0.5733300721202943,-1.9607312085547082,z-score
0.24417223491510542,-0.8770358540848405,-1.9607312085547082,z-score
-0.5630239550510517,-0.8818456741612022,-1.9607312085547082,z-score
0.7515526971795469,-0.7227780530643867,-1.9607312085547082,z-score
0.6397870708765404,-0.7272443145638653,-1.9607312085547082,z-score
1.1791005692275554,-0.4451827229429461,-1.9607312085547082,z-score
-0.03258074450186277,0.0687809080739785,-0.9288780421110108,z-score
0.7462305244984512,-0.6155877770768997,-0.4320598508603416,z-score
-0.7404297110875697,-0.27958748888535406,-1.2728290975922432,z-score
0.2459462924754706,-0.2826795160773008,-1.2728290975922432,z-score
-0.4157771775407417,-0.7076614756815359,0.02654155644796836,z-score
-0.9746053090557736,-0.5846675051574324,-0.9670948260533699,z-score
-0.7067226174406314,-0.5777963336197729,-0.47027663480270077,z-score
-1.0207308056252682,-0.5492809717384863,-0.9670948260533699,z-score
-0.1407982556841388,-0.28371019180794976,-0.8524444742262924,z-score
0.13772878129319438,-0.696324042644398,-0.6231437705721374,z-score
-0.7759108622948734,-0.40567348660140445,-0.6995773384568558,z-score
0.38964495486504996,0.09763982853214807,-0.2409759311485458,z-score
-0.8309066466661938,0.6466464343911357,1.6316464820270533,z-score
-0.8397769344680199,-0.5832932708499005,1.4787793462576166,z-score
-0.06451378058843596,-0.42388209117620196,1.6316464820270533,z-score
-0.5098022282400964,-0.5592441704680924,1.78451361779649,z-score
-0.09112464399391373,0.6834072021176135,1.78451361779649,z-score
-0.6268900272241983,-0.42010294683048915,1.2112618586611026,z-score
-1.0207308056252682,0.5758733675532436,1.287695426545821,z-score
-0.8717099705545931,0.7153581497677298,1.2112618586611026,z-score
-0.9905718270990602,0.0942042427633183,1.1730450747187433,z-score
0.05257401839566596,3.922477464970264,-0.2409759311485458,z-score
-0.5293168614041134,3.6356060532729835,0.5233597476986375,z-score
-1.1200780290057184,-0.5712687206589965,-0.6995773384568558,z-score
-0.06806189570916657,-0.5331337186249867,-0.16454236326382746,z-score
-0.7723627471741429,-0.6568148063028562,-0.8524444742262924,z-score
0.6539795313594619,0.14745582218017883,-0.9670948260533699,z-score
2.6976938409001496,1.3049046676989082,-1.9607312085547082,z-score
2.467066358052676,0.9070638356684276,-1.9607312085547082,z-score
0.9041216473709522,0.714327474037081,-1.9607312085547082,z-score
-0.9355760427277395,0.311676821930239,-1.9607312085547082,z-score
0.545762020177186,-0.6423853460737715,-1.9607312085547082,z-score
0.10934386032735147,0.09386068418643528,0.3322758279868417,z-score
-1.0313751509874594,0.10691591010798827,0.9437443710645883,z-score
-1.0012161724612514,-0.12498612928801713,0.2176254761597642,z-score
-0.4583545589895061,0.07874410680358464,0.6762268834680741,z-score
-0.10709116203720033,-0.4499925430193077,0.10297512433268668,z-score
-0.8610656251924019,-0.4530845702112544,0.5615765316409966,z-score
-0.9267057549259138,-0.46270421036397763,-0.47027663480270077,z-score
-0.6783376964747885,-0.2637837943487375,0.25584226010212335,z-score
-0.6676933511125973,-0.7633179651365772,-0.6613605545144966,z-score
-0.7883292652174296,-0.706630799950887,-0.5467102026874191,z-score
-0.8433250495887502,-0.6997596284132276,-0.7377941223992149,z-score
-0.2561119971078756,-0.23595554962121676,-0.6613605545144966,z-score
-0.7865552076570643,-0.2232438822765468,0.25584226010212335,z-score
-0.2064383854176505,-0.4221642982917871,-0.5467102026874191,z-score
-1.1928143889806906,-0.5678331348901667,-0.4320598508603416,z-score
0.6593017040405575,-0.4606428589026798,0.7144436674104333,z-score
-0.7439778262083002,0.13852329918122167,-0.6995773384568558,z-score
0.6983309703685914,0.0663759980357977,-0.5467102026874191,z-score
-0.3111077814791961,-0.5592441704680924,0.8290940192375108,z-score
-0.7599443442515867,-0.5479067374309544,0.02654155644796836,z-score
-0.7652665169326823,-0.4534281287881374,-0.20275914720618662,z-score
-0.10354304691647004,-0.44930542586554173,0.86731080317987,z-score
0.6291427255143496,-0.4441520472122972,-0.1263255793214683,z-score
-0.8096179559418119,-0.5863852980418471,0.02654155644796836,z-score
-0.958638791012487,-0.4922502479759131,-0.6613605545144966,z-score
0.5297955021338994,-0.5427533587777099,0.8290940192375108,z-score
-0.3075596663584658,-0.4499925430193077,0.25584226010212335,z-score
0.4322223363138143,0.07943122395735057,-0.7760109063415741,z-score
-1.1963625041014212,0.5669408445542864,1.555212914142335,z-score
-0.9958939997801556,-0.43315817275204216,1.096611506834025,z-score
0.029511270110918475,0.09695271137838202,-0.9288780421110108,z-score
-0.5718942428528776,0.10657235153110524,-1.1199619618228065,z-score
-0.6552749481900412,-0.5571828190067947,1.1348282907763843,z-score
0.5191511567717082,0.18043744556094407,0.10297512433268668,z-score
0.2672349831998526,-0.4757594362855305,-0.6231437705721374,z-score
-0.8557434525113065,-0.5750478650047092,0.40870939587156,z-score
0.08805516960296944,-0.48709686932266855,-0.6995773384568558,z-score
-0.12128362252012179,-0.4472440744042439,0.7144436674104333,z-score
0.643335185997271,-0.4833177249769559,0.02654155644796836,z-score
1.0655608853641838,0.10897726156928605,0.638010099525715,z-score
0.58479128650522,-0.42834835267568055,0.6762268834680741,z-score
0.5883394016259503,0.0457624834228194,-0.2409759311485458,z-score
0.3949671275461457,0.10863370299240302,0.7526604513527925,z-score
-0.5222206311626526,-0.494311599437211,0.25584226010212335,z-score
-0.555927724809591,-0.4668269132865733,-0.31740949903326415,z-score
0.18562833542305449,-0.4668269132865733,0.5615765316409966,z-score
-0.46012861654987125,0.1701306882544548,-0.7760109063415741,z-score
-0.16031288884815587,-0.5685202520439328,-0.39384306691798243,z-score
3.0542794105335513,0.15673190375601892,0.40870939587156,z-score
3.78696518296437,-0.5458453859696566,1.3641289944305393,z-score
0.6326908406350799,-0.564397549121337,1.058394722891666,z-score
-0.8592915676320368,0.0550385649986596,1.096611506834025,z-score
-0.9373501002881048,0.11344352306876464,1.0201779389493066,z-score
-0.6251159696638331,-0.5850110637343152,1.4787793462576166,z-score
0.2104651412681668,0.14264600210381723,-0.279192715090905,z-score
0.8686404961636488,-0.4352195242133399,-0.3556262829756233,z-score
-0.2915931483151791,-0.6049374611935275,-0.6995773384568558,z-score
-0.25078982442678,-0.5877595323493789,0.02654155644796836,z-score
-0.4938357101968097,-0.7822136868651407,-0.7377941223992149,z-score
0.22820571687181854,-0.541722683047061,0.37049261192920085,z-score
-0.15499071616706028,-0.7279314317176312,-0.20275914720618662,z-score
0.20159485346634107,-0.23286352242927003,-0.2409759311485458,z-score
-0.8309066466661938,-0.5781398921966558,-0.31740949903326415,z-score
-0.15676477372742542,-0.5575263775836777,-0.5084934187450599,z-score
-0.2099865005383808,-0.2981396520370346,0.2176254761597642,z-score
1.0354019068379756,-0.41529312675412766,0.5233597476986375,z-score
3.1891077851213048,0.19589758152067763,0.2940590440444825,z-score
1.3618284979451691,0.028928113155553877,0.37049261192920085,z-score
0.2548165802772963,-0.39158758494920265,1.4787793462576166,z-score
1.5037531027743831,0.040952663346457786,1.4023457783728983,z-score
2.841392503289729,0.043357573384638595,1.4405625623152574,z-score
2.133543536704022,-0.47885146347747726,0.7908772352951516,z-score
-0.2827228605133532,-0.5619926390831561,0.86731080317987,z-score
0.9218622229746041,-0.6891093125298555,0.5615765316409966,z-score
0.06321836375785682,0.1491736150645936,1.058394722891666,z-score
3.412639037727317,-0.398458756486862,0.9819611550069475,z-score
1.4079539945146635,0.17940676983029513,1.4405625623152574,z-score
2.231116702524107,0.358400788386323,-1.9607312085547082,z-score
-0.5328649765248437,0.2597994768209102,-1.9607312085547082,z-score
2.3144974078612703,1.3354813810414925,-1.9607312085547082,z-score
0.6486573586783664,-0.647538724727016,-1.9607312085547082,z-score
2.0767736947723363,1.4735919289484467,-1.9607312085547082,z-score
-0.9391241578484699,-0.5863852980418471,0.5615765316409966,z-score
-1.128948316807544,0.17116136398510376,0.40870939587156,z-score
-0.9976680573405209,-0.4269741183681487,0.2940590440444825,z-score
-0.16918317664998173,3.3205628382712984,0.14119190827504585,z-score
-0.3288483570828479,-0.45892506601826494,0.5615765316409966,z-score
0.07208865155968285,3.829716649211861,0.06475834039032753,z-score
-0.5239946887230178,-0.46923182332475405,0.5615765316409966,z-score
-1.0597600719533022,3.561053842089378,0.48514296375627836,z-score
-0.06096566546770568,0.2429651065536448,0.7144436674104333,z-score
-0.6233419121034678,3.5589924906280803,-0.011675227494390806,z-score
0.8189668844734236,-0.5633668733906881,-0.16454236326382746,z-score
-1.0721784748758585,0.11447419879941359,0.06475834039032753,z-score
-0.0574175503469754,0.11619199168382835,0.7908772352951516,z-score
-0.8202623013040029,-0.5396613315857631,-1.9607312085547082,z-score
-0.6393084301467544,-0.411170423831532,-1.9607312085547082,z-score
-0.6747895813540581,-0.7255265216794504,-1.9607312085547082,z-score
-0.4938357101968097,-0.5534036746610819,-0.5084934187450599,z-score
-0.40690688973891587,-0.7241522873719185,0.3322758279868417,z-score
0.22465760175108823,-0.5795141265041878,0.02654155644796836,z-score
-1.0296010934270943,-0.30707217503599177,-0.20275914720618662,z-score
-1.0562119568325719,-0.2782132545778222,0.37049261192920085,z-score
-0.5310909189644785,-0.24213960400511023,-0.20275914720618662,z-score
-0.6499527755089456,-0.41082686525464895,-0.47027663480270077,z-score
-0.3554592204883256,-0.3860906477190751,0.5997933155833558,z-score
-1.0916931080398755,-0.46270421036397763,-0.7760109063415741,z-score
0.3506156885370162,0.1721920397157527,-0.5849269866297783,z-score
0.14482501153465527,-0.5863852980418471,-0.08810879537910914,z-score
1.6616442256468842,1.4385489541063838,-1.9607312085547082,z-score
1.8621127299681495,0.2876277215484309,-1.9607312085547082,z-score
-0.6978523296388054,0.11550487453006254,0.5997933155833558,z-score
-0.8167141861832724,-0.6224589486145591,0.2940590440444825,z-score
-0.5381871492059392,-0.5702380449283475,1.1348282907763843,z-score
-0.20466432785728536,0.12134537033707311,1.058394722891666,z-score
0.041929673033474786,-0.5987534068096341,1.1730450747187433,z-score
2.809459467203156,0.13955397491187035,1.4405625623152574,z-score
2.3694931922325915,0.09798338710903097,0.4469261798139192,z-score
2.772204258435487,-0.7083485928353018,0.9437443710645883,z-score
3.2281370514493384,-0.5479067374309544,1.2494786426034616,z-score
-0.048547262545149364,-0.4273176769450316,-0.04989201143674997,z-score
-0.6747895813540581,-0.22015185508460006,0.86731080317987,z-score
-0.9196095246844529,-0.45995574174891385,0.4469261798139192,z-score
0.11998820568954263,0.20105096017392238,0.37049261192920085,z-score
0.14837312665538555,-0.42422564975308485,0.7908772352951516,z-score
1.5303639661798611,0.7400943673033037,-1.9607312085547082,z-score
0.9378287410178906,1.387358726150821,-1.9607312085547082,z-score
1.5250417934987655,0.28178722574142034,-1.9607312085547082,z-score
2.834296273048268,-0.6434160218044204,-1.9607312085547082,z-score
2.3659450771118613,1.5282177426728394,-1.9607312085547082,z-score
2.8715514818159376,0.3955051146896838,-1.9607312085547082,z-score
2.8005891794013302,0.37935786157618423,-1.9607312085547082,z-score
-0.9320279276070093,-0.5887902080800279,-0.8906612581686516,z-score
-0.43883992582548903,-0.30398014784404503,0.3322758279868417,z-score
0.32932699781263386,3.8980848060115725,-0.8524444742262924,z-score
-1.1058855685227968,4.197667885053523,-0.31740949903326415,z-score
-0.8096179559418119,1.195996598827006,-0.2409759311485458,z-score
-0.633986257465659,-0.5784834507735389,0.8290940192375108,z-score
-0.2224049034609371,4.015238280728665,-1.1963955297075248,z-score
-0.011292053777480746,4.069520535876175,0.02654155644796836,z-score
0.02418909742982305,-0.21465491785447252,-0.20275914720618662,z-score
-0.2649822849097015,-0.7234651702181526,-0.7760109063415741,z-score
-0.046773204984784225,-0.7801523354038428,-0.5467102026874191,z-score
-1.0154086329441727,-0.5918822352719748,0.2940590440444825,z-score
0.2459462924754706,-0.7835879211726725,-0.8906612581686516,z-score
-1.0899190504795104,-0.6880786367992066,-1.1199619618228065,z-score
0.16788775981940243,-0.2785568131547052,0.02654155644796836,z-score
-0.26675634247006663,0.06671955661268061,0.7144436674104333,z-score
3.127015770508523,-0.44106002002035044,0.48514296375627836,z-score
3.0081539139640556,-0.41872871252295735,0.25584226010212335,z-score
3.3718357138389186,0.03339437465503246,1.096611506834025,z-score
3.446346131374256,-0.5547779089686139,1.287695426545821,z-score
1.4363389154805064,-0.7076614756815359,1.287695426545821,z-score
-0.763492459372317,-0.5187042583959018,-0.4320598508603416,z-score
-1.1076596260831622,-0.3981151979099791,-0.6231437705721374,z-score
-0.783007092536334,-0.411170423831532,0.3322758279868417,z-score
-0.5949569911376249,-0.3854035305653092,-0.16454236326382746,z-score
-0.6464046603882151,-0.42834835267568055,-1.9607312085547082,z-score
-0.7847811500966992,-0.8839070256225,-1.9607312085547082,z-score
-0.18160157957253803,-0.4554894802494352,-1.9607312085547082,z-score
0.5120549265302476,-0.7176246744111421,-1.9607312085547082,z-score
0.22643165931145337,-0.7203731430262058,-1.9607312085547082,z-score
-0.11418739227866105,-0.5887902080800279,-1.9607312085547082,z-score
-0.4636767316706017,-0.6897964296836214,-1.9607312085547082,z-score
0.017092867188362164,0.08767662980254182,1.78451361779649,z-score
0.03128532767128362,0.6380574699690614,1.6698632659694124,z-score
-0.19579404005545933,0.06156617795943609,1.287695426545821,z-score
0.49431435092659554,-0.6028761097322298,-0.47027663480270077,z-score
0.21223919882853193,0.07977478253423347,-0.6231437705721374,z-score
0.58479128650522,0.05813059219060633,-0.279192715090905,z-score
0.3931930699857806,-0.600127641117166,-0.279192715090905,z-score
0.27255715588094803,-0.5496245303153693,-0.31740949903326415,z-score
-0.5222206311626526,-0.4791950220543602,0.7526604513527925,z-score
-0.8628396827527671,-0.4321274970213932,-0.3556262829756233,z-score
-0.29691532099627466,0.10691591010798827,1.096611506834025,z-score
-0.25078982442678,0.7215422041516233,1.5169961301999757,z-score
-0.15676477372742542,0.6507691373137312,1.1730450747187433,z-score
-1.2761950943178542,0.572781340361297,1.287695426545821,z-score
-0.36965168097124707,0.06122261938255307,1.058394722891666,z-score
-0.23127519126276297,-0.5578699361605606,1.2494786426034616,z-score
-0.32352618440175246,0.9025975741689489,-1.9607312085547082,z-score
2.442229552207564,0.7950637396045791,-1.9607312085547082,z-score
1.1826486843482857,-0.6166184528075487,-1.9607312085547082,z-score
-1.205232791903247,-0.5736736306971773,0.48514296375627836,z-score
-0.683659869155884,-0.5437840345083588,0.9055275871222291,z-score
-0.09644681667500947,1.2166101134399843,-0.31740949903326415,z-score
0.49076623580586526,0.15192208367965754,0.5233597476986375,z-score
0.4322223363138143,0.24159087224611295,1.0201779389493066,z-score
-1.1005633958417014,4.0200481008050275,0.14119190827504585,z-score
-1.253132346033107,4.140293602714068,0.25584226010212335,z-score
-0.5399612067663043,3.744857680721767,0.40870939587156,z-score
-0.17627940689144245,-0.14972234682359112,0.06475834039032753,z-score
-0.8788062007960539,0.2223515919406665,0.48514296375627836,z-score
-0.0574175503469754,0.11413064022253057,1.1348282907763843,z-score
0.22997977443218398,-0.4389986685590526,0.3322758279868417,z-score
-0.2596601122286059,3.384808292148414,0.2176254761597642,z-score
0.19449862322488018,-0.6351706159592291,-0.47027663480270077,z-score
-0.832680704226559,0.046106041999702425,-0.6613605545144966,z-score
0.3825487246235894,0.03511216753944734,-0.8142276902839333,z-score
-0.10531710447683519,-0.6434160218044204,-0.9670948260533699,z-score
0.4747997177625787,0.06156617795943609,-0.7760109063415741,z-score
0.8260631147148845,0.1883392928292523,-0.3556262829756233,z-score
0.21401325638889707,-0.4080783966395853,-0.16454236326382746,z-score
-0.030806686941497626,-0.11983275063477261,0.37049261192920085,z-score
1.8993679387358182,0.7095176539607193,0.9437443710645883,z-score
1.244740698961067,0.11928401887577521,0.10297512433268668,z-score
1.1720043389860946,-0.46201709321021167,0.14119190827504585,z-score
0.7018790854893217,-0.21465491785447252,0.9055275871222291,z-score
1.283769965289101,-0.44483916436606313,0.02654155644796836,z-score
0.36658220658030277,-0.5602748461987413,1.4787793462576166,z-score
3.2618441450962763,0.050572303499181015,1.058394722891666,z-score
3.414413095287682,-0.7001031869901105,0.3322758279868417,z-score
1.0070169858721327,-0.5798576850810707,1.1730450747187433,z-score
3.070245928576837,0.16085460667861473,0.9437443710645883,z-score
0.20869108370780165,-0.4183851539460744,1.1348282907763843,z-score
1.2394185262799715,0.13440059625862585,0.37049261192920085,z-score
1.5960040959133723,-0.7035387727589404,0.48514296375627836,z-score
-1.057986014392937,1.149272632370922,-0.6995773384568558,z-score
-1.0952412231606057,3.7225263732243747,-0.1263255793214683,z-score
-0.8894505461582448,1.4347698097606711,-0.279192715090905,z-score
-0.9036430066411663,4.194575857861576,-0.6995773384568558,z-score
-0.9817015392972342,0.1742533911770506,0.4469261798139192,z-score
-0.10354304691647004,0.19589758152067763,-1.1963955297075248,z-score
-0.24546765174568444,-0.7203731430262058,-1.9607312085547082,z-score
-0.9426722729692004,-0.5788270093504218,-1.9607312085547082,z-score
-0.7014004447595358,0.8699595093650668,-1.9607312085547082,z-score
1.8035688304760986,0.8349165345230036,-1.9607312085547082,z-score
2.596572559959334,0.8321680659079399,-1.9607312085547082,z-score
-0.8060698408210815,0.8651496892887052,-1.9607312085547082,z-score
0.398515242666876,0.3618363741551528,-1.9607312085547082,z-score
-0.034354802062227914,0.30514920896946235,-1.9607312085547082,z-score
-0.5186725160419222,1.1685119126763686,-1.0817451778804474,z-score
-0.09999493179573976,3.946870123928955,-1.0817451778804474,z-score
-0.26853040003043177,4.161937793057694,-0.5084934187450599,z-score
0.20869108370780165,0.1378361820274556,-1.0435283939380882,z-score
-0.5843126457754338,1.232757366553484,-1.005311609995729,z-score
0.48544406312476984,1.3024997576607271,0.7908772352951516,z-score
-1.2300695977483593,0.08698951264877589,-1.1963955297075248,z-score
0.017092867188362164,1.3815182303438103,1.0201779389493066,z-score
-0.21885678834020683,0.1539834351409552,1.287695426545821,z-score
-0.33949270244503904,0.7074563024994214,1.78451361779649,z-score
-0.4619026741102364,0.7672354948770584,1.4023457783728983,z-score
-0.06806189570916657,-0.5987534068096341,1.822730401738849,z-score
-1.0296010934270943,-0.45445880451878634,1.2112618586611026,z-score
-1.2318436553087246,-0.4039556937169896,1.32591221048818,z-score
-1.1715256982563085,0.07805698964981872,1.593429698084694,z-score
-0.07338406839026199,-0.5802012436579537,1.7462968338541307,z-score
-0.09467275911464401,-0.14869167109294218,0.40870939587156,z-score
0.23175383199254912,-0.4747287605548816,0.06475834039032753,z-score
4.416755616894008,-0.7014774212976425,1.0201779389493066,z-score
1.8834014206925318,-0.8447413478578414,-0.16454236326382746,z-score
2.4510998400093893,-0.836839500589533,-0.1263255793214683,z-score
0.6344648981954449,-0.12979594936437874,0.10297512433268668,z-score
-0.6215678545431027,-0.4125446581390639,-0.08810879537910914,z-score
0.8934773020087611,-0.6612810678023348,0.40870939587156,z-score
-1.0313751509874594,-0.4781643463237113,1.096611506834025,z-score
-1.1555591802130218,0.1557012280253702,1.1348282907763843,z-score
0.0507999608353005,-0.5458453859696566,1.7462968338541307,z-score
-0.2224049034609371,-0.4554894802494352,1.3641289944305393,z-score
-1.0508897841514764,-0.43934222713593557,1.7080800499117716,z-score
0.331101055372999,-0.5575263775836777,0.14119190827504585,z-score
0.44464073923637065,-0.5867288566187301,0.7144436674104333,z-score
-0.43883992582548903,-0.7083485928353018,0.638010099525715,z-score
3.2955512387432155,-0.5657717834288689,0.25584226010212335,z-score
-0.005969881096385004,-0.4022379008325747,0.02654155644796836,z-score
-1.049115726591111,3.4548942418325397,0.40870939587156,z-score
0.19449862322488018,0.1718484811388698,-0.08810879537910914,z-score
-0.6694674086729626,0.2481184852068893,0.9437443710645883,z-score
0.0383815579127445,-0.21465491785447252,1.058394722891666,z-score
-0.5789904730943383,-0.4568637145569671,-0.011675227494390806,z-score
0.16611370225903727,-0.15006590540047401,0.7908772352951516,z-score
-0.36965168097124707,-0.3936489364105004,0.25584226010212335,z-score
0.5741469411430289,1.1949659230963574,0.14119190827504585,z-score
0.16079152957794185,-0.541379124470178,-0.04989201143674997,z-score
-1.097015280720971,0.08527171976436101,0.2176254761597642,z-score
0.5705988260222986,0.23059699778585785,-0.5084934187450599,z-score
0.9183141078538738,0.1278729832978495,-0.6613605545144966,z-score
-0.5594758399303215,0.06500176372826573,-0.7760109063415741,z-score
0.331101055372999,-0.5716122792358794,0.7526604513527925,z-score
-0.880580258356419,-0.28542798469236463,0.40870939587156,z-score
-0.6233419121034678,-0.494311599437211,-0.6231437705721374,z-score
-0.456580501429141,-0.36341578164479904,-0.08810879537910914,z-score
-0.5381871492059392,-0.5987534068096341,-0.5849269866297783,z-score
-0.2064383854176505,-0.4857226350151367,0.638010099525715,z-score
-0.3075596663584658,-0.3008881206520983,-0.5849269866297783,z-score
-0.5151244009211919,-0.33215195114844864,-0.47027663480270077,z-score
2.349978559068574,-0.5822625951192516,1.1348282907763843,z-score
1.4398870306012366,-0.5774527750428899,1.2494786426034616,z-score
2.4404554946471984,-0.4396857857128186,0.9819611550069475,z-score
2.436907379526468,-0.3936489364105004,0.5233597476986375,z-score
2.5770579267953173,0.1350877134123919,0.40870939587156,z-score
2.6639867472532113,-0.7203731430262058,0.6762268834680741,z-score
2.484806933656328,-0.44002934428970153,1.0201779389493066,z-score
3.0134760866451513,-0.5898208838106769,1.0201779389493066,z-score
0.13950283885355952,-0.6681522393399942,0.3322758279868417,z-score
0.015318809627997022,0.18524726563730567,0.6762268834680741,z-score
0.034833442792013905,0.5542291772096163,0.17940869221740502,z-score
1.1312010150976957,0.17116136398510376,0.8290940192375108,z-score
0.9183141078538738,-0.4489618672886588,-0.3556262829756233,z-score
1.22522606579705,0.03476860896256432,0.10297512433268668,z-score
0.5475360777375511,0.6572967502745076,0.17940869221740502,z-score
-0.6925301569577099,0.034425050385681416,0.6762268834680741,z-score
-0.5310909189644785,-0.5544343503917308,1.78451361779649,z-score
-0.12483173764085223,-0.40052010794815984,1.4405625623152574,z-score
-0.28449691807371835,0.13096501048979609,1.096611506834025,z-score
-0.5825385882150688,0.16566442675497633,1.1730450747187433,z-score
-0.2596601122286059,-0.5692073691976985,1.6316464820270533,z-score
-0.4991578828779053,3.7266490761469697,1.096611506834025,z-score
0.03305938523164876,-0.14216405813216568,0.8290940192375108,z-score
-0.48496542239498386,-0.4455262815198291,0.2176254761597642,z-score
-0.2703044575907971,-0.1902622588957817,0.2176254761597642,z-score
-0.2561119971078756,3.2618143216243105,0.5997933155833558,z-score
-0.949768503210661,-0.4304097041369783,0.37049261192920085,z-score
1.400857764273203,0.33125966081256836,-1.9607312085547082,z-score
2.011133565038825,0.2247565019788473,-1.9607312085547082,z-score
-0.6854339267162493,0.38210633019124796,-1.9607312085547082,z-score
-0.5293168614041134,0.24777492663000641,1.2494786426034616,z-score
-1.23716582798982,1.3756777345367999,-0.1263255793214683,z-score
-0.43529181070475875,1.3121193978134504,-0.5084934187450599,z-score
0.04370373059383993,-0.5310723671636888,-1.0817451778804474,z-score
-1.3010319001629667,1.3584998056926512,-0.16454236326382746,z-score
0.4836700055644047,-0.446213398673595,0.48514296375627836,z-score
-0.05564349278661025,-0.48984533793773233,-0.2409759311485458,z-score
0.08095893936150855,-0.49362448228344497,0.25584226010212335,z-score
-0.6694674086729626,-0.5602748461987413,-0.8142276902839333,z-score
-1.1307223743679093,-0.4623606517870946,-0.04989201143674997,z-score
-0.6002791638187205,0.1539834351409552,0.7144436674104333,z-score
0.803000366430137,0.15226564225654043,0.7526604513527925,z-score
-0.46012861654987125,0.18456014848353963,-0.39384306691798243,z-score
-0.3306224146432132,-0.5437840345083588,0.48514296375627836,z-score
-1.1963625041014212,0.1718484811388698,-0.39384306691798243,z-score
-0.8539693949509414,-0.4482747501348929,-0.20275914720618662,z-score
-0.2986893785566398,-0.5468760617003054,-0.7377941223992149,z-score
-0.9089651793222618,-0.23148928812173816,-1.0817451778804474,z-score
-0.8610656251924019,-0.5534036746610819,0.06475834039032753,z-score
-0.19756809761582464,-0.30672861645910887,0.40870939587156,z-score
-0.7457518837686653,-0.5719558378127624,-0.3556262829756233,z-score
-0.3004634361170051,-0.5619926390831561,-0.47027663480270077,z-score
-1.0562119568325719,-0.7798087768269598,-0.4320598508603416,z-score
0.508506811409517,-0.5379435387013483,-0.6995773384568558,z-score
0.0986995149651606,1.3124629563903334,-0.9288780421110108,z-score
-0.783007092536334,-0.5870724151956132,-0.16454236326382746,z-score
-0.7688146320534126,-0.33215195114844864,-0.011675227494390806,z-score
-0.9089651793222618,-0.4805692563618921,-0.47027663480270077,z-score
-1.027827035866729,-0.399145873640628,0.40870939587156,z-score
-0.8646137403131324,-0.27512122738587547,0.3322758279868417,z-score
-0.36255545072978634,3.9743548100795922,-0.4320598508603416,z-score
-0.586086703335799,1.2760457472407385,0.8290940192375108,z-score
-0.25256388198714513,3.731458896223332,0.6762268834680741,z-score
-0.15321665860669514,0.2505233952450701,-0.47027663480270077,z-score
-0.5789904730943383,0.0828668097261802,-0.6995773384568558,z-score
-0.26320822734933635,-0.42937902840632935,-1.9607312085547082,z-score
-0.763492459372317,-0.8746309440466598,-1.9607312085547082,z-score
0.7568748698606423,-0.577109216466007,-1.9607312085547082,z-score
-1.0526638417118415,-0.5564957018530288,-1.9607312085547082,z-score
-0.7776849198552385,-0.5520294403535501,-1.9607312085547082,z-score
1.136523187778791,-0.4170109196385424,-1.9607312085547082,z-score
-0.059191607907340536,-0.8780665298154895,-1.9607312085547082,z-score
-0.40513283217855073,-0.5537472332379649,-0.5084934187450599,z-score
-0.26675634247006663,-0.5898208838106769,-0.47027663480270077,z-score
-0.9870237119783298,-0.541722683047061,-0.04989201143674997,z-score
0.24949440759620087,-0.5788270093504218,0.02654155644796836,z-score
-0.6357603150260241,-0.707317917104653,-1.2728290975922432,z-score
-0.42819558046329803,-0.1332315351332085,-0.08810879537910914,z-score
-0.7191410203631875,-0.21740338646953636,0.10297512433268668,z-score
0.15546935689684643,-0.1809861773199415,0.37049261192920085,z-score
-0.5541536672492259,0.12100181176018997,1.058394722891666,z-score
-0.6162456818620071,-0.5286674571255081,0.06475834039032753,z-score
-0.32707429952248274,-0.5856981808880813,0.40870939587156,z-score
-0.8184882437436376,-0.44758763298112686,1.822730401738849,z-score
-0.6872079842766143,-0.41426245102347875,1.593429698084694,z-score
-0.3430408175657693,-0.5448147102390076,1.6316464820270533,z-score
-0.9728312514954084,-0.5420662416239439,1.78451361779649,z-score
-0.26143416978897105,0.7064256267687724,1.096611506834025,z-score
-1.2229733675068988,-0.4063606037551704,1.5169961301999757,z-score
-0.06273972302807082,0.16257239956302946,1.096611506834025,z-score
-0.11241333471829591,-0.4723238505167008,-1.005311609995729,z-score
-0.2915931483151791,-0.6684957979168772,0.40870939587156,z-score
-1.0225048631856333,-0.10574684898257079,0.2940590440444825,z-score
0.5315695596942644,-0.2046917191248664,-0.39384306691798243,z-score
0.16966181737976757,-0.10299838036750697,-0.279192715090905,z-score
-0.27385257271152735,-0.48640975216890264,0.5615765316409966,z-score
-0.6943042145180751,-0.3950231707180323,-0.4320598508603416,z-score
0.004674464265805851,-0.44930542586554173,-0.4320598508603416,z-score
-0.009517996217115604,-0.5767656578891239,-0.31740949903326415,z-score
-1.1839441011788647,-0.541722683047061,-0.31740949903326415,z-score
-0.06273972302807082,-0.5561521432761457,0.4469261798139192,z-score
1.0566905975623577,-0.4754158777086475,0.06475834039032753,z-score
-0.6889820418369795,0.0550385649986596,-0.16454236326382746,z-score
-1.040245438789285,-0.41494956817724465,0.86731080317987,z-score
0.820740942033789,-0.4352195242133399,-0.4320598508603416,z-score
2.378363480034417,0.8383521202918334,-1.9607312085547082,z-score
1.91356039921874,0.7565851789936863,-1.9607312085547082,z-score
2.9017104603421457,-0.65956327491792,-1.9607312085547082,z-score
2.5770579267953173,-0.6379190845742928,-1.9607312085547082,z-score
-0.35723327804869076,0.6837507606944965,-1.9607312085547082,z-score
0.5688247684619331,-0.6430724632275374,-0.7760109063415741,z-score
-0.7209150779235528,0.11413064022253057,-0.8142276902839333,z-score
0.48189594800403956,-0.4520538944806055,0.4469261798139192,z-score
-0.33417052976394346,-0.40086366652504285,-0.3556262829756233,z-score
-0.18692375225363347,-0.4310968212907443,0.2176254761597642,z-score
0.5067327538491518,-0.5946307038870385,0.14119190827504585,z-score
1.0868495760885661,-0.5774527750428899,-0.6231437705721374,z-score
-0.7404297110875697,-0.5911951181182087,0.5233597476986375,z-score
-0.23659736394385855,-0.39227470210296855,-0.7760109063415741,z-score
0.9768580073459247,-0.40532992802452145,-0.8142276902839333,z-score
-0.07515812595062714,0.18971352713678416,-0.6231437705721374,z-score
-1.1732997558166738,0.1512349665258915,0.25584226010212335,z-score
-0.5718942428528776,-0.4352195242133399,0.7144436674104333,z-score
-0.7723627471741429,-0.42834835267568055,0.7144436674104333,z-score
0.10047357252552575,-0.3898697920647878,-1.9607312085547082,z-score
-0.03790291718295851,-0.7317105760633439,-1.9607312085547082,z-score
-0.8255844739850985,-0.5619926390831561,-1.9607312085547082,z-score
-0.8450991071491153,-0.565428224851986,-1.9607312085547082,z-score
0.685912567446035,-0.45239745305748846,-1.9607312085547082,z-score
-0.6091494516205463,-0.8852812599300319,-1.9607312085547082,z-score
-0.3412667600054042,-0.5547779089686139,-1.9607312085547082,z-score
2.3251417532234617,-0.41907227109984035,0.7526604513527925,z-score
-0.48851353751571414,0.7091740953838364,0.4469261798139192,z-score
-0.6552749481900412,0.6225973340093276,1.593429698084694,z-score
-0.2561119971078756,0.6129776938566044,1.7080800499117716,z-score
-1.2034587343428818,-0.5777963336197729,1.4023457783728983,z-score
-0.15499071616706028,-0.399145873640628,1.2112618586611026,z-score
-0.9036430066411663,0.6944010765778686,1.6698632659694124,z-score
-1.0331492085478244,-0.5619926390831561,1.32591221048818,z-score
0.04015561547310965,4.024857920881389,0.7908772352951516,z-score
-0.8202623013040029,4.306575953925425,1.1348282907763843,z-score
0.5422139050564556,-0.5571828190067947,-0.8142276902839333,z-score
-0.5878607608961643,3.946183006775189,-0.08810879537910914,z-score
-0.03612885962259305,-0.4451827229429461,0.7526604513527925,z-score
-0.8255844739850985,-0.29058136334560913,-0.47027663480270077,z-score
-0.3856181990145337,-0.7801523354038428,-1.0435283939380882,z-score
-0.8717099705545931,-0.5530601160841989,0.06475834039032753,z-score
0.5014105811680565,-0.4949987165909769,0.638010099525715,z-score
-0.06451378058843596,-0.6035632268859956,-0.2409759311485458,z-score
0.407385530468702,0.10451100006980746,0.5997933155833558,z-score
-0.0858024713128183,-0.5070232667818809,0.5233597476986375,z-score
-0.7280113081650135,-0.46923182332475405,0.10297512433268668,z-score
0.43399639387417943,-0.4091090723702341,0.3322758279868417,z-score
-1.0792747051173193,-0.14353829243969765,0.9819611550069475,z-score
0.16966181737976757,3.888808724435733,1.1348282907763843,z-score
-0.3661035658505168,-0.20847086347057905,0.8290940192375108,z-score
-0.6996263871991707,0.20105096017392238,1.0201779389493066,z-score
-0.5896348184565294,-0.19575919612590922,0.5615765316409966,z-score
-0.19579404005545933,-0.10986955190516648,1.096611506834025,z-score
-0.03612885962259305,3.8276552977505642,1.1730450747187433,z-score
-0.0893505864335486,-0.4080783966395853,0.3322758279868417,z-score
0.3594859763388419,-0.7076614756815359,-1.9607312085547082,z-score
-0.12128362252012179,-0.7093792685659508,-1.9607312085547082,z-score
1.2021633175123025,-0.884250584199383,-1.9607312085547082,z-score
1.1613599936239036,-0.8845941427762659,-1.9607312085547082,z-score
1.2199038931159545,-0.8808149984305532,-1.9607312085547082,z-score
0.487218120685135,-0.5259189885104443,-1.9607312085547082,z-score
-0.5098022282400964,-0.34589429422376744,-0.011675227494390806,z-score
-0.3607813931694212,-0.5668024591595178,-0.5849269866297783,z-score
-0.9958939997801556,-0.5266061056642102,0.5615765316409966,z-score
-0.8096179559418119,-0.4723238505167008,0.2940590440444825,z-score
-0.45303238630841053,-0.44037290286658454,0.14119190827504585,z-score
-0.09112464399391373,0.1326828033742111,0.6762268834680741,z-score
-0.21708273077984153,-0.6626553021098667,-0.20275914720618662,z-score
-0.6552749481900412,0.18524726563730567,0.37049261192920085,z-score
-0.3714257385316122,-0.4668269132865733,1.4023457783728983,z-score
3.5971410240052957,0.06500176372826573,0.6762268834680741,z-score
1.7521211612255085,-0.7231216116412695,0.5997933155833558,z-score
2.8839698847384936,0.14333311925758327,1.2494786426034616,z-score
2.5060956243807104,-0.7138455300654294,0.25584226010212335,z-score
3.0507312954128203,-0.7086921514121849,0.9819611550069475,z-score
3.2955512387432155,0.19349267148249683,0.9819611550069475,z-score
0.8438036903185362,0.12752942472096657,1.4405625623152574,z-score
-0.6375343725863892,-0.2249616751609617,0.17940869221740502,z-score
-0.048547262545149364,-0.4352195242133399,0.7526604513527925,z-score
-0.8433250495887502,-0.42147718113802113,-0.011675227494390806,z-score
-0.9036430066411663,-0.44483916436606313,0.4469261798139192,z-score
0.6114021499106975,-0.09544009167608164,0.02654155644796836,z-score
0.5067327538491518,-0.47713367059306244,0.48514296375627836,z-score
0.7125234308515128,0.17287915686951874,-0.31740949903326415,z-score
-0.06273972302807082,0.04851095203788311,0.4469261798139192,z-score
0.1430509539742901,0.19727181582820946,-0.04989201143674997,z-score
-0.6818858115955188,0.1924619957518481,0.10297512433268668,z-score
0.664623876721653,-0.20950153920122802,-0.31740949903326415,z-score
-0.4743210770327927,-0.4534281287881374,-0.47027663480270077,z-score
-0.046773204984784225,-0.422851415445553,-0.31740949903326415,z-score
-1.1218520865660835,-0.5015263295517534,0.06475834039032753,z-score
0.6096280923503323,-0.49362448228344497,-0.7760109063415741,z-score
-0.39448848681635956,-0.5850110637343152,0.2940590440444825,z-score
0.833159344956345,0.057443475036840407,0.7908772352951516,z-score
1.8284056363212113,-0.7207167016030888,0.9055275871222291,z-score
0.4623813148400224,-0.7286185488713971,1.0201779389493066,z-score
3.5173084337888634,0.08870730553319077,0.638010099525715,z-score
2.073225579651606,-0.5602748461987413,1.2112618586611026,z-score
0.723167776213704,-0.6035632268859956,0.40870939587156,z-score
0.625594610393619,-0.11708428201970877,-0.7377941223992149,z-score
-0.4033587746181856,-0.12739103932619794,0.5615765316409966,z-score
-0.3802960263334381,-0.43762443425152076,-0.31740949903326415,z-score
-0.20821244297801567,-0.10643396613633672,0.3322758279868417,z-score
-0.5115762858004614,-0.4231949740224359,-0.1263255793214683,z-score
0.5244733294528036,-0.3943360535642664,-0.6613605545144966,z-score
0.950247143940447,-0.20091257477915375,-0.3556262829756233,z-score
1.681158858810901,0.15948037237108287,0.2176254761597642,z-score
0.022415039869457906,0.6913090493859217,-0.08810879537910914,z-score
1.8603386724077846,-0.13082662509502768,0.8290940192375108,z-score
-0.1017689893561049,-0.43762443425152076,0.6762268834680741,z-score
-0.17627940689144245,-0.42869191125256345,0.3322758279868417,z-score
2.2328907600844725,-0.4080783966395853,0.37049261192920085,z-score
0.5812431713844894,-0.4359066413671059,0.48514296375627836,z-score
0.3825487246235894,-0.16655671709085665,-0.2409759311485458,z-score
0.8686404961636488,-0.6647166535711645,0.17940869221740502,z-score
-0.4033587746181856,-0.4537716873650203,-0.5084934187450599,z-score
-0.9550906758917566,-0.22633590946849366,0.5233597476986375,z-score
-0.0024217659756547187,-0.12601680501866608,0.638010099525715,z-score
-0.7067226174406314,-0.4125446581390639,-0.7760109063415741,z-score
-0.1283798527615825,-0.4207900639842551,-0.16454236326382746,z-score
0.8863810717673005,-0.6561276891490903,0.5997933155833558,z-score
-0.28627097563408366,-0.5688638106208157,0.2176254761597642,z-score
0.09515139984443001,-0.5520294403535501,-0.31740949903326415,z-score
-0.8007476681399859,-0.47713367059306244,0.10297512433268668,z-score
-0.7492999988893956,-0.5053054738974659,-0.1263255793214683,z-score
-1.1058855685227968,-0.4925938065527961,-0.5849269866297783,z-score
0.811870654231963,-0.4513667773268396,-0.3556262829756233,z-score
0.21223919882853193,0.1488300564877107,0.5997933155833558,z-score
-0.7244631930442831,-0.6039067854628787,1.1730450747187433,z-score
-0.24901576686641488,-0.40498636944763855,1.2112618586611026,z-score
-1.164429468014848,0.559038997285978,1.2112618586611026,z-score
-0.3661035658505168,-0.5262625470873272,0.5233597476986375,z-score
-1.1218520865660835,-0.3695998360286925,0.3322758279868417,z-score
-0.2436935941853193,-0.5279803399717421,-0.16454236326382746,z-score
-0.06628783814880111,-0.13460576944074035,-0.6231437705721374,z-score
-0.4015847170578203,-0.16346468989890992,-0.04989201143674997,z-score
-0.8965467763997057,-0.6619681849561008,-0.7377941223992149,z-score
-0.8859024310375145,-0.3939924949873834,-0.16454236326382746,z-score
0.8633183234825531,0.04919806919164916,-0.8906612581686516,z-score
-0.12305768008048708,-0.6643730949942817,-0.16454236326382746,z-score
-0.42996963802366317,-0.43831155140528666,-0.9670948260533699,z-score
0.35771191877847675,0.760020764762516,0.48514296375627836,z-score
0.7870338483868504,0.0275538788480219,-0.3556262829756233,z-score
0.08273299692187401,-0.12532968786490015,-0.3556262829756233,z-score
1.443435145721967,-0.12567324644178304,0.8290940192375108,z-score
1.8035688304760986,0.24433934086117665,-1.9607312085547082,z-score
-0.3678776234108819,0.8039962626035363,-1.9607312085547082,z-score
1.638581477362137,1.3653709772303106,-1.9607312085547082,z-score
1.0052429283117676,0.726352024227985,-1.9607312085547082,z-score
0.8083225391112328,0.358400788386323,-1.9607312085547082,z-score
-0.09467275911464401,0.8246097772165146,-1.9607312085547082,z-score
-0.23659736394385855,0.045418924845936376,1.4023457783728983,z-score
-0.16563506152925128,0.6916526079628047,1.4405625623152574,z-score
-1.045567611470381,-0.3988023150637451,1.555212914142335,z-score
-0.18514969469326834,0.7651741434157605,1.1348282907763843,z-score
0.015318809627997022,0.6339347670464656,1.0201779389493066,z-score
-0.44061398338585434,0.6339347670464656,1.4023457783728983,z-score
-0.7244631930442831,-0.5503116474691353,1.1730450747187433,z-score
-1.235391770429455,-0.5619926390831561,-0.2409759311485458,z-score
-0.3323964722035783,-0.504961915320583,-0.4320598508603416,z-score
-0.28449691807371835,0.2089528074422306,0.2176254761597642,z-score
-0.7741368047345082,-0.4444956057891801,0.9437443710645883,z-score
-0.733333480846109,-0.21740338646953636,0.5233597476986375,z-score
-0.04322508986405394,-0.17480212293604802,0.5997933155833558,z-score
-1.0065383451423469,-0.4080783966395853,0.7908772352951516,z-score
-0.2933672058755444,-0.31737893234248093,0.02654155644796836,z-score
-0.8486472222698458,-0.3486427628388313,-0.279192715090905,z-score
-0.9568647334521219,-0.48537907643825373,-0.2409759311485458,z-score
-0.8859024310375145,-0.5090846182431787,-0.16454236326382746,z-score
-0.7918773803381599,-0.5678331348901667,-0.4320598508603416,z-score
-0.21353461565911125,-0.2555383885035461,0.10297512433268668,z-score
-0.3785219687730729,-0.540348448739529,0.17940869221740502,z-score
-1.057986014392937,-0.34623785280065045,0.40870939587156,z-score
0.8065484815508676,0.031676581770617586,-0.9288780421110108,z-score
-0.7280113081650135,0.07152937668904222,0.25584226010212335,z-score
-0.8983208339600709,-0.6289865615753356,-0.39384306691798243,z-score
0.3009420768467909,0.12306316322148786,-0.9670948260533699,z-score
-0.3323964722035783,-0.14044626524775092,0.5233597476986375,z-score
-0.575442357973608,-0.434188848482691,-1.1199619618228065,z-score
-1.0650822446343977,-0.6633424192636327,-0.5084934187450599,z-score
-1.0633081870740326,-0.17239721289786722,-0.8906612581686516,z-score
1.6439036500432327,0.1670386610625082,1.4787793462576166,z-score
2.85558496377265,-0.6994160698363445,0.5615765316409966,z-score
2.545124890708744,-0.4654526789790414,0.8290940192375108,z-score
0.465929429960753,-0.6403239946124736,-1.9607312085547082,z-score
2.140639766945483,-0.636201291689878,-1.9607312085547082,z-score
-0.6020532213790857,-0.4499925430193077,0.6762268834680741,z-score
-0.41932529266147217,-0.4262870012143826,0.3322758279868417,z-score
-1.0260529783063639,-0.43247105559827625,-0.4320598508603416,z-score
0.4925402933662304,0.09660915280149912,0.2940590440444825,z-score
0.8775107839654746,-0.4444956057891801,0.17940869221740502,z-score
0.6362389557558101,0.03305081607814944,0.5233597476986375,z-score
0.7497786396191818,-0.46957538190163706,0.7144436674104333,z-score
0.5723728835826637,-0.5444711516621247,0.7526604513527925,z-score
-0.14257231324450395,0.7308182857274634,1.0201779389493066,z-score
-1.1502370075319264,-0.5740171892740602,1.555212914142335,z-score
-1.0952412231606057,-0.30294947211339607,0.48514296375627836,z-score
-0.8557434525113065,-0.34829920426194827,0.14119190827504585,z-score
-0.7936514378985251,-0.540692007316412,-0.3556262829756233,z-score
-0.2774006878322578,-0.3012316792289813,0.02654155644796836,z-score
-0.3802960263334381,-0.3658206916829798,0.3322758279868417,z-score
-0.575442357973608,-0.2548512713497802,-0.6613605545144966,z-score
-0.8734840281149583,-0.48366128355383886,0.10297512433268668,z-score
-1.0881449929191451,-0.4135753338697128,0.3322758279868417,z-score
0.0011263491450755662,3.2941088278513098,0.9055275871222291,z-score
-0.08048029863172255,0.18146812129159304,0.7526604513527925,z-score
-0.31465589659992654,-0.1425076167090487,0.37049261192920085,z-score
-0.44061398338585434,3.6751152896145243,0.5615765316409966,z-score
-0.9391241578484699,3.932097105122987,0.638010099525715,z-score
0.06321836375785682,-0.4726674090935838,-0.1263255793214683,z-score
-0.21708273077984153,0.1653208681780932,-0.1263255793214683,z-score
-0.009517996217115604,0.1333699205279769,0.9819611550069475,z-score
-0.7368815959668394,-0.4087655137933512,-0.4320598508603416,z-score
-0.8273585315454636,-0.2734034345014606,-0.08810879537910914,z-score
-1.0349232661081897,-0.3383360055323421,0.638010099525715,z-score
-0.05386943522624511,1.220389257785697,0.9055275871222291,z-score
-1.235391770429455,4.193201623554045,0.40870939587156,z-score
0.04547778815420507,3.6462563691563554,-0.011675227494390806,z-score
-0.7067226174406314,-0.6966676012212808,-1.9607312085547082,z-score
0.3683562641406679,-0.6901399882605045,-1.9607312085547082,z-score
0.606079977229602,-0.5224834027416145,-1.9607312085547082,z-score
0.9981466980703071,-0.45445880451878634,-1.9607312085547082,z-score
-0.9958939997801556,-0.8777229712386065,-1.9607312085547082,z-score
0.3080383070882518,1.3238003894274715,-1.9607312085547082,z-score
-0.005969881096385004,-0.6667780050324624,-1.9607312085547082,z-score
2.479484760975232,0.6734440033880075,-1.9607312085547082,z-score
-0.4814173072742534,0.9273337917045228,-1.9607312085547082,z-score
-0.4938357101968097,1.6385000458522727,-1.9607312085547082,z-score
2.1370916518247522,-0.6640295364173986,-1.9607312085547082,z-score
1.3600544403848036,-0.6214282728839102,-1.9607312085547082,z-score
0.5918875167466806,0.406155430573056,-1.9607312085547082,z-score
2.3907818829569734,0.7363152229575911,-0.3556262829756233,z-score
1.3866653037902812,-0.16552604136020768,0.06475834039032753,z-score
0.7959041361886764,0.10313676576227561,0.37049261192920085,z-score
1.9046901114169141,-0.2160291521620045,0.25584226010212335,z-score
-0.6322121999052939,-0.5747043064278262,-0.6613605545144966,z-score
-0.35013704780723004,-0.5001520952442214,-0.6613605545144966,z-score
-0.46722484679133197,-0.34520717707000154,-0.39384306691798243,z-score
-0.4157771775407417,-0.47782078774682835,-0.6231437705721374,z-score
-0.8947727188393404,-0.3510476728770121,-0.16454236326382746,z-score
-0.4033587746181856,-0.5846675051574324,-0.47027663480270077,z-score
-0.5310909189644785,-0.5369128629706994,-0.011675227494390806,z-score
-0.19579404005545933,-0.5856981808880813,-0.279192715090905,z-score
-1.0792747051173193,-0.5987534068096341,-0.3556262829756233,z-score
-0.5878607608961643,-0.5853546223111982,0.5233597476986375,z-score
-0.6428565452674848,-0.3744096561050541,-0.3556262829756233,z-score
-0.6978523296388054,-0.5097717353969446,-0.31740949903326415,z-score
-0.4743210770327927,-0.3190967252268958,-0.3556262829756233,z-score
-1.03847138122892,-0.5386306558551142,0.40870939587156,z-score
-0.7741368047345082,0.6627936875046353,1.058394722891666,z-score
-0.45480644386877583,0.1323392447973282,1.4787793462576166,z-score
0.04370373059383993,0.6593581017358056,1.5169961301999757,z-score
-1.1591072953337522,0.03511216753944734,1.058394722891666,z-score
-0.7759108622948734,0.6669163904272308,1.822730401738849,z-score
0.2672349831998526,-0.5812319193886026,-1.9607312085547082,z-score
0.28497555880350434,-0.7258700802563334,-1.9607312085547082,z-score
0.4428666816760055,-0.8797843226999044,-1.9607312085547082,z-score
0.43044827875344915,-0.5595877290449753,-1.9607312085547082,z-score
-1.0881449929191451,-0.37509677325882,-1.9607312085547082,z-score
-0.20466432785728536,-0.5671460177364008,-1.9607312085547082,z-score
-0.41755123510110687,0.06500176372826573,-0.279192715090905,z-score
0.36658220658030277,-0.5695509277745816,0.5233597476986375,z-score
-0.2756266302718925,0.1931491129056139,-0.31740949903326415,z-score
-1.1591072953337522,-0.411170423831532,0.3322758279868417,z-score
-0.6996263871991707,0.06843734949709548,1.593429698084694,z-score
-0.9444463305295655,-0.5698944863514647,1.2112618586611026,z-score
-1.0810487626776843,0.1766583012152314,1.2112618586611026,z-score
-0.018388284018941315,-0.5788270093504218,1.4405625623152574,z-score
-1.0296010934270943,-0.5458453859696566,1.32591221048818,z-score
-0.3554592204883256,-0.14113338240151685,0.3322758279868417,z-score
-0.38207008389380337,-0.09853211886802837,0.7526604513527925,z-score
-0.034354802062227914,-0.16209045559137805,1.1730450747187433,z-score
-0.26675634247006663,-0.6667780050324624,-0.4320598508603416,z-score
0.35416380365774647,-0.16002910413008015,0.25584226010212335,z-score
-0.23659736394385855,-0.11811495775035773,-0.1263255793214683,z-score
-0.6570490057504063,0.12375028037525392,0.02654155644796836,z-score
-0.1177355073993915,-0.12842171505684688,-0.5467102026874191,z-score
-0.32352618440175246,-0.5321030428943377,0.40870939587156,z-score
-1.0704044173154934,-0.5217962855878486,0.25584226010212335,z-score
-0.8149401286229073,-0.5929129110026236,0.06475834039032753,z-score
-0.6162456818620071,-0.3469249699544164,-0.04989201143674997,z-score
-0.3643295082901515,-0.5589006118912095,-0.2409759311485458,z-score
-0.27917474539262294,-0.3122255536892364,0.25584226010212335,z-score
-0.5488314945681303,-0.6015018754246979,-0.6613605545144966,z-score
-0.11950956495975663,-0.10437261467503894,0.3322758279868417,z-score
-0.42819558046329803,-0.4159802439078936,-0.8524444742262924,z-score
1.0797533458471051,-0.4747287605548816,0.86731080317987,z-score
1.0513684248812623,-0.56474110769822,-0.7760109063415741,z-score
-0.5594758399303215,0.03751707757762815,0.638010099525715,z-score
-0.6783376964747885,1.6305981985839644,-1.9607312085547082,z-score
2.8325222154879035,0.6590145431589226,-1.9607312085547082,z-score
2.8378443881689983,0.9283644674351718,-1.9607312085547082,z-score
2.683501380417228,0.3075541190076432,-1.9607312085547082,z-score
0.33642322805409475,-0.6461644904194841,-1.9607312085547082,z-score
-0.5789904730943383,-0.4414035785972334,-0.04989201143674997,z-score
-1.194588446541056,-0.4682011475941052,-0.1263255793214683,z-score
-0.26853040003043177,-0.4606428589026798,-0.31740949903326415,z-score
0.4357704514345446,-0.45995574174891385,-0.08810879537910914,z-score
-0.319978069281022,-0.5781398921966558,-0.6613605545144966,z-score
-0.3554592204883256,0.06259685369008493,0.02654155644796836,z-score
-1.0508897841514764,-0.6039067854628787,0.48514296375627836,z-score
0.5989837469881415,0.1484864979108278,-0.011675227494390806,z-score
-0.25256388198714513,-0.5475631788540715,0.5615765316409966,z-score
-0.32175212684138726,-0.2648144700793863,0.2176254761597642,z-score
-0.6517268330693107,-0.5571828190067947,-0.31740949903326415,z-score
-0.822036358864368,-0.33627465407104434,0.10297512433268668,z-score
0.7036531430496871,-0.3974280807562131,0.5233597476986375,z-score
-0.6056013364998161,-0.4723238505167008,-0.6231437705721374,z-score
-0.8060698408210815,-0.3926182606798516,-0.16454236326382746,z-score
0.9325065683367952,-0.6166184528075487,0.06475834039032753,z-score
0.4889921782455001,0.12684230756720052,0.48514296375627836,z-score
0.002900406705440709,0.15879325521731683,-1.005311609995729,z-score
0.21756137150962768,-0.22186964796901495,-0.31740949903326415,z-score
-1.0562119568325719,-0.3489863214157142,-0.16454236326382746,z-score
-1.1236261441264488,-0.3805937104889476,0.17940869221740502,z-score
0.1590174720175767,-0.29779609346015157,-0.47027663480270077,z-score
-0.8380028769076547,-0.7705326952511196,-0.08810879537910914,z-score
-0.172731291770712,-0.2438573968895251,-0.3556262829756233,z-score
-0.7155929052424572,-0.6973547183750469,-0.39384306691798243,z-score
-0.47786919215352314,-0.6973547183750469,-0.4320598508603416,z-score
-1.116529913884988,-0.7890848584028001,-1.1963955297075248,z-score
0.46947754508148326,-0.42937902840632935,0.10297512433268668,z-score
-0.011292053777480746,-0.4726674090935838,-0.6231437705721374,z-score
-1.0065383451423469,0.07702631391916977,0.5233597476986375,z-score
-0.42287340778220245,-0.4262870012143826,-0.20275914720618662,z-score
-0.3111077814791961,-0.5506552060460181,-0.6613605545144966,z-score
-0.3430408175657693,-0.25210280273471647,-0.6613605545144966,z-score
-0.4902875950760793,-0.3671949259905117,-0.04989201143674997,z-score
-0.2880450331944488,-0.5860417394649642,0.02654155644796836,z-score
-0.5275428038437481,-0.3936489364105004,-0.20275914720618662,z-score
-0.22595301858166755,-0.40498636944763855,-0.011675227494390806,z-score
-1.0349232661081897,-0.5018698881286363,-0.4320598508603416,z-score
-0.928479812486279,-0.33730532980169314,-0.47027663480270077,z-score
-0.9515425607710261,-0.540692007316412,0.25584226010212335,z-score
-0.4264215229029329,-0.5128637625888913,-0.47027663480270077,z-score
-0.2543379395475103,-0.5499680888922522,-0.1263255793214683,z-score
-0.5098022282400964,-0.27512122738587547,-0.2409759311485458,z-score
-0.3057856087981005,-0.40532992802452145,-0.279192715090905,z-score
-0.664145235991867,-0.34486361849311864,-0.39384306691798243,z-score
-0.4512583287480454,-0.7928640027485128,-1.1581787457651658,z-score
-0.26853040003043177,-0.7842750383264384,-1.1581787457651658,z-score
-0.30933372391883096,-0.7736247224430663,-0.5849269866297783,z-score
-0.8521953373905762,-0.5492809717384863,-0.5084934187450599,z-score
-0.8681618554338628,-0.7664099923285239,0.06475834039032753,z-score
-0.928479812486279,-0.26790649727133303,-0.3556262829756233,z-score
-0.6126975667412768,0.14058465064251932,0.5233597476986375,z-score
0.7196196610929737,0.056412799306191454,-0.6995773384568558,z-score
-1.2407139431105505,0.04198333907710674,-0.08810879537910914,z-score
-0.5967310486979902,-0.09887567744491141,0.5233597476986375,z-score
0.34884163097665105,-0.16690027566773966,-0.7377941223992149,z-score
-0.4920616526364446,-0.6550970134184413,-0.08810879537910914,z-score
0.575920998703394,-0.17583279866669685,0.06475834039032753,z-score
0.6894606825667656,-0.4207900639842551,0.5997933155833558,z-score
1.1312010150976957,0.18421658990665674,0.9437443710645883,z-score
2.3411082712667484,0.7648305848388776,0.638010099525715,z-score
-1.0597600719533022,-0.5592441704680924,1.5169961301999757,z-score
-0.9834755968575994,0.7407814844570696,1.2112618586611026,z-score
-0.8841283734771495,-0.5805448022348366,1.2494786426034616,z-score
-0.7191410203631875,0.158106138063551,1.78451361779649,z-score
-0.7351075384064741,0.6569531916976247,1.1730450747187433,z-score
-1.2265214826276292,0.11997113602954101,1.4023457783728983,z-score
-0.31288183903956124,0.7892232437975686,1.0201779389493066,z-score
1.7592173914669693,0.7909410366819833,-1.9607312085547082,z-score
2.3428823288271134,0.761738557646931,-1.9607312085547082,z-score
2.330463925904557,-0.6516614276496117,-1.9607312085547082,z-score
0.28852367392423495,0.7311618443043466,-1.9607312085547082,z-score
2.06435529184978,1.4725612532177978,-1.9607312085547082,z-score
-0.7741368047345082,-0.7159068815267273,0.02654155644796836,z-score
-0.47786919215352314,-0.7210602601799718,-0.8524444742262924,z-score
-1.1484629499715613,-0.787710624095268,-1.1581787457651658,z-score
-1.1502370075319264,-0.7004467455669935,0.17940869221740502,z-score
-0.11063927715793077,4.246796761547788,-0.7377941223992149,z-score
-1.0420194963496503,1.3217390379661735,-0.011675227494390806,z-score
-1.098789338281336,0.08802018837942484,-0.5084934187450599,z-score
0.12531037837063805,-0.5860417394649642,-0.8142276902839333,z-score
-0.7475259413290305,1.4691256674489683,0.5233597476986375,z-score
0.1022476300858909,-0.5685202520439328,-0.3556262829756233,z-score
0.26013875295839206,0.22406938482508124,-0.011675227494390806,z-score
-1.2708729216367587,4.219999192550916,-0.279192715090905,z-score
0.27255715588094803,4.010428460652305,-0.8906612581686516,z-score
0.47302566020221354,1.4742790461022126,0.25584226010212335,z-score
-1.1147558563246227,4.15334882863562,-0.47027663480270077,z-score
-0.3838441414541685,1.4447330084902772,-1.9607312085547082,z-score
0.465929429960753,0.30377497466193054,-1.9607312085547082,z-score
1.6368074198017715,1.6202914412774752,-1.9607312085547082,z-score
2.0980623854967186,0.8380085617149505,-1.9607312085547082,z-score
1.1028160941318526,-0.6544098962646755,-1.9607312085547082,z-score
-0.28627097563408366,0.8201435157170359,-1.9607312085547082,z-score
0.5812431713844894,-0.6633424192636327,-1.9607312085547082,z-score
1.4735941242481754,0.7335667543425274,-1.9607312085547082,z-score
-0.172731291770712,3.7266490761469697,0.638010099525715,z-score
-0.8859024310375145,3.482378927983178,0.06475834039032753,z-score
0.020640982309092448,3.948931475390253,1.1348282907763843,z-score
0.8296112298356147,-0.4781643463237113,-0.2409759311485458,z-score
0.49786246604732615,-0.4166673610616595,0.25584226010212335,z-score
-0.35013704780723004,-0.48984533793773233,-0.8142276902839333,z-score
-0.24901576686641488,-0.5887902080800279,-0.20275914720618662,z-score
-0.0006477084152895763,-0.47679011201617943,-0.39384306691798243,z-score
0.6167243225917932,-0.44964898444242474,0.2176254761597642,z-score
0.5404398474960905,0.10073185572409481,-0.279192715090905,z-score
-0.11418739227866105,0.09935762141656282,0.14119190827504585,z-score
-0.47254701947242755,3.5095200555569326,0.25584226010212335,z-score
-0.6694674086729626,-0.42869191125256345,0.02654155644796836,z-score
-0.9196095246844529,0.2202902404793686,0.9819611550069475,z-score
-0.4423880409462195,0.1900570857136673,0.17940869221740502,z-score
-0.5736683004132429,-0.4712931747860519,0.7908772352951516,z-score
0.19449862322488018,-0.46991894047852,-0.1263255793214683,z-score
-0.900094891520436,-0.4365937585208718,0.86731080317987,z-score
-0.21176055809874608,-0.12876527363372978,0.48514296375627836,z-score
0.004674464265805851,3.5187961371327727,0.48514296375627836,z-score
-1.047341669030746,-0.11296157909711321,-0.011675227494390806,z-score
0.002900406705440709,3.6077778085454626,0.25584226010212335,z-score
-0.9568647334521219,-0.17411500578228198,0.48514296375627836,z-score
-1.0349232661081897,-0.17651991582046278,0.7144436674104333,z-score
-0.46545078923096683,-0.4791950220543602,0.7908772352951516,z-score
-0.004195823536019861,0.08698951264877589,0.17940869221740502,z-score
-0.7315594232857439,-0.10059347032932628,0.37049261192920085,z-score
0.11644009056881234,-0.43625019994398884,0.48514296375627836,z-score
-0.8876764885978797,0.2323147906702726,-1.1581787457651658,z-score
-0.4264215229029329,-0.5228269613184976,0.17940869221740502,z-score
-0.4991578828779053,1.2502788539745155,0.9437443710645883,z-score
0.2956199041656955,-0.5668024591595178,0.40870939587156,z-score
-1.0863709353587798,-0.5437840345083588,1.0201779389493066,z-score
-0.4902875950760793,-0.1263603635955491,0.7526604513527925,z-score
-0.900094891520436,-0.12979594936437874,0.10297512433268668,z-score
-0.2827228605133532,-0.4709496162091689,0.5997933155833558,z-score
-0.08757652887318344,0.11138217160746686,0.7908772352951516,z-score
0.15369529933648096,0.10863370299240302,0.3322758279868417,z-score
-0.5683461277321473,-0.42869191125256345,-0.011675227494390806,z-score
-0.3856181990145337,3.648661279194536,0.40870939587156,z-score
0.8526739781203622,-0.6891093125298555,-1.9607312085547082,z-score
0.6575276464801921,-0.8845941427762659,-1.9607312085547082,z-score
-0.811392013502177,-0.5760785407353581,-1.9607312085547082,z-score
0.19627268078524532,-0.8766922955079577,-1.9607312085547082,z-score
-0.19579404005545933,-0.4444956057891801,-1.9607312085547082,z-score
-0.25788605466824077,-0.5822625951192516,-1.9607312085547082,z-score
0.9325065683367952,-0.7210602601799718,-1.9607312085547082,z-score
-0.9444463305295655,-0.24454451404329103,0.06475834039032753,z-score
-0.9994421149008861,-0.5613055219293903,-0.47027663480270077,z-score
0.24772035003583573,-0.7203731430262058,-0.04989201143674997,z-score
-0.5523796096888607,-0.7224344944875036,-0.6231437705721374,z-score
-0.7954254954588904,-0.5898208838106769,-0.8906612581686516,z-score
-0.14434637080486926,-0.20950153920122802,-0.011675227494390806,z-score
-0.28449691807371835,-0.7667535509054069,-0.011675227494390806,z-score
-0.486739479955349,-0.5585570533143265,-0.8524444742262924,z-score
-0.9817015392972342,3.594379024047026,1.1348282907763843,z-score
0.006448521826170993,3.5562440220130167,0.14119190827504585,z-score
-0.664145235991867,3.744857680721767,0.3322758279868417,z-score
-0.6056013364998161,3.2625014387780764,1.1348282907763843,z-score
0.12353632081027291,-0.1122744619433473,0.14119190827504585,z-score
-0.5825385882150688,0.2429651065536448,0.7908772352951516,z-score
-0.9604128485728521,-0.13769779663268708,0.2940590440444825,z-score
-0.18869780981399878,-0.6983853941056957,-1.9607312085547082,z-score
1.1116863819336784,-0.719342467295557,-1.9607312085547082,z-score
0.17675804762122846,-0.2871457775767795,-0.9288780421110108,z-score
-0.6517268330693107,-0.6911706639911532,0.02654155644796836,z-score
-0.9994421149008861,0.7534931518017396,1.096611506834025,z-score
-0.41755123510110687,0.5789653947451905,1.1730450747187433,z-score
-0.5949569911376249,0.04163978050022371,1.78451361779649,z-score
-0.35900733560905607,0.10554167580045629,1.822730401738849,z-score
-0.46012861654987125,0.54770156424884,1.096611506834025,z-score
-0.27385257271152735,-0.48778398647643445,0.37049261192920085,z-score
-0.6375343725863892,-0.32734213107208704,-0.47027663480270077,z-score
-0.9994421149008861,-0.719342467295557,0.10297512433268668,z-score
-0.38739225657489884,-0.5901644423875598,0.17940869221740502,z-score
-0.9249316973655485,-0.27683902027029034,-0.011675227494390806,z-score
-1.0508897841514764,-0.5482502960078374,-0.31740949903326415,z-score
-0.7155929052424572,-0.5922257938488577,-0.47027663480270077,z-score
0.08095893936150855,-0.5386306558551142,-0.5467102026874191,z-score
0.5439879626168208,0.08389748545682915,-0.7760109063415741,z-score
0.19804673834561048,-0.4513667773268396,0.40870939587156,z-score
-0.9533166183313914,0.15467055229472126,0.8290940192375108,z-score
-0.6268900272241983,0.12340672179837077,0.37049261192920085,z-score
-0.7492999988893956,-0.16930518570592049,0.02654155644796836,z-score
0.13240660861209894,0.13886685775810456,-0.04989201143674997,z-score
-1.0668563021947628,-0.1517836982848889,0.7908772352951516,z-score
-0.7262372506046483,-0.44793119155800987,1.058394722891666,z-score
-0.7368815959668394,-0.3902133506416708,-1.9607312085547082,z-score
-0.3554592204883256,-0.6976982769519298,-1.9607312085547082,z-score
0.23352788955291426,-0.6935755740293341,-1.9607312085547082,z-score
-0.9267057549259138,-0.8821892327380851,-1.9607312085547082,z-score
1.2589331594439883,-0.8828763498918512,-1.9607312085547082,z-score
-1.0437935539100156,-0.3895262334879049,-1.9607312085547082,z-score
1.2163557779952239,-0.6904835468373873,-1.9607312085547082,z-score
-0.172731291770712,-0.5973791725021022,1.78451361779649,z-score
-0.3767479112127078,-0.4537716873650203,1.822730401738849,z-score
-0.0893505864335486,0.7315054028812294,1.5169961301999757,z-score
-1.008312402702712,-0.6025325511553468,1.7080800499117716,z-score
-1.1591072953337522,-0.3998329907943939,1.4405625623152574,z-score
-1.265550748955663,-0.5843239465805493,1.2494786426034616,z-score
-1.0154086329441727,-0.44930542586554173,1.4023457783728983,z-score
0.22820571687181854,3.71737299457113,-0.011675227494390806,z-score
-0.910739236882627,0.1725355982926356,0.14119190827504585,z-score
-1.0562119568325719,-0.2177469450464194,0.5233597476986375,z-score
-0.8788062007960539,-0.28817645330742836,0.02654155644796836,z-score
-0.7262372506046483,-0.5138944383195403,-0.08810879537910914,z-score
-0.5257687462833829,-0.4664833547096903,-0.31740949903326415,z-score
-0.35723327804869076,-0.2960783005757367,0.2940590440444825,z-score
-0.6144716243016419,-0.5547779089686139,-0.1263255793214683,z-score
-0.6712414662333277,-0.5472196202771885,0.48514296375627836,z-score
-0.20289027029692006,-0.3245936624570233,-0.47027663480270077,z-score
-0.8397769344680199,-0.5029005638592853,-0.1263255793214683,z-score
-0.9213835822448181,-0.24454451404329103,0.17940869221740502,z-score
-0.3909403716956293,-0.3469249699544164,-0.011675227494390806,z-score
-0.6517268330693107,3.683017136882833,0.2176254761597642,z-score
0.08982922716333458,3.3105996395416923,0.7526604513527925,z-score
-0.4264215229029329,0.18696505852172043,1.096611506834025,z-score
0.02596315499018819,0.07187293526592524,0.9819611550069475,z-score
0.05789619107676138,0.2457135751687085,0.5233597476986375,z-score
-0.9533166183313914,-0.4204465054073722,0.40870939587156,z-score
-0.35723327804869076,-0.15865486982254828,0.86731080317987,z-score
0.48189594800403956,-0.5905080009644428,0.25584226010212335,z-score
-1.2034587343428818,-0.4417471371741164,0.5997933155833558,z-score
-1.2868394396800453,-0.4633913275177436,1.287695426545821,z-score
-1.2016846767825164,-0.43625019994398884,1.32591221048818,z-score
-0.7847811500966992,-0.5506552060460181,1.555212914142335,z-score
-1.0934671656002406,-0.5870724151956132,1.5169961301999757,z-score
0.05967024863712653,-0.47198029193981783,1.78451361779649,z-score
-0.12483173764085223,-0.5870724151956132,1.78451361779649,z-score
-0.8273585315454636,0.07221649384280815,1.822730401738849,z-score
-0.9320279276070093,0.5810267462064881,1.058394722891666,z-score
-0.42996963802366317,-0.4857226350151367,-0.20275914720618662,z-score
-1.068630359755128,-0.3324955097253317,0.17940869221740502,z-score
-0.4938357101968097,-0.5874159737724961,0.37049261192920085,z-score
-0.42287340778220245,3.821127684789787,-0.4320598508603416,z-score
-0.26675634247006663,0.18215523844535883,0.5615765316409966,z-score
0.05967024863712653,1.2643647556267172,1.0201779389493066,z-score
-0.4140031199803766,0.1539834351409552,-0.6995773384568558,z-score
-0.5577017823699562,-0.5671460177364008,0.9055275871222291,z-score
0.18385427786268901,-0.717968232988025,-1.1581787457651658,z-score
-0.7705886896137778,-0.7011338627207595,-0.9670948260533699,z-score
1.9437193777449477,-0.7241522873719185,0.37049261192920085,z-score
-0.07693218351099228,0.08561527834124404,0.86731080317987,z-score
1.3086067711342135,-0.4675140304403392,0.7526604513527925,z-score
0.8473518054392665,-0.40979618952400015,0.86731080317987,z-score
0.625594610393619,-0.2115628906625258,0.48514296375627836,z-score
2.445777667328294,-0.4757594362855305,0.4469261798139192,z-score
2.2328907600844725,0.034081491808798395,0.5997933155833558,z-score
0.554632307979012,-0.4269741183681487,0.9437443710645883,z-score
1.432790800359776,-0.13701067947892115,0.10297512433268668,z-score
0.5351176748149948,0.08046189968799952,0.7526604513527925,z-score
0.6539795313594619,-0.4654526789790414,0.9055275871222291,z-score
-0.18692375225363347,-0.14491252674722951,0.25584226010212335,z-score
-0.4157771775407417,-0.17067942001345232,0.86731080317987,z-score
-0.722689135483918,3.624955737389611,-0.1263255793214683,z-score
-0.880580258356419,-0.12532968786490015,1.0201779389493066,z-score
0.08805516960296944,-0.14594320247787834,0.4469261798139192,z-score
-0.5523796096888607,-0.434532407059574,0.2940590440444825,z-score
-0.20111621273655492,0.18662149994483754,0.8290940192375108,z-score
1.3760209584280902,0.6614194531971034,0.17940869221740502,z-score
0.1359547237328292,0.77204531495342,0.48514296375627836,z-score
0.26368686807912234,-0.22186964796901495,-0.279192715090905,z-score
0.36658220658030277,-0.20537883627863232,0.9437443710645883,z-score
-0.5683461277321473,-0.26069176715679077,-0.08810879537910914,z-score
-0.9249316973655485,-0.48847110363020046,-0.31740949903326415,z-score
-0.35900733560905607,-0.30466726499781094,-0.20275914720618662,z-score
-0.8486472222698458,-0.5444711516621247,0.2176254761597642,z-score
-0.26853040003043177,-0.5238576370491465,-0.5467102026874191,z-score
-0.5027059979986356,-0.4156366853310106,0.10297512433268668,z-score
-0.20111621273655492,-0.5235140784722635,-0.1263255793214683,z-score
-0.2099865005383808,-0.5169864655114871,-0.6231437705721374,z-score
2.2435351054466635,0.9080945113990766,-1.9607312085547082,z-score
-0.5098022282400964,0.818082164255738,-1.9607312085547082,z-score
0.8189668844734236,-0.6444466975350692,-1.9607312085547082,z-score
0.3559378612181116,-0.4211336225611381,-0.9670948260533699,z-score
0.2459462924754706,0.14814293933394465,-0.5849269866297783,z-score
-0.7918773803381599,-0.43831155140528666,0.06475834039032753,z-score
0.33287511293336447,-0.6183362456919634,-0.8906612581686516,z-score
0.08450705448223915,-0.21018865635499395,0.02654155644796836,z-score
-1.0242789207459986,-0.4407164614434675,-0.31740949903326415,z-score
0.4677034875211181,0.12375028037525392,-0.3556262829756233,z-score
0.9342806258971603,-0.10505973182880488,0.5233597476986375,z-score
0.6096280923503323,-0.15247081543865482,0.40870939587156,z-score
-0.14789448592559956,-0.15109658113112298,0.37049261192920085,z-score
-0.20289027029692006,-0.541722683047061,1.4405625623152574,z-score
-0.39981065949745515,-0.4654526789790414,1.6698632659694124,z-score
-0.5825385882150688,-0.5832932708499005,1.78451361779649,z-score
1.136523187778791,1.3402912011178543,-1.9607312085547082,z-score
2.101610500617449,0.24262154797676166,-1.9607312085547082,z-score
2.616087193123351,1.62200923416189,-1.9607312085547082,z-score
0.1359547237328292,1.6110153597016352,-1.9607312085547082,z-score
1.3618284979451691,0.3006829474699839,-1.9607312085547082,z-score
0.2991680192864258,0.7466219802640801,-1.9607312085547082,z-score
0.6167243225917932,-0.6633424192636327,0.25584226010212335,z-score
0.5156030416509779,-0.648569400457665,-0.6613605545144966,z-score
2.9194510359457966,0.08080545826488242,1.0201779389493066,z-score
1.4469832608426971,-0.8406186449352457,-0.011675227494390806,z-score
4.304989990591003,-0.05833576537272084,0.37049261192920085,z-score
0.004674464265805851,-0.8440542307040754,0.7526604513527925,z-score
4.203868709650187,0.057443475036840407,0.2176254761597642,z-score
3.659233038618077,-0.7093792685659508,0.2176254761597642,z-score
2.376589422474052,-0.730679900332695,-0.011675227494390806,z-score
2.3215936381027316,-0.05867932394960374,0.9055275871222291,z-score
0.2707830983205829,4.056121751377739,1.2112618586611026,z-score
0.34884163097665105,0.20002028444327344,0.2176254761597642,z-score
-0.05386943522624511,-0.5530601160841989,0.2176254761597642,z-score
0.2104651412681668,0.18524726563730567,-0.39384306691798243,z-score
-0.40690688973891587,-0.5626797562369222,1.1348282907763843,z-score
0.8526739781203622,-0.4554894802494352,0.3322758279868417,z-score
-0.2099865005383808,-0.46167353463332866,0.17940869221740502,z-score
-0.15321665860669514,-0.3926182606798516,0.37049261192920085,z-score
0.5262473870131691,-0.49396804086032803,0.10297512433268668,z-score
-1.0154086329441727,-0.34486361849311864,0.17940869221740502,z-score
-0.40690688973891587,-0.24729298265835487,-0.2409759311485458,z-score
-1.0366973236685548,-0.5142379968964232,-0.011675227494390806,z-score
-0.6907560993973446,-0.5977227310789852,-0.5084934187450599,z-score
-0.5736683004132429,-0.3417715913011719,-0.39384306691798243,z-score
-0.7297853657253787,-0.5183606998190189,-0.04989201143674997,z-score
-0.8468731647094805,-0.48228704924630694,-0.20275914720618662,z-score
-0.6464046603882151,-0.5585570533143265,1.4787793462576166,z-score
-0.5009319404382705,-0.5984098482327511,1.1348282907763843,z-score
-0.12483173764085223,0.15673190375601892,1.3641289944305393,z-score
-1.1608813528941175,0.548732239979489,1.2494786426034616,z-score
-0.17982752201217275,3.42019482556736,1.1730450747187433,z-score
-0.020162341579306457,0.11447419879941359,1.096611506834025,z-score
-0.3004634361170051,0.1398975334887535,0.86731080317987,z-score
0.2033689110267062,-0.47369808482423265,0.7144436674104333,z-score
-0.33417052976394346,1.235162276591665,1.32591221048818,z-score
0.25659063783766145,4.267753834737649,-0.9288780421110108,z-score
-0.3483629902468649,3.8565142182087326,-0.1263255793214683,z-score
-0.4140031199803766,0.1398975334887535,-0.7760109063415741,z-score
-0.172731291770712,0.19589758152067763,-0.279192715090905,z-score
-0.16031288884815587,-0.5808883608117197,-1.9607312085547082,z-score
-0.3430408175657693,-0.8797843226999044,-1.9607312085547082,z-score
0.3719043792613982,-0.8753180612004257,-1.9607312085547082,z-score
1.0424981370794366,-0.8869990528144467,-1.9607312085547082,z-score
1.0726571156056446,-0.5290110157023911,-1.9607312085547082,z-score
0.3204567100108081,-0.7052565656433551,-1.9607312085547082,z-score
-0.048547262545149364,-0.3850599719884262,-1.9607312085547082,z-score
2.2240204722826467,0.09901406283967992,1.058394722891666,z-score
0.8544480356807274,0.18249879702224173,0.7908772352951516,z-score
2.129995421583292,-0.6980418355288127,0.2176254761597642,z-score
2.231116702524107,-0.5626797562369222,0.6762268834680741,z-score
0.6912347401271308,-0.7165939986804932,0.638010099525715,z-score
1.5250417934987655,-0.7090357099890677,0.40870939587156,z-score
-0.18160157957253803,0.14951717364147674,1.555212914142335,z-score
-0.11950956495975663,-0.5461889445465395,1.3641289944305393,z-score
-0.6712414662333277,-0.5757349821584751,1.5169961301999757,z-score
0.3381972856144599,-0.8736002683160108,-1.9607312085547082,z-score
-1.0845968777984145,-0.5829497122730175,-1.9607312085547082,z-score
-0.018388284018941315,-0.5853546223111982,-1.9607312085547082,z-score
-0.8149401286229073,-0.5334772772018697,-0.39384306691798243,z-score
-0.8309066466661938,-0.5314159257405718,-0.1263255793214683,z-score
-0.9479944456502958,-0.328372806802736,0.17940869221740502,z-score
-0.6126975667412768,-0.2644709115025034,0.37049261192920085,z-score
-0.7794589774156037,-0.5942871453101556,-0.39384306691798243,z-score
-0.2224049034609371,-0.5626797562369222,-0.1263255793214683,z-score
-0.8184882437436376,-0.28577154326924753,-0.1263255793214683,z-score
-0.9870237119783298,-0.3486427628388313,0.4469261798139192,z-score
-0.6393084301467544,-0.529698132856157,0.638010099525715,z-score
-0.9444463305295655,-0.5616490805062733,-0.5849269866297783,z-score
-1.0296010934270943,-0.3307777168409168,0.5233597476986375,z-score
-0.2720785151511622,-0.31703537376559787,0.40870939587156,z-score
0.9945985829495765,-0.42869191125256345,1.1730450747187433,z-score
2.376589422474052,-0.7035387727589404,0.2940590440444825,z-score
0.5368917323753599,-0.47885146347747726,1.32591221048818,z-score
-0.35900733560905607,0.07599563818852081,0.3322758279868417,z-score
0.22465760175108823,0.09592203564773319,-1.005311609995729,z-score
-0.7315594232857439,-0.5492809717384863,0.5997933155833558,z-score
-1.068630359755128,-0.5802012436579537,0.5997933155833558,z-score
0.03305938523164876,-0.5729865135434112,-0.5467102026874191,z-score
-0.49560976775717486,0.24227798939987874,-0.9288780421110108,z-score
0.03305938523164876,1.230696015092186,-0.279192715090905,z-score
-0.6038272789394509,0.11859690172200915,1.1730450747187433,z-score
0.7125234308515128,-0.6904835468373873,-1.9607312085547082,z-score
0.9342806258971603,-0.7011338627207595,-1.9607312085547082,z-score
-0.9249316973655485,-0.6970111597981637,-1.9607312085547082,z-score
0.4712516026418484,-0.694949808336866,-1.9607312085547082,z-score
0.22110948663035795,-0.7131584129116635,-1.9607312085547082,z-score
0.9626655468630032,-0.375440331835703,-1.9607312085547082,z-score
0.049025903274935355,-0.411170423831532,-1.9607312085547082,z-score
-0.35723327804869076,-0.5709251620821134,-0.31740949903326415,z-score
-0.7492999988893956,-0.33696177122481025,-0.5849269866297783,z-score
-0.6126975667412768,-0.29539118342197074,-0.6231437705721374,z-score
-0.18514969469326834,-0.42869191125256345,0.14119190827504585,z-score
-0.3359445873243086,0.0986705042627969,-0.011675227494390806,z-score
-0.39626254437672487,-0.4572072731338501,0.3322758279868417,z-score
-0.6481787179485804,-0.1703358614365693,0.4469261798139192,z-score
-0.04499914742441908,-0.5657717834288689,0.5997933155833558,z-score
-0.6925301569577099,-0.4675140304403392,0.14119190827504585,z-score
-0.6020532213790857,-0.5035876810130512,-0.5849269866297783,z-score
-0.8823543159167843,0.1148177573762965,0.14119190827504585,z-score
0.30626424952788667,-0.4633913275177436,0.7908772352951516,z-score
-0.7084966750009966,0.08905086411007379,1.096611506834025,z-score
-0.16386100396888614,0.712266122575783,1.0201779389493066,z-score
-0.30933372391883096,-0.4706060576322859,1.7080800499117716,z-score
-1.2194252523861684,-0.5692073691976985,1.4405625623152574,z-score
-1.068630359755128,0.5854930077059668,1.096611506834025,z-score
-0.9728312514954084,-0.5887902080800279,1.2494786426034616,z-score
-0.3536851629279605,-0.4740416434011157,1.4787793462576166,z-score
-0.6694674086729626,0.5446095370568933,1.1348282907763843,z-score
-0.46012861654987125,-0.5348515115094016,0.17940869221740502,z-score
-0.4335177531443936,-0.3623851059141501,0.02654155644796836,z-score
-0.8238104164247333,-0.3098206436510556,0.48514296375627836,z-score
-0.5470574370077651,-0.3434893841855866,-0.279192715090905,z-score
0.1909505081041499,-0.29779609346015157,0.2176254761597642,z-score
-0.4015847170578203,-0.24694942408147183,-0.8142276902839333,z-score
-0.8770321432356886,-0.6052810197704105,-0.5084934187450599,z-score
-0.5381871492059392,-0.7296492246020461,0.3322758279868417,z-score
-0.4636767316706017,-0.7018209798745253,-1.1963955297075248,z-score
0.2353019471132794,-0.27718257884717323,0.14119190827504585,z-score
-0.6623711784315018,-0.6956369254906318,-0.5849269866297783,z-score
-0.869935912994228,-0.5757349821584751,-0.04989201143674997,z-score
0.3506156885370162,1.3186470107742267,0.06475834039032753,z-score
-0.4441620985065846,1.4385489541063838,-0.5467102026874191,z-score
-1.2513582884727417,1.3365120567721411,-1.1199619618228065,z-score
2.5256102575447272,-0.6983853941056957,0.638010099525715,z-score
0.47834783288330895,-0.5626797562369222,1.32591221048818,z-score
3.2636182026566423,-0.5729865135434112,0.9819611550069475,z-score
2.1388657093851178,0.0942042427633183,-0.31740949903326415,z-score
2.041292543565033,0.13646194771992376,0.9437443710645883,z-score
1.3174770589360396,0.09832694568591399,0.48514296375627836,z-score
2.3943299980777035,-0.6447902561119523,-1.9607312085547082,z-score
1.2979624257720224,0.8943521683237577,-1.9607312085547082,z-score
-0.3359445873243086,0.16222884098614657,1.7080800499117716,z-score
-0.486739479955349,-0.4321274970213932,1.1348282907763843,z-score
-0.08757652887318344,0.19727181582820946,1.1348282907763843,z-score
-0.005969881096385004,0.6875299050402092,1.6316464820270533,z-score
-0.7901033227777948,-0.5984098482327511,1.4405625623152574,z-score
-0.8486472222698458,-0.4960293923216258,-0.47027663480270077,z-score
0.8792848415258396,-0.589133766656911,0.37049261192920085,z-score
-0.14434637080486926,-0.4747287605548816,0.06475834039032753,z-score
0.6912347401271308,0.14951717364147674,-0.3556262829756233,z-score
-0.9763793666161387,0.0639710879976169,0.7144436674104333,z-score
-1.2282955401879943,-0.41907227109984035,0.5233597476986375,z-score
0.37722655194249394,0.04885451061476613,0.4469261798139192,z-score
-0.4920616526364446,-0.65956327491792,-0.3556262829756233,z-score
0.496088408486961,-0.41907227109984035,0.10297512433268668,z-score
0.6557535889198269,-0.16518248278332479,-0.9288780421110108,z-score
-0.3607813931694212,-0.6142135427693678,0.2176254761597642,z-score
0.6752682220838442,0.19692825725132657,0.17940869221740502,z-score
-0.6676933511125973,-0.12807815647996387,-0.39384306691798243,z-score
-0.7954254954588904,0.1742533911770506,0.638010099525715,z-score
-0.6872079842766143,0.08870730553319077,1.6316464820270533,z-score
-0.20111621273655492,0.057099916459957385,1.4405625623152574,z-score
-0.12128362252012179,-0.56474110769822,1.096611506834025,z-score
-0.9657350212539475,0.16119816525549763,1.4405625623152574,z-score
-0.18869780981399878,0.21891600617183674,0.7144436674104333,z-score
-0.15853883128779056,-0.17205365432098418,1.058394722891666,z-score
-0.22063084590057197,-0.16930518570592049,0.3322758279868417,z-score
-0.7581702866912217,-0.4534281287881374,0.5233597476986375,z-score
0.24772035003583573,-0.4530845702112544,0.7526604513527925,z-score
-0.020162341579306457,0.06809379092021246,1.6316464820270533,z-score
-0.10709116203720033,-0.43762443425152076,1.2494786426034616,z-score
-0.42819558046329803,-0.399489432217511,1.5169961301999757,z-score
1.3671506706262642,-0.5585570533143265,0.48514296375627836,z-score
0.16433964469867213,-0.7031952141820573,1.058394722891666,z-score
1.96500806846933,-0.4273176769450316,0.48514296375627836,z-score
2.9726727627567526,-0.7203731430262058,0.7908772352951516,z-score
-1.0810487626776843,-0.13529288659450628,-1.005311609995729,z-score
0.6557535889198269,-0.6406675531893566,-0.4320598508603416,z-score
0.4889921782455001,-0.43384528990580806,-0.9288780421110108,z-score
-0.8468731647094805,-0.6540663376877923,-0.7760109063415741,z-score
0.015318809627997022,0.158106138063551,0.14119190827504585,z-score
-0.64463060282785,-0.22186964796901495,-0.1263255793214683,z-score
-0.19224592493472906,-0.4115139824084149,-0.2409759311485458,z-score
0.39674118510651085,-0.6430724632275374,0.48514296375627836,z-score
0.18917645054378476,-0.19988189904850479,0.2940590440444825,z-score
0.20159485346634107,-0.22633590946849366,-0.8906612581686516,z-score
-0.007743938656750461,3.7946736743697986,0.5233597476986375,z-score
0.3630340914595725,3.567925013627038,-0.31740949903326415,z-score
-0.05386943522624511,-0.5276367813948591,-0.3556262829756233,z-score
-0.3661035658505168,1.308683812044621,-0.16454236326382746,z-score
-0.5346390340852087,-0.5674895763132838,0.5233597476986375,z-score
0.4641553724003875,-0.7138455300654294,-1.9607312085547082,z-score
-0.49738382531754,-0.7076614756815359,-1.9607312085547082,z-score
0.6770422796442094,-0.7313670174864609,-1.9607312085547082,z-score
0.6114021499106975,-0.8784100883923724,-1.9607312085547082,z-score
0.6593017040405575,-0.21293712497005776,0.2940590440444825,z-score
1.1294269575373301,-0.22564879231472762,0.7144436674104333,z-score
2.4954512790185186,-0.4520538944806055,0.7144436674104333,z-score
0.9058957049313174,-0.46991894047852,0.9055275871222291,z-score
0.5989837469881415,-0.10986955190516648,-0.9288780421110108,z-score
-0.9018689490808012,-0.6540663376877923,0.5997933155833558,z-score
0.17320993250049815,0.03236369892438351,-0.16454236326382746,z-score
-0.7262372506046483,0.1220324874908389,0.02654155644796836,z-score
-0.15321665860669514,-0.6423853460737715,-1.1199619618228065,z-score
-0.6570490057504063,-0.11983275063477261,-0.5467102026874191,z-score
-0.6801117540351537,-0.6392933188818246,-0.16454236326382746,z-score
-1.0313751509874594,0.08905086411007379,-0.7760109063415741,z-score
-0.7954254954588904,-0.7296492246020461,-1.9607312085547082,z-score
-0.781233034975969,-0.7028516556051743,-1.9607312085547082,z-score
0.9750839497855596,-0.41426245102347875,-1.9607312085547082,z-score
0.1182141481291775,-0.5805448022348366,-1.9607312085547082,z-score
-0.16031288884815587,-0.5430969173545929,-1.9607312085547082,z-score
0.10047357252552575,-0.4073912794858193,-0.5849269866297783,z-score
-0.06273972302807082,0.034425050385681416,0.7526604513527925,z-score
-1.2070068494636121,-0.45858150744138193,0.2940590440444825,z-score
-0.7386556535272046,-0.5472196202771885,-0.47027663480270077,z-score
-0.18869780981399878,-0.4654526789790414,-0.39384306691798243,z-score
-1.0242789207459986,-0.5479067374309544,-0.08810879537910914,z-score
0.5635025957808377,0.1855908242141886,0.86731080317987,z-score
-0.48851353751571414,0.16119816525549763,-0.1263255793214683,z-score
2.0749996372119717,-0.17377144720539905,-0.20275914720618662,z-score
1.2340963535988758,-0.15418860832306971,-0.1263255793214683,z-score
0.9360546834575255,-0.3936489364105004,-0.16454236326382746,z-score
0.08982922716333458,0.12649874899031763,0.7908772352951516,z-score
-0.5452833794474,1.270548810010611,-0.5849269866297783,z-score
-1.0721784748758585,1.2138616448249206,-0.31740949903326415,z-score
0.5422139050564556,0.08149257541864835,0.2176254761597642,z-score
2.8396184457293643,-0.4084219552164682,0.6762268834680741,z-score
0.58479128650522,0.10073185572409481,1.1348282907763843,z-score
1.3511841525829775,0.16360307529367843,1.287695426545821,z-score
0.027737212550553333,-0.5887902080800279,0.7144436674104333,z-score
0.3559378612181116,-0.589133766656911,0.86731080317987,z-score
-0.23837142150422372,-0.2459187483508229,-0.08810879537910914,z-score
-0.9994421149008861,-0.33661821264792724,0.06475834039032753,z-score
-0.7528481140101261,-0.2575997399648439,0.2176254761597642,z-score
-1.098789338281336,-0.3486427628388313,-0.011675227494390806,z-score
-0.9231576398051833,-0.31325622941988523,-0.6231437705721374,z-score
-1.0242789207459986,-0.3201274009575446,-0.4320598508603416,z-score
-1.040245438789285,-0.47301096767046674,-0.2409759311485458,z-score
-0.7723627471741429,-0.5400048901626461,0.638010099525715,z-score
-0.5381871492059392,-0.5042747981668171,0.10297512433268668,z-score
-1.1094336836435272,-0.27993104746223707,-0.5849269866297783,z-score
0.6557535889198269,-0.20366104339421756,0.2940590440444825,z-score
1.2287741809177803,0.545640212787542,0.02654155644796836,z-score
0.7728413879039289,0.559726114439744,-0.20275914720618662,z-score
-0.8521953373905762,0.11997113602954101,1.7462968338541307,z-score
-1.1076596260831622,-0.4042992522938726,1.4023457783728983,z-score
-1.144914834850831,0.749714007456027,1.2494786426034616,z-score
-0.7138188476820921,-0.40979618952400015,0.37049261192920085,z-score
-0.4619026741102364,-0.2916120390762581,-0.39384306691798243,z-score
-0.9213835822448181,-0.32253231099572544,-0.1263255793214683,z-score
-0.13547608300304323,-0.5805448022348366,1.2112618586611026,z-score
-0.48319136483461855,-0.5602748461987413,1.1730450747187433,z-score
0.7267158913344343,-0.41082686525464895,-0.6231437705721374,z-score
0.4233520485119886,-0.09750144313737955,-0.8906612581686516,z-score
-0.4459361560669498,-0.19232361035707946,-0.3556262829756233,z-score
0.6717201069631136,0.03579928469321327,0.02654155644796836,z-score
-0.4423880409462195,-0.4204465054073722,-1.9607312085547082,z-score
0.47302566020221354,-0.5534036746610819,-1.9607312085547082,z-score
0.3151345373297124,-0.6884221953760894,-1.9607312085547082,z-score
0.18562833542305449,-0.42250785686867,-1.9607312085547082,z-score
0.1590174720175767,-0.8749745026235428,-1.9607312085547082,z-score
0.5705988260222986,-0.3936489364105004,-1.9607312085547082,z-score
-0.12483173764085223,0.1189404602988923,0.10297512433268668,z-score
-0.18160157957253803,0.06053550222878714,0.06475834039032753,z-score
-0.7510740564497609,-0.4568637145569671,-0.7377941223992149,z-score
-1.166203525575213,-0.481943490669424,0.06475834039032753,z-score
0.19804673834561048,0.11550487453006254,-0.011675227494390806,z-score
0.7462305244984512,-0.5506552060460181,-0.7760109063415741,z-score
-0.2774006878322578,-0.11330513767399612,0.9055275871222291,z-score
-1.0615341295136675,-0.4159802439078936,0.5997933155833558,z-score
-0.9817015392972342,-0.4029250179863406,0.2176254761597642,z-score
-0.38207008389380337,-0.4596121831720309,1.1348282907763843,z-score
-0.4689989043516971,0.14024109206563642,0.17940869221740502,z-score
-0.7865552076570643,-0.4255998840606167,0.3322758279868417,z-score
-0.4796432497138883,-0.17548924008981395,0.40870939587156,z-score
-0.6659192935522321,-0.10471617325192184,1.1730450747187433,z-score
0.8171928269130584,0.12924721760538133,1.4787793462576166,z-score
1.1720043389860946,-0.5489374131616034,0.9055275871222291,z-score
2.4032002858795294,-0.5609619633525074,0.14119190827504585,z-score
0.09337734228406486,-0.4273176769450316,0.2940590440444825,z-score
0.8846070142069354,-0.44106002002035044,0.7526604513527925,z-score
2.953158129592736,-0.5795141265041878,1.1730450747187433,z-score
1.5374601964213217,-0.5530601160841989,0.638010099525715,z-score
-0.2348233063834934,-0.3723483046437563,-0.39384306691798243,z-score
-0.4814173072742534,-0.5867288566187301,0.48514296375627836,z-score
-0.24191953662495413,-0.5894773252337939,-0.20275914720618662,z-score
-0.6730155237936929,-0.51733002408837,-0.5084934187450599,z-score
-0.8823543159167843,-0.5905080009644428,0.06475834039032753,z-score
-0.8929986612789753,-0.2435138383126422,-0.47027663480270077,z-score
-0.958638791012487,-0.5702380449283475,0.3322758279868417,z-score
-0.22417896102130225,-0.3489863214157142,-0.31740949903326415,z-score
1.9011419962961837,1.5120704895593398,-1.9607312085547082,z-score
0.7054272006100523,1.503825083714148,-1.9607312085547082,z-score
-0.27917474539262294,-0.6262380929602719,-1.9607312085547082,z-score
-0.46012861654987125,-0.6386062017280588,-1.9607312085547082,z-score
0.643335185997271,-0.6203975971532613,-1.9607312085547082,z-score
0.11289197544808206,0.7445606288027824,-1.9607312085547082,z-score
-0.3678776234108819,-0.5389742144319971,-0.4320598508603416,z-score
-0.2951412634359095,-0.3970845221793302,0.14119190827504585,z-score
-0.6286640847845634,-0.268937173001982,-0.5849269866297783,z-score
-0.3927144292559944,-0.576422099312241,-0.39384306691798243,z-score
-1.157333237773387,-0.4606428589026798,0.6762268834680741,z-score
1.1099123243733133,-0.48984533793773233,-0.8142276902839333,z-score
1.1134604394940435,-0.5815754779654855,0.2176254761597642,z-score
-0.2915931483151791,0.1653208681780932,-0.08810879537910914,z-score
-0.42819558046329803,-0.5901644423875598,0.5615765316409966,z-score
1.1294269575373301,-0.4396857857128186,0.2176254761597642,z-score
0.05612213351639624,-0.589133766656911,-0.5849269866297783,z-score
0.18740239298341962,-0.44690051582736096,0.06475834039032753,z-score
-1.0792747051173193,0.13852329918122167,-0.16454236326382746,z-score
-1.0952412231606057,-0.4414035785972334,0.06475834039032753,z-score
-0.3377186448846739,0.17081780540822084,-0.5467102026874191,z-score
-0.7138188476820921,0.15467055229472126,0.3322758279868417,z-score
0.744456466938086,-0.49190668939903015,0.2940590440444825,z-score
-0.5612498974906865,-0.5802012436579537,-0.7760109063415741,z-score
-1.027827035866729,0.17081780540822084,-0.04989201143674997,z-score
-0.007743938656750461,-0.5898208838106769,-0.1263255793214683,z-score
0.22997977443218398,-0.5637104319675712,-0.5467102026874191,z-score
-0.49560976775717486,0.06087906080567017,0.6762268834680741,z-score
-0.6818858115955188,-0.6052810197704105,0.638010099525715,z-score
-0.7883292652174296,-0.5489374131616034,0.02654155644796836,z-score
1.108138266812948,0.10554167580045629,0.7526604513527925,z-score
-0.5027059979986356,-0.43315817275204216,0.3322758279868417,z-score
0.23175383199254912,-0.4369373170977548,-0.6231437705721374,z-score
-1.097015280720971,-0.5884466495031451,-0.7377941223992149,z-score
-0.0219363991396716,-0.5688638106208157,0.638010099525715,z-score
0.41802987583089285,-0.43865510998216967,-0.5849269866297783,z-score
-0.21353461565911125,0.14161532637316826,0.17940869221740502,z-score
-0.19047186737436392,-0.4740416434011157,0.7144436674104333,z-score
0.9715358346648293,-0.5685202520439328,0.4469261798139192,z-score
-0.7386556535272046,-0.398458756486862,-0.31740949903326415,z-score
0.7426824093777209,-0.4661397961328073,0.4469261798139192,z-score
0.3133604797693473,-0.3981151979099791,0.2176254761597642,z-score
-0.5647980126114168,-0.12842171505684688,-1.0817451778804474,z-score
0.7515526971795469,-0.44793119155800987,-0.8524444742262924,z-score
-0.3643295082901515,0.12100181176018997,-0.8906612581686516,z-score
0.6096280923503323,0.06156617795943609,-0.3556262829756233,z-score
-0.9958939997801556,-0.1833910873581223,0.17940869221740502,z-score
-0.928479812486279,-0.16793095139838848,0.9055275871222291,z-score
-0.5417352643266695,3.573078392280282,0.6762268834680741,z-score
-0.20111621273655492,3.269716168892619,0.5997933155833558,z-score
-0.23127519126276297,-0.4499925430193077,1.058394722891666,z-score
-0.7297853657253787,3.6277042060046742,0.7144436674104333,z-score
-0.8628396827527671,-0.40086366652504285,0.2940590440444825,z-score
-0.17095723421034686,0.2512105123988359,0.48514296375627836,z-score
0.43044827875344915,-0.42250785686867,0.37049261192920085,z-score
1.0903976912092963,-0.46270421036397763,-0.279192715090905,z-score
-0.9550906758917566,-0.5705816035052305,0.4469261798139192,z-score
0.6823644523253047,0.1976153744050926,0.5233597476986375,z-score
-0.03612885962259305,-0.40155078367880875,-0.8142276902839333,z-score
-0.45303238630841053,0.1718484811388698,-0.8142276902839333,z-score
0.8544480356807274,-0.5877595323493789,0.7908772352951516,z-score
0.6930087976874959,-0.5046183567437,0.25584226010212335,z-score
-0.1496685434859647,0.028584554578670852,0.40870939587156,z-score
0.35238974609738133,-0.41872871252295735,-0.04989201143674997,z-score
0.5226992718924385,-0.5575263775836777,0.10297512433268668,z-score
-0.11241333471829591,0.18902640998301834,0.48514296375627836,z-score
0.07386270912004798,0.10073185572409481,-0.5849269866297783,z-score
0.30449019196752153,0.10554167580045629,-1.0817451778804474,z-score
0.8597702083618228,-0.19198005178019656,0.14119190827504585,z-score
0.3790006095028591,-0.09578365025296467,-0.6231437705721374,z-score
0.6841385098856699,0.05332077211424472,0.17940869221740502,z-score
0.0543480759560311,0.11859690172200915,-0.39384306691798243,z-score
-0.5435093218870348,1.1870640758280488,0.5615765316409966,z-score
-0.6197937969827375,1.4636287302188404,-0.2409759311485458,z-score
-1.215877137265438,0.2226951505175494,0.17940869221740502,z-score
0.10756980276698631,0.07908766538046755,-0.2409759311485458,z-score
0.5741469411430289,1.1750395256371449,0.86731080317987,z-score
0.2228835441907231,-0.5815754779654855,-0.47027663480270077,z-score
0.04015561547310965,3.94755724108272,-0.6231437705721374,z-score
-0.7652665169326823,-0.5458453859696566,-0.39384306691798243,z-score
-0.1780534644518076,-0.5327901600481036,1.096611506834025,z-score
-0.4441620985065846,-0.5259189885104443,-0.7377941223992149,z-score
-0.26143416978897105,-0.8773794126617236,-1.9607312085547082,z-score
-0.3057856087981005,-0.8828763498918512,-1.9607312085547082,z-score
-0.456580501429141,-0.6252074172296229,0.5233597476986375,z-score
0.07918488180114341,0.11516131595317965,-0.7377941223992149,z-score
0.40206335778760627,0.14711226360329593,-0.4320598508603416,z-score
-0.23837142150422372,0.10210609003162666,-0.16454236326382746,z-score
-0.8025217257003512,-0.6351706159592291,0.14119190827504585,z-score
-0.14257231324450395,-0.30810285076664073,-1.0817451778804474,z-score
-0.6943042145180751,-0.6942626911831,-0.5084934187450599,z-score
-1.068630359755128,-0.7162504401036102,-0.6995773384568558,z-score
-0.15853883128779056,-0.27718257884717323,0.2940590440444825,z-score
-0.16031288884815587,-0.7760296324812472,0.14119190827504585,z-score
-0.38916631413526415,-0.7698455780973538,-0.5467102026874191,z-score
-0.733333480846109,-0.7124712957578975,-0.6995773384568558,z-score
-0.5027059979986356,-0.5575263775836777,-0.7377941223992149,z-score
-0.5027059979986356,0.3388179495039937,-1.9607312085547082,z-score
2.30740117761981,0.40787322345747073,-1.9607312085547082,z-score
1.159585936063538,1.446450801374692,-1.9607312085547082,z-score
2.6781792077361324,1.6381564872753895,-1.9607312085547082,z-score
-1.0331492085478244,4.219655633974034,-1.0817451778804474,z-score
0.3683562641406679,1.3107451635059182,0.7526604513527925,z-score
-0.9213835822448181,-0.5341643943556356,0.48514296375627836,z-score
-0.5612498974906865,0.09351712560955239,-0.6995773384568558,z-score
0.18208022030232388,0.2412473136692298,0.10297512433268668,z-score
-0.5417352643266695,-0.5832932708499005,1.822730401738849,z-score
-0.13547608300304323,-0.5802012436579537,1.096611506834025,z-score
-1.2265214826276292,-0.3974280807562131,1.6316464820270533,z-score
-0.5807645306547036,0.03476860896256432,1.555212914142335,z-score
-0.5985051062583553,-0.1335750937100914,1.058394722891666,z-score
-0.5062541131193659,-0.10196770463685814,-0.011675227494390806,z-score
-0.4619026741102364,-0.5908515595413258,1.6698632659694124,z-score
-0.19047186737436392,-0.46854470617098815,1.0201779389493066,z-score
-1.1094336836435272,-0.5637104319675712,1.2112618586611026,z-score
-0.018388284018941315,0.07496496245787199,1.2494786426034616,z-score
-0.26675634247006663,0.1378361820274556,1.4787793462576166,z-score
-0.8929986612789753,-0.6045939026166446,1.2494786426034616,z-score
-1.1910403314203255,0.03511216753944734,1.4787793462576166,z-score
-1.2673248065160283,-0.47782078774682835,1.822730401738849,z-score
-0.2348233063834934,3.9640480527731037,0.5233597476986375,z-score
-1.2620026338349328,0.19143132002119914,1.1730450747187433,z-score
0.34174540073519016,0.08733307122565892,-1.0817451778804474,z-score
-0.3004634361170051,0.1721920397157527,0.14119190827504585,z-score
-1.2389398855501854,0.21719821328742198,-0.20275914720618662,z-score
-0.27385257271152735,4.22961883270364,-0.9670948260533699,z-score
0.48189594800403956,0.09042509841760565,0.8290940192375108,z-score
-1.253132346033107,0.07702631391916977,0.9819611550069475,z-score
-1.2797432094385846,0.08767662980254182,1.0201779389493066,z-score
-0.6712414662333277,-0.4039556937169896,1.32591221048818,z-score
-1.0562119568325719,-0.434188848482691,0.3322758279868417,z-score
-0.4317436955840283,-0.19919478189473885,-0.011675227494390806,z-score
0.7888079059472155,-0.46923182332475405,-0.4320598508603416,z-score
0.049025903274935355,-0.11536648913529403,-1.005311609995729,z-score
-0.9834755968575994,-0.09956279459867733,-0.8524444742262924,z-score
0.8934773020087611,-0.10883887617451753,0.10297512433268668,z-score
1.7503471036651432,0.5635052587854567,0.3322758279868417,z-score
0.7728413879039289,-0.4558330388263182,0.7526604513527925,z-score
0.6912347401271308,0.18215523844535883,0.40870939587156,z-score
-0.020162341579306457,-0.10368549752127301,0.7144436674104333,z-score
1.3068327135738482,-0.19404140324149435,-0.16454236326382746,z-score
0.40028930022724113,0.09145577414825448,-0.20275914720618662,z-score
-0.162086946408521,0.04507536626905347,0.2940590440444825,z-score
0.30449019196752153,-0.8821892327380851,-1.9607312085547082,z-score
-0.30223749367737024,-0.8811585570074363,-1.9607312085547082,z-score
0.5741469411430289,-0.4166673610616595,-1.9607312085547082,z-score
-0.6268900272241983,-0.43281461417515915,1.32591221048818,z-score
-1.1786219284977693,0.6830636435407305,1.5169961301999757,z-score
-0.8965467763997057,-0.4682011475941052,1.7462968338541307,z-score
-1.0739525324362238,-0.46098641747956276,1.6316464820270533,z-score
-0.7475259413290305,-0.5451582688158906,1.4023457783728983,z-score
-1.0562119568325719,-0.3939924949873834,1.78451361779649,z-score
-0.6215678545431027,0.5442659784800102,1.5169961301999757,z-score
-0.7759108622948734,-0.3909004677954367,0.5233597476986375,z-score
-1.116529913884988,-0.5279803399717421,0.40870939587156,z-score
-0.2809488029529881,-0.5444711516621247,0.48514296375627836,z-score
-0.2649822849097015,-0.32047095953442767,0.40870939587156,z-score
-0.6801117540351537,-0.3290599239565019,-0.47027663480270077,z-score
-0.6535008906296759,-0.5530601160841989,-0.5084934187450599,z-score
-0.6215678545431027,-0.48125637351565803,-0.279192715090905,z-score
-0.07161001082989685,0.12581163183655159,0.6762268834680741,z-score
-0.35723327804869076,-0.565428224851986,0.6762268834680741,z-score
-0.40513283217855073,-0.3977716393330961,-0.47027663480270077,z-score
-0.5381871492059392,-0.5554650261223798,0.02654155644796836,z-score
-0.6925301569577099,-0.4348759656364569,0.17940869221740502,z-score
-1.1307223743679093,0.15707546233290207,1.4405625623152574,z-score
-0.9639609636935824,0.7308182857274634,1.3641289944305393,z-score
-1.1910403314203255,0.1079465858386371,1.822730401738849,z-score
-0.2933672058755444,0.6710390933498266,1.4023457783728983,z-score
-0.8539693949509414,-0.7883977412490342,-0.2409759311485458,z-score
0.07386270912004798,-0.24523163119705696,-0.47027663480270077,z-score
-0.22417896102130225,-0.7282749902945143,-0.1263255793214683,z-score
-0.5399612067663043,-0.6925448982986853,-0.5467102026874191,z-score
-0.3323964722035783,-0.27890037173158816,-0.5467102026874191,z-score
-0.17982752201217275,-0.7090357099890677,-0.6613605545144966,z-score
-0.029032629381132484,-0.28542798469236463,0.40870939587156,z-score
-0.20821244297801567,-0.27202920019392873,-0.31740949903326415,z-score
-0.9178354671240877,-0.3417715913011719,-0.20275914720618662,z-score
-0.9728312514954084,-0.5606184047756243,0.37049261192920085,z-score
-0.3359445873243086,-0.3565446101071396,0.10297512433268668,z-score
-0.30223749367737024,-0.4018943422556918,-0.39384306691798243,z-score
-0.03258074450186277,-0.2229003236996639,-0.279192715090905,z-score
-0.041451032303688795,-0.269280731578865,0.2176254761597642,z-score
0.22997977443218398,0.05229009638359589,-0.5467102026874191,z-score
1.1223307272958696,0.05297721353736182,-0.5084934187450599,z-score
-0.822036358864368,0.20002028444327344,-0.3556262829756233,z-score
-0.12305768008048708,-0.4596121831720309,0.37049261192920085,z-score
0.3115864222089821,-0.5870724151956132,0.2176254761597642,z-score
-0.30933372391883096,0.1584496966404339,0.7144436674104333,z-score
1.5037531027743831,0.3934437632283859,-1.9607312085547082,z-score
2.096288327936353,-0.6454773732657181,-1.9607312085547082,z-score
-0.5222206311626526,-0.39193114352608555,0.10297512433268668,z-score
-1.0916931080398755,-0.25622550565731206,-0.5849269866297783,z-score
-1.0047642875819816,-0.3768145661432349,0.14119190827504585,z-score
-0.8273585315454636,-0.5977227310789852,0.14119190827504585,z-score
-0.9089651793222618,-0.577109216466007,0.5615765316409966,z-score
-0.4991578828779053,-0.5757349821584751,0.48514296375627836,z-score
-0.9018689490808012,-0.25416415419601424,0.5615765316409966,z-score
-0.5843126457754338,-0.4726674090935838,0.7908772352951516,z-score
-0.2064383854176505,0.13646194771992376,0.17940869221740502,z-score
-0.9213835822448181,0.10279320718539259,0.48514296375627836,z-score
0.04370373059383993,-0.15040946397735705,0.9055275871222291,z-score
0.20159485346634107,-0.4273176769450316,0.9437443710645883,z-score
-0.6765636389144234,0.07908766538046755,0.9437443710645883,z-score
4.551583991481763,0.038204194731394074,-0.5467102026874191,z-score
2.0430666011253984,0.18078100413782697,-0.08810879537910914,z-score
3.54037118207361,0.1952104643669118,0.9819611550069475,z-score
3.675199556661364,-0.8471462578960222,0.14119190827504585,z-score
3.3824800592011086,-0.8553916637412134,-0.08810879537910914,z-score
-1.2123290221447076,-0.06417626117973128,0.5615765316409966,z-score
3.9892077448460004,-0.04218851225922112,1.3641289944305393,z-score
4.535617473438475,-0.1583113112456654,0.37049261192920085,z-score
0.11644009056881234,-0.41494956817724465,1.058394722891666,z-score
-1.0065383451423469,0.2457135751687085,1.058394722891666,z-score
-0.0574175503469754,0.16875645394692296,0.5233597476986375,z-score
-0.3004634361170051,-0.45171033590372256,1.096611506834025,z-score
-0.9231576398051833,-0.4080783966395853,-0.011675227494390806,z-score
-0.6676933511125973,0.16566442675497633,1.1348282907763843,z-score
0.407385530468702,-0.6492565176114309,-1.9607312085547082,z-score
2.1956355513168035,0.4133701606875984,-1.9607312085547082,z-score
2.507869681941075,0.3797014201530671,-1.9607312085547082,z-score
0.7923560210679461,1.5488312572858174,-1.9607312085547082,z-score
-0.38739225657489884,0.8946957269006407,-1.9607312085547082,z-score
-1.265550748955663,-0.5530601160841989,1.5169961301999757,z-score
-0.39448848681635956,0.7187937355365597,1.3641289944305393,z-score
-0.46545078923096683,0.17562762548458247,1.4023457783728983,z-score
-0.9533166183313914,0.08870730553319077,1.78451361779649,z-score
1.2819959077287357,0.38279344734501397,-1.9607312085547082,z-score
-0.1407982556841388,-0.6334528230748142,-1.9607312085547082,z-score
-0.9196095246844529,0.37832718584553526,-1.9607312085547082,z-score
-0.19579404005545933,-0.47438520197799866,1.3641289944305393,z-score
-1.136044547049005,-0.600814758270932,1.7462968338541307,z-score
0.7178456035326085,-0.4499925430193077,0.638010099525715,z-score
0.5901134591863154,0.14539447071888092,0.17940869221740502,z-score
0.6947828552478611,-0.5619926390831561,-0.5849269866297783,z-score
0.4925402933662304,0.20242519448145424,0.3322758279868417,z-score
0.398515242666876,0.20379942878898608,-0.8524444742262924,z-score
-0.21708273077984153,3.993250531808156,-0.4320598508603416,z-score
-0.059191607907340536,1.233788042284133,0.17940869221740502,z-score
-0.7084966750009966,1.4361440440682027,0.9055275871222291,z-score
-0.6109235091809117,-0.12051986778853854,0.17940869221740502,z-score
-0.1745053493310773,-0.6681522393399942,0.17940869221740502,z-score
-1.0242789207459986,-0.2115628906625258,-0.8142276902839333,z-score
0.7586489274210074,0.17871965267652906,-0.7377941223992149,z-score
-0.880580258356419,-0.4706060576322859,-0.5849269866297783,z-score
0.2991680192864258,-0.4530845702112544,0.25584226010212335,z-score
-1.1768478709374042,-0.4128882167159469,-0.3556262829756233,z-score
-0.3678776234108819,-0.4802256977850092,0.14119190827504585,z-score
0.5936615743070457,0.17562762548458247,0.48514296375627836,z-score
0.002900406705440709,-0.5582134947374435,-0.5084934187450599,z-score
-0.41932529266147217,-0.43075326271386133,-1.9607312085547082,z-score
-0.6357603150260241,-0.5630233148138051,-1.9607312085547082,z-score
-0.2703044575907971,-0.7007903041438766,-1.9607312085547082,z-score
-1.0757265899965889,-0.5451582688158906,-1.9607312085547082,z-score
0.8899291868880308,-0.36925627745180944,-1.9607312085547082,z-score
0.2619128105187572,-0.7279314317176312,-1.9607312085547082,z-score
-0.9621869061332172,-0.4273176769450316,-1.9607312085547082,z-score
-0.5080281706797312,0.6359961185077635,-0.3556262829756233,z-score
-0.5293168614041134,-0.1122744619433473,-0.1263255793214683,z-score
0.34529351585592044,-0.4740416434011157,0.9437443710645883,z-score
1.395535591592107,0.7108918882682511,0.5997933155833558,z-score
0.6734941645234791,0.1512349665258915,-0.08810879537910914,z-score
1.7237362402596657,0.09111221557137157,-0.011675227494390806,z-score
-0.05209537766587997,-0.6039067854628787,0.3322758279868417,z-score
-0.48496542239498386,-0.23251996385238713,0.25584226010212335,z-score
-0.8521953373905762,-0.25588194708042916,-0.1263255793214683,z-score
-0.5222206311626526,-0.6049374611935275,0.10297512433268668,z-score
-0.8167141861832724,-0.21225000781629183,-0.16454236326382746,z-score
-0.059191607907340536,-0.5929129110026236,-0.6613605545144966,z-score
-0.928479812486279,-0.7296492246020461,-1.1963955297075248,z-score
-0.9036430066411663,1.3880458433045868,-1.9607312085547082,z-score
-0.7883292652174296,1.4175918809165227,-1.9607312085547082,z-score
2.6728570350550367,0.7583029718781013,-1.9607312085547082,z-score
1.2482888140817971,1.4433587741827454,-1.9607312085547082,z-score
0.2104651412681668,-0.6386062017280588,-1.9607312085547082,z-score
-1.214103079705073,-0.4304097041369783,-0.5467102026874191,z-score
-1.2176511948258033,-0.5499680888922522,-0.6995773384568558,z-score
-0.9196095246844529,-0.4761029948624135,0.5615765316409966,z-score
-0.24191953662495413,-0.45514592167255224,-0.011675227494390806,z-score
-0.8983208339600709,0.09283000845578646,0.2176254761597642,z-score
-0.4246474653425676,-0.4173544782154255,0.7908772352951516,z-score
-0.15499071616706028,-0.45514592167255224,0.7144436674104333,z-score
-0.5931829335772597,0.23162767351650657,0.40870939587156,z-score
-0.9196095246844529,-0.14491252674722951,0.37049261192920085,z-score
-0.6765636389144234,-0.5534036746610819,-0.39384306691798243,z-score
-0.07161001082989685,-0.5729865135434112,0.10297512433268668,z-score
-0.35013704780723004,-0.5492809717384863,-0.9670948260533699,z-score
-0.08757652887318344,-0.2500414512734186,-0.04989201143674997,z-score
-0.35013704780723004,-0.26721938011756713,-0.5467102026874191,z-score
-1.0331492085478244,-0.599784082540283,0.2176254761597642,z-score
-0.586086703335799,-0.38196794479647944,-0.011675227494390806,z-score
-0.7705886896137778,-0.4888146622070834,0.5233597476986375,z-score
-1.057986014392937,-0.305010823574694,0.2940590440444825,z-score
-0.4459361560669498,-0.5455018273927736,0.3322758279868417,z-score
-0.44771021362731506,-0.529698132856157,0.5997933155833558,z-score
-0.4370658682651239,-0.4829741664000729,0.48514296375627836,z-score
-0.48496542239498386,-0.3008881206520983,-0.279192715090905,z-score
-0.8947727188393404,-0.2648144700793863,0.5233597476986375,z-score
-0.43883992582548903,0.14161532637316826,1.287695426545821,z-score
0.06144430619749167,0.5762169261301264,1.096611506834025,z-score
-0.6747895813540581,0.7620821162238139,1.1730450747187433,z-score
-0.3412667600054042,0.029958788886202705,1.6698632659694124,z-score
-1.027827035866729,-0.5589006118912095,1.2112618586611026,z-score
-0.004195823536019861,-0.4262870012143826,1.78451361779649,z-score
-0.9089651793222618,0.10897726156928605,-0.8142276902839333,z-score
0.42157799095162346,-0.5726429549665283,-0.39384306691798243,z-score
-1.23716582798982,0.16085460667861473,0.5997933155833558,z-score
-1.0739525324362238,0.12993433475914737,0.7526604513527925,z-score
0.10934386032735147,0.08802018837942484,0.5615765316409966,z-score
-0.8557434525113065,-0.494311599437211,0.25584226010212335,z-score
-0.046773204984784225,-0.564053990544454,0.86731080317987,z-score
-0.4423880409462195,-0.5956613796176874,0.14119190827504585,z-score
-0.7901033227777948,0.1127564059149987,1.6698632659694124,z-score
-1.057986014392937,-0.45274101163437147,1.593429698084694,z-score
-0.9994421149008861,-0.5784834507735389,1.6316464820270533,z-score
-0.36965168097124707,0.20139451875080527,1.058394722891666,z-score
-0.6517268330693107,-0.45445880451878634,1.5169961301999757,z-score
-1.224747425067264,0.10038829714721177,1.4023457783728983,z-score
-0.319978069281022,-0.4063606037551704,1.1730450747187433,z-score
0.6805903947649397,0.19177487859808207,0.02654155644796836,z-score
0.19804673834561048,0.14230244352693433,0.86731080317987,z-score
1.1241047848562347,0.713296798306432,0.40870939587156,z-score
0.18208022030232388,0.17597118406146536,0.5233597476986375,z-score
0.26368686807912234,-0.14422540959346358,-0.08810879537910914,z-score
-0.5044800555590008,0.5521678257483187,0.86731080317987,z-score
0.9200881654142389,0.10485455864669037,0.2940590440444825,z-score
-1.1537851226526568,-0.3939924949873834,1.6698632659694124,z-score
0.0507999608353005,0.5521678257483187,1.287695426545821,z-score
-1.1023374534020665,-0.47679011201617943,1.1348282907763843,z-score
-1.0650822446343977,-0.12567324644178304,0.5233597476986375,z-score
-0.900094891520436,3.6448821348488227,1.1348282907763843,z-score
0.04015561547310965,3.9465265653520714,-0.4320598508603416,z-score
-0.3288483570828479,-0.5276367813948591,0.37049261192920085,z-score
0.049025903274935355,4.269128069045181,-1.1963955297075248,z-score
-0.07338406839026199,0.10519811722357339,0.5615765316409966,z-score
-0.39803660193709,4.155753738673801,-0.47027663480270077,z-score
-0.7599443442515867,-0.5286674571255081,0.2940590440444825,z-score
0.34884163097665105,3.5799495638179417,-0.5467102026874191,z-score
-1.1715256982563085,1.4880213891775316,-0.39384306691798243,z-score
0.9413768561386212,-0.7296492246020461,-1.9607312085547082,z-score
-0.09112464399391373,-0.7183117915649081,-1.9607312085547082,z-score
0.6663979342820182,-0.8811585570074363,-1.9607312085547082,z-score
-0.10354304691647004,-0.7241522873719185,-1.9607312085547082,z-score
-1.010086460263077,-0.5537472332379649,-1.9607312085547082,z-score
-0.9231576398051833,-0.7014774212976425,-1.9607312085547082,z-score
-0.8592915676320368,-0.12051986778853854,-0.8142276902839333,z-score
0.5120549265302476,-0.4042992522938726,-0.6613605545144966,z-score
0.8650923810429185,-0.6461644904194841,-0.279192715090905,z-score
0.8579961508014576,-0.6272687686909207,-1.0435283939380882,z-score
-0.2774006878322578,-0.138384913786453,-0.7377941223992149,z-score
0.6362389557558101,0.1079465858386371,-0.31740949903326415,z-score
0.32932699781263386,-0.6403239946124736,0.638010099525715,z-score
1.7876023124328122,-0.41941582967672325,0.06475834039032753,z-score
1.716640010018205,-0.4314403798676273,-0.08810879537910914,z-score
0.11998820568954263,0.6146954867410194,0.7526604513527925,z-score
0.2104651412681668,-0.4115139824084149,0.2176254761597642,z-score
0.7284899488947995,0.12306316322148786,-0.279192715090905,z-score
-0.5204465736022873,3.829716649211861,0.638010099525715,z-score
-0.26320822734933635,3.9664529628112843,0.25584226010212335,z-score
-0.8823543159167843,-0.11742784059659181,1.096611506834025,z-score
-0.8380028769076547,3.949962151120901,-0.1263255793214683,z-score
0.08805516960296944,3.6679005594999823,1.0201779389493066,z-score
-0.12483173764085223,-0.17136653716721825,0.10297512433268668,z-score
0.1182141481291775,0.14470735356511513,0.9055275871222291,z-score
2.4298111492850074,-0.7220909359106208,0.25584226010212335,z-score
3.0347647773695345,0.06294041226696795,0.9437443710645883,z-score
-0.5399612067663043,-0.3252807796107893,0.25584226010212335,z-score
-0.20821244297801567,-0.2819923989235349,-0.39384306691798243,z-score
0.4464147967967358,1.3437267868866838,0.86731080317987,z-score
-0.7084966750009966,3.751041735105661,-0.8906612581686516,z-score
0.002900406705440709,3.623237944505196,-0.8524444742262924,z-score
0.5776950562637592,1.3595304814233002,0.2940590440444825,z-score
-0.6747895813540581,1.2107696176329739,-0.8524444742262924,z-score
-0.703174502319901,-0.41941582967672325,0.5615765316409966,z-score
0.9662136619837335,0.08836374695630775,0.6762268834680741,z-score
-0.10886521959756564,-0.4534281287881374,0.86731080317987,z-score
-0.8575175100716717,-0.4310968212907443,0.3322758279868417,z-score
-1.027827035866729,-0.4548023630956693,0.5997933155833558,z-score
2.0572590616083195,0.7840698651443241,0.7908772352951516,z-score
0.34529351585592044,0.0801183411111165,0.02654155644796836,z-score
0.8065484815508676,0.06809379092021246,0.2176254761597642,z-score
2.0980623854967186,0.735628105803825,0.7144436674104333,z-score
-0.44771021362731506,-0.44483916436606313,-0.31740949903326415,z-score
0.8065484815508676,-0.1833910873581223,0.5233597476986375,z-score
1.1897449145897463,-0.41460600960036165,0.5615765316409966,z-score
0.5031846387284216,0.5710635474768819,0.6762268834680741,z-score
-0.11596144983902636,-0.40086366652504285,-1.9607312085547082,z-score
0.5688247684619331,-0.5272932228179762,-1.9607312085547082,z-score
-1.1094336836435272,-0.7025080970282914,-1.9607312085547082,z-score
1.3884393613506465,-0.6179926871150805,-1.9607312085547082,z-score
1.480690354489636,0.6947446351547516,-1.9607312085547082,z-score
2.4883550487770583,0.8428183817913121,-1.9607312085547082,z-score
0.3860968397443197,1.632659550045262,-1.9607312085547082,z-score
-0.9444463305295655,-0.2847408675385987,-0.31740949903326415,z-score
-0.6056013364998161,-0.4754158777086475,-0.20275914720618662,z-score
-0.7581702866912217,-0.5255754299335613,-0.6613605545144966,z-score
2.484806933656328,0.05847415076748936,0.14119190827504585,z-score
2.140639766945483,0.06122261938255307,0.17940869221740502,z-score
1.2287741809177803,0.09351712560955239,0.5997933155833558,z-score
0.30981236464861694,0.6153826038947852,0.4469261798139192,z-score
1.3334435769793263,0.7809778379523772,0.86731080317987,z-score
-0.05209537766587997,-0.46373488609462654,-0.2409759311485458,z-score
-0.13547608300304323,0.15467055229472126,0.02654155644796836,z-score
0.24062411979437484,-0.48537907643825373,-0.2409759311485458,z-score
0.331101055372999,-0.5540907918148479,-0.6995773384568558,z-score
-0.9302538700466441,-0.5846675051574324,-0.5849269866297783,z-score
0.8402555751978059,0.07702631391916977,-0.04989201143674997,z-score
-0.9125132944429923,-0.4802256977850092,-0.6995773384568558,z-score
0.11289197544808206,3.4810046936756462,0.37049261192920085,z-score
-0.5151244009211919,3.4287837899894344,0.7908772352951516,z-score
-0.16918317664998173,-0.7148762057960784,0.2176254761597642,z-score
-0.09644681667500947,-0.6884221953760894,0.7144436674104333,z-score
2.9460618993512755,-0.4444956057891801,1.0201779389493066,z-score
-0.0574175503469754,-0.2294279366604404,-0.3556262829756233,z-score
-0.029032629381132484,-0.5434404759314758,-0.011675227494390806,z-score
-0.3004634361170051,-0.6922013397218022,-1.1963955297075248,z-score
-1.018956748064903,-0.4761029948624135,0.6762268834680741,z-score
-0.30933372391883096,-0.16861806855215442,0.02654155644796836,z-score
-0.44061398338585434,-0.09956279459867733,0.7526604513527925,z-score
-1.0792747051173193,-0.5269496642410931,0.2176254761597642,z-score
-1.128948316807544,-0.5626797562369222,-0.011675227494390806,z-score
-0.5310909189644785,-0.48537907643825373,-0.1263255793214683,z-score
-0.8450991071491153,-0.34555073564688454,0.25584226010212335,z-score
-0.2224049034609371,-0.3146304637274171,0.10297512433268668,z-score
-0.5985051062583553,-0.5592441704680924,0.2940590440444825,z-score
0.6823644523253047,0.17562762548458247,-0.7760109063415741,z-score
0.23175383199254912,-0.30363658926716214,-0.2409759311485458,z-score
-1.0544378992722065,-0.7825572454420235,-0.8524444742262924,z-score
-1.0739525324362238,-0.24660586550458893,-0.9670948260533699,z-score
0.1306325510517338,-0.7866799483646193,0.2176254761597642,z-score
-1.027827035866729,-0.5589006118912095,-0.6995773384568558,z-score
-0.20111621273655492,-0.7839314797495555,0.02654155644796836,z-score
0.1909505081041499,-0.7021645384514084,-0.6231437705721374,z-score
-0.988797769538695,-0.22599235089161063,-0.31740949903326415,z-score
-1.0633081870740326,-0.30775929218975767,0.17940869221740502,z-score
-0.013066111337845888,-0.26309667719497143,-0.04989201143674997,z-score
-0.900094891520436,-0.599784082540283,0.37049261192920085,z-score
-0.9125132944429923,-0.26550158723315226,0.37049261192920085,z-score
-0.08225435619208801,-0.7866799483646193,-0.39384306691798243,z-score
-0.31288183903956124,-0.7310234589095779,-0.6995773384568558,z-score
-0.633986257465659,-0.7732811638661834,-0.1263255793214683,z-score
0.18917645054378476,-0.729992783178929,0.10297512433268668,z-score
-0.9533166183313914,-0.6983853941056957,-0.20275914720618662,z-score
-0.8131660710625421,-0.2414524868513443,-0.31740949903326415,z-score
-0.8238104164247333,-0.778090983942545,0.2176254761597642,z-score
0.5776950562637592,-0.5558085846992626,0.7144436674104333,z-score
3.288455008501755,-0.4132317752928298,1.32591221048818,z-score
0.40206335778760627,0.08973798126383972,0.37049261192920085,z-score
3.4711829372193677,0.1770018597921143,1.4787793462576166,z-score
1.127652899976965,-0.7121277371810145,0.2176254761597642,z-score
0.08095893936150855,0.05813059219060633,1.287695426545821,z-score
-0.16918317664998173,-0.1930107275108454,-0.04989201143674997,z-score
-0.6570490057504063,-0.42010294683048915,-0.011675227494390806,z-score
0.8881551293276657,-0.21259356639317475,0.40870939587156,z-score
0.5102808689698825,-0.6276123272678037,-0.7377941223992149,z-score
-0.8752580856753234,0.0732471695734571,0.2176254761597642,z-score
0.7763895030246595,-0.15590640120748459,-0.7377941223992149,z-score
0.13240660861209894,3.5892256453937814,1.058394722891666,z-score
-0.004195823536019861,-0.39158758494920265,0.7908772352951516,z-score
-1.0615341295136675,-0.11090022763581531,0.48514296375627836,z-score
0.2069170261474365,-0.45171033590372256,1.0201779389493066,z-score
-1.0366973236685548,3.5005875325579754,0.9819611550069475,z-score
-0.9763793666161387,-0.4640784446715095,0.7908772352951516,z-score
-0.5931829335772597,-0.14594320247787834,0.638010099525715,z-score
-0.928479812486279,-0.411170423831532,0.86731080317987,z-score
-0.011292053777480746,0.13714906487368955,0.2940590440444825,z-score
-0.910739236882627,0.18387303132977384,-1.1199619618228065,z-score
-0.09822087423537462,1.4203403495315863,-0.9288780421110108,z-score
0.4144817607101626,0.2505233952450701,0.86731080317987,z-score
0.22643165931145337,1.4924876506770102,-0.39384306691798243,z-score
-0.456580501429141,3.7407349777991725,-0.7377941223992149,z-score
-0.8929986612789753,1.2623034041654195,-0.5849269866297783,z-score
-0.3075596663584658,0.24502645801494247,-0.47027663480270077,z-score
-1.0668563021947628,-0.5812319193886026,0.7526604513527925,z-score
0.7072012581704173,-0.5832932708499005,-0.3556262829756233,z-score
-0.4743210770327927,-0.541379124470178,0.6762268834680741,z-score
-1.128948316807544,0.07221649384280815,-0.8142276902839333,z-score
1.3742469008677247,0.4116523678031834,-1.9607312085547082,z-score
0.1590174720175767,0.2642657383203889,-1.9607312085547082,z-score
2.1441878820662135,0.7198244112672083,-1.9607312085547082,z-score
1.5445564266627823,-0.6368884088436438,-1.9607312085547082,z-score
0.7391342942569906,-0.5585570533143265,0.2176254761597642,z-score
-0.9550906758917566,0.0893944226869567,0.86731080317987,z-score
0.23707600467364456,0.1742533911770506,-0.6995773384568558,z-score
-1.0065383451423469,0.14298956068070012,0.5615765316409966,z-score
-0.3288483570828479,-0.46442200324839245,-0.5467102026874191,z-score
0.09692545740479547,-0.47198029193981783,0.14119190827504585,z-score
-1.194588446541056,0.14608158787264697,0.2940590440444825,z-score
-1.2761950943178542,-0.4128882167159469,1.096611506834025,z-score
-0.40513283217855073,0.7435299530721335,1.4787793462576166,z-score
-0.40690688973891587,-0.5750478650047092,1.058394722891666,z-score
-0.30223749367737024,0.5999224679350517,1.7462968338541307,z-score
-0.3856181990145337,-0.5867288566187301,1.555212914142335,z-score
-0.1674091190896166,-0.6025325511553468,1.1348282907763843,z-score
0.04015561547310965,-0.4513667773268396,1.058394722891666,z-score
0.011770694507266736,-0.19678987185655805,0.6762268834680741,z-score
-0.5967310486979902,-0.4070477209089363,0.2176254761597642,z-score
-0.41932529266147217,0.16669510248562527,1.1348282907763843,z-score
-0.5133503433608266,-0.4231949740224359,1.32591221048818,z-score
-1.28506538211968,-0.5784834507735389,1.4023457783728983,z-score
-0.8965467763997057,-0.31806604949624684,0.4469261798139192,z-score
-0.20289027029692006,-0.49706006805227476,-0.04989201143674997,z-score
-0.4938357101968097,-0.375440331835703,-0.6613605545144966,z-score
-0.8663877978734975,-0.33558753691727844,0.37049261192920085,z-score
-0.8255844739850985,-0.5211091684340827,-0.39384306691798243,z-score
-0.3643295082901515,-0.25244636131159937,-0.5467102026874191,z-score
-0.4814173072742534,-0.5599312876218585,-1.2728290975922432,z-score
-0.7404297110875697,-0.5551214675454968,-0.9288780421110108,z-score
-0.5399612067663043,-0.7794652182500769,-0.4320598508603416,z-score
0.10579574520662118,-0.7100663857197167,-1.005311609995729,z-score
-1.097015280720971,-0.7286185488713971,-0.20275914720618662,z-score
-0.15144260104632984,-0.7011338627207595,-0.8906612581686516,z-score
1.8745311328907057,-0.22564879231472762,0.6762268834680741,z-score
1.9916189318748077,0.582057421937137,0.3322758279868417,z-score
1.627937131999946,0.07977478253423347,0.10297512433268668,z-score
1.9206566294602005,-0.1311701836719106,0.8290940192375108,z-score
1.1187826121751392,0.11687910883759439,0.7144436674104333,z-score
2.051936888927224,0.5332721040197551,0.7526604513527925,z-score
0.09515139984443001,0.1879957342523694,-0.011675227494390806,z-score
-1.1147558563246227,4.047876345532549,-0.31740949903326415,z-score
-0.027258571820767342,-0.5214527270109657,-0.4320598508603416,z-score
0.07563676668041312,0.16394663387056133,0.86731080317987,z-score
-1.0349232661081897,0.11619199168382835,-0.3556262829756233,z-score
-0.9444463305295655,-0.45239745305748846,-1.0435283939380882,z-score
-0.027258571820767342,-0.6228025071914421,-0.7377941223992149,z-score
-0.733333480846109,-0.46201709321021167,-0.1263255793214683,z-score
-0.24901576686641488,-0.647538724727016,0.48514296375627836,z-score
-0.969283136374678,-0.5362257458169334,-1.9607312085547082,z-score
-0.8450991071491153,-0.3857470891421921,-1.9607312085547082,z-score
-0.5080281706797312,-0.40052010794815984,-1.9607312085547082,z-score
-0.42287340778220245,3.5930047897394943,-0.04989201143674997,z-score
-0.456580501429141,1.3176163350435777,1.2494786426034616,z-score
-0.8450991071491153,3.6644649737311528,0.5997933155833558,z-score
-0.6499527755089456,3.8805633185905415,-0.3556262829756233,z-score
0.06854053643895255,0.1691000125238061,0.86731080317987,z-score
-1.0863709353587798,-0.5544343503917308,-1.0817451778804474,z-score
0.1465990690950204,1.3200212450817588,0.4469261798139192,z-score
2.7633339706336613,0.1467687050264128,0.7144436674104333,z-score
3.4374758435724297,-0.7282749902945143,0.25584226010212335,z-score
-0.42287340778220245,-0.42937902840632935,0.37049261192920085,z-score
1.7840541973120818,-0.5623361976600392,1.2112618586611026,z-score
2.3428823288271134,-0.7049130070664722,0.14119190827504585,z-score
-0.8025217257003512,0.24262154797676166,-0.011675227494390806,z-score
-0.19756809761582464,0.21238839321106037,0.9055275871222291,z-score
-0.5896348184565294,0.08389748545682915,0.4469261798139192,z-score
-0.3927144292559944,-0.16380824847579292,0.4469261798139192,z-score
-1.0508897841514764,-0.4541152459419034,0.9055275871222291,z-score
0.1909505081041499,-0.44690051582736096,0.3322758279868417,z-score
0.339971343174825,-0.6554405719953244,-0.39384306691798243,z-score
0.3931930699857806,1.2389414209373777,-0.5084934187450599,z-score
-0.9054170642015315,4.350551451766446,0.86731080317987,z-score
-0.6464046603882151,1.3207083622355247,-0.39384306691798243,z-score
-0.28449691807371835,-0.5468760617003054,1.2494786426034616,z-score
-0.5186725160419222,-0.528323898548625,0.8290940192375108,z-score
-0.31465589659992654,1.1461806051789754,-0.5849269866297783,z-score
-0.029032629381132484,-0.5781398921966558,0.7526604513527925,z-score
-0.9196095246844529,1.4385489541063838,-0.39384306691798243,z-score
0.33287511293336447,3.9925634146543896,-1.1963955297075248,z-score
0.5901134591863154,1.3110887220828014,0.25584226010212335,z-score
0.5794691138241242,-0.5867288566187301,-0.2409759311485458,z-score
0.022415039869457906,1.4127820608401611,0.7526604513527925,z-score
-0.22595301858166755,1.1637020926000068,0.9819611550069475,z-score
-0.733333480846109,-0.49053245509149823,0.6762268834680741,z-score
-0.6464046603882151,-0.4273176769450316,-0.6995773384568558,z-score
-0.8468731647094805,-0.5534036746610819,0.25584226010212335,z-score
0.6344648981954449,-0.552372998930433,0.40870939587156,z-score
0.2104651412681668,-0.5637104319675712,0.3322758279868417,z-score
0.3275529402522687,0.11138217160746686,0.3322758279868417,z-score
-0.7954254954588904,-0.4156366853310106,1.555212914142335,z-score
0.036607500352379044,-0.5437840345083588,1.096611506834025,z-score
-0.5718942428528776,0.7315054028812294,1.2112618586611026,z-score
-0.4636767316706017,-0.446556957250478,1.4023457783728983,z-score
-0.5985051062583553,-0.5479067374309544,1.555212914142335,z-score
-1.0792747051173193,-0.47850790490059425,1.096611506834025,z-score
-1.2194252523861684,0.6043887294345301,1.78451361779649,z-score
-0.4619026741102364,0.5999224679350517,1.593429698084694,z-score
1.5711672900682603,-0.11364869625087914,-0.3556262829756233,z-score
0.3825487246235894,-0.19816410616409003,0.8290940192375108,z-score
0.6593017040405575,0.7249777899204531,0.37049261192920085,z-score
1.5356861388609562,0.6463028758142525,0.2176254761597642,z-score
2.318045522982001,-0.4218207397149041,-0.08810879537910914,z-score
1.9667821260296956,0.6181310725098489,0.86731080317987,z-score
-0.046773204984784225,-0.46270421036397763,0.06475834039032753,z-score
-0.9675090788143128,0.1976153744050926,0.638010099525715,z-score
0.7675192152228335,-0.2160291521620045,0.2176254761597642,z-score
0.9023475898105872,-0.6568148063028562,0.638010099525715,z-score
-0.2064383854176505,-0.4276612355219146,0.8290940192375108,z-score
-0.8876764885978797,0.07805698964981872,0.06475834039032753,z-score
-0.3767479112127078,-0.7121277371810145,0.2940590440444825,z-score
-1.010086460263077,-0.5795141265041878,-1.0435283939380882,z-score
-0.7883292652174296,-0.7756860739043642,0.10297512433268668,z-score
-0.8450991071491153,-0.540348448739529,-0.6995773384568558,z-score
-0.9728312514954084,-0.20709662916304722,-0.011675227494390806,z-score
-0.633986257465659,-0.7251829631025675,0.2176254761597642,z-score
-0.15321665860669514,-0.5589006118912095,0.3322758279868417,z-score
0.9768580073459247,-0.7296492246020461,1.096611506834025,z-score
-0.8007476681399859,-0.5475631788540715,-0.04989201143674997,z-score
-0.7954254954588904,-0.4091090723702341,0.4469261798139192,z-score
-0.9018689490808012,-0.27443411023210956,0.5997933155833558,z-score
-0.7688146320534126,-0.32699857249520414,0.5233597476986375,z-score
-0.7688146320534126,-0.3970845221793302,0.2176254761597642,z-score
-0.5133503433608266,-0.39674096360244715,-0.20275914720618662,z-score
0.16966181737976757,-0.565428224851986,-0.16454236326382746,z-score
-1.0526638417118415,-0.5427533587777099,0.02654155644796836,z-score
-0.029032629381132484,-0.7227780530643867,0.06475834039032753,z-score
-0.06983595326953171,-0.5578699361605606,-0.279192715090905,z-score
0.10756980276698631,-0.7289621074482802,-0.5467102026874191,z-score
-0.8947727188393404,-0.2318328466986211,-0.20275914720618662,z-score
-0.15499071616706028,-0.6880786367992066,0.40870939587156,z-score
0.22643165931145337,-0.5716122792358794,0.7908772352951516,z-score
0.020640982309092448,-0.5534036746610819,-0.04989201143674997,z-score
0.952021201500812,-0.45995574174891385,-0.279192715090905,z-score
-0.5417352643266695,-0.46785758901722213,-0.2409759311485458,z-score
-0.5736683004132429,-0.45274101163437147,-0.31740949903326415,z-score
0.29384584660533036,0.19727181582820946,0.2176254761597642,z-score
0.625594610393619,-0.5726429549665283,0.5233597476986375,z-score
-1.1732997558166738,0.0756520796116379,0.8290940192375108,z-score
-0.6286640847845634,-0.457894390287616,0.14119190827504585,z-score
-0.47609513459315783,-0.5705816035052305,0.8290940192375108,z-score
-0.38916631413526415,0.03511216753944734,-0.7377941223992149,z-score
-1.0562119568325719,-0.5784834507735389,0.5615765316409966,z-score
-0.6038272789394509,-0.4558330388263182,-0.5849269866297783,z-score
-0.7510740564497609,-0.5911951181182087,0.02654155644796836,z-score
-0.7404297110875697,-0.4506796601730736,-0.6995773384568558,z-score
0.09515139984443001,-0.4417471371741164,0.10297512433268668,z-score
0.7373602366966254,-0.14078982382463381,0.3322758279868417,z-score
0.30981236464861694,-0.11880207490412366,-1.1199619618228065,z-score
-0.21176055809874608,-0.4726674090935838,0.17940869221740502,z-score
-0.13192796788231295,-0.6434160218044204,-1.0817451778804474,z-score
-1.0154086329441727,-0.4077348380627022,-0.6995773384568558,z-score
-0.7599443442515867,0.07152937668904222,0.25584226010212335,z-score
0.5901134591863154,0.04919806919164916,-0.279192715090905,z-score
-0.6552749481900412,-0.4221642982917871,-0.6613605545144966,z-score
-0.013066111337845888,-0.7289621074482802,-0.7760109063415741,z-score
-0.7067226174406314,-0.29298627338378996,0.40870939587156,z-score
-0.19224592493472906,-0.7227780530643867,-1.1581787457651658,z-score
0.08273299692187401,-0.7739682810199493,-0.31740949903326415,z-score
-1.0526638417118415,-0.7756860739043642,0.14119190827504585,z-score
-0.5577017823699562,-0.6894528711067384,0.3322758279868417,z-score
-0.2951412634359095,-0.7289621074482802,-0.7377941223992149,z-score
-0.027258571820767342,0.0663759980357977,1.287695426545821,z-score
-0.9763793666161387,0.5497629157101378,1.2494786426034616,z-score
-1.0650822446343977,0.5463273299413081,1.7080800499117716,z-score
0.034833442792013905,0.10210609003162666,1.593429698084694,z-score
-0.5931829335772597,0.03579928469321327,1.1348282907763843,z-score
-1.2087809070239774,0.15776257948666786,1.593429698084694,z-score
-1.0349232661081897,0.1835294727528907,1.822730401738849,z-score
-0.9675090788143128,-0.28577154326924753,-1.234612313649884,z-score
-0.17095723421034686,-0.729992783178929,-0.279192715090905,z-score
-0.7617184018119519,-0.7114406200272486,-0.2409759311485458,z-score
-0.6251159696638331,-0.30913352649728953,0.37049261192920085,z-score
-0.3057856087981005,-0.5716122792358794,-0.6613605545144966,z-score
-0.4104550048596463,-0.23080217096797226,-0.47027663480270077,z-score
-0.6233419121034678,-0.5791705679273047,-0.31740949903326415,z-score
0.049025903274935355,-0.7186553501417909,-1.1581787457651658,z-score
-0.9054170642015315,-0.5733300721202943,-0.3556262829756233,z-score
0.4623813148400224,1.4739354875253294,0.17940869221740502,z-score
-0.5044800555590008,4.215876489628321,-0.5467102026874191,z-score
-0.5239946887230178,1.2818862430477491,0.40870939587156,z-score
-0.45303238630841053,1.267113224241781,0.2940590440444825,z-score
-0.8610656251924019,-0.5836368294267834,-0.6231437705721374,z-score
-0.6393084301467544,-0.7691584609435876,-1.234612313649884,z-score
-0.8521953373905762,0.890916582554928,-1.9607312085547082,z-score
0.45173696947783154,0.2254436191326131,-1.9607312085547082,z-score
2.3393342137063833,0.9091251871297255,-1.9607312085547082,z-score
-0.9657350212539475,0.3192351106216643,-1.9607312085547082,z-score
2.8502627910915543,0.937640549011012,-1.9607312085547082,z-score
-0.4512583287480454,-0.6626553021098667,-1.9607312085547082,z-score
0.7462305244984512,1.6099846839709862,-1.9607312085547082,z-score
-0.0254845142604022,-0.7186553501417909,-1.9607312085547082,z-score
-1.0650822446343977,-0.5338208357787526,-1.9607312085547082,z-score
0.8633183234825531,-0.5674895763132838,-1.9607312085547082,z-score
0.8384815176374407,-0.12567324644178304,0.5997933155833558,z-score
1.5711672900682603,0.034081491808798395,0.8290940192375108,z-score
1.9472674928656781,-0.18064261874305845,-0.1263255793214683,z-score
-0.36965168097124707,-0.43831155140528666,1.2112618586611026,z-score
-0.6943042145180751,-0.44037290286658454,1.2112618586611026,z-score
-0.8273585315454636,0.18902640998301834,1.7462968338541307,z-score
0.9662136619837335,-0.446556957250478,-1.9607312085547082,z-score
-0.09822087423537462,-0.3671949259905117,-1.9607312085547082,z-score
-0.4459361560669498,-0.8845941427762659,-1.9607312085547082,z-score
-0.9710571939350433,-0.6894528711067384,-1.9607312085547082,z-score
0.6078540347899672,-0.8773794126617236,-1.9607312085547082,z-score
1.2873180804098312,-0.8773794126617236,-1.9607312085547082,z-score
1.3103808286945788,-0.884250584199383,-1.9607312085547082,z-score
0.2743312134413135,0.07393428672722303,-0.8142276902839333,z-score
-0.11241333471829591,-0.504961915320583,0.37049261192920085,z-score
0.8721886112843791,0.1605110481017318,0.17940869221740502,z-score
0.9591174317422729,-0.4300661455600954,-0.47027663480270077,z-score
0.06321836375785682,0.11997113602954101,0.37049261192920085,z-score
0.05612213351639624,0.1859343827910715,0.48514296375627836,z-score
0.419803933391258,-0.4668269132865733,-0.6231437705721374,z-score
-0.7155929052424572,-0.5705816035052305,-0.8142276902839333,z-score
0.20869108370780165,-0.5018698881286363,0.638010099525715,z-score
-0.4441620985065846,-0.6011583168478148,0.02654155644796836,z-score
0.4889921782455001,-0.540692007316412,0.25584226010212335,z-score
-0.6091494516205463,-0.45239745305748846,0.86731080317987,z-score
0.04547778815420507,-0.5750478650047092,-0.08810879537910914,z-score
0.34174540073519016,-0.3936489364105004,0.638010099525715,z-score
0.508506811409517,0.17390983260016746,-0.6613605545144966,z-score
-0.5151244009211919,-0.422851415445553,-0.6613605545144966,z-score
0.2902977314846001,-0.541379124470178,-0.5084934187450599,z-score
-1.0047642875819816,-0.4633913275177436,-0.011675227494390806,z-score
-0.7155929052424572,-0.1954156375490262,0.48514296375627836,z-score
-0.40690688973891587,-0.10780820044386857,0.8290940192375108,z-score
-0.880580258356419,0.22166447478690043,0.5615765316409966,z-score
-0.3430408175657693,0.17562762548458247,-0.1263255793214683,z-score
-0.4459361560669498,-0.1332315351332085,-0.04989201143674997,z-score
0.12531037837063805,0.2226951505175494,0.7908772352951516,z-score
-0.6801117540351537,-0.446213398673595,1.096611506834025,z-score
-0.9267057549259138,-0.4534281287881374,0.86731080317987,z-score
-0.44948427118768025,-0.5461889445465395,1.32591221048818,z-score
-0.910739236882627,0.03579928469321327,1.4787793462576166,z-score
0.002900406705440709,0.6198488653942639,1.2112618586611026,z-score
0.02596315499018819,-0.4541152459419034,1.7080800499117716,z-score
-0.39448848681635956,0.08733307122565892,1.6316464820270533,z-score
-0.23837142150422372,-0.40945263094711715,1.4023457783728983,z-score
0.26013875295839206,-0.15384504974618668,-0.1263255793214683,z-score
-0.011292053777480746,-0.623489624345208,-0.5849269866297783,z-score
-0.6854339267162493,-0.15487572547683565,0.5997933155833558,z-score
-0.8823543159167843,-0.3950231707180323,-0.47027663480270077,z-score
-0.23127519126276297,0.6459593172373697,1.3641289944305393,z-score
-0.832680704226559,0.761051440493165,1.4405625623152574,z-score
-1.215877137265438,0.5731248989381799,1.6698632659694124,z-score
-0.10354304691647004,0.17837609409964617,1.1348282907763843,z-score
2.3623969619911303,-0.730336341755812,1.4023457783728983,z-score
0.15724341445721157,-0.7011338627207595,1.4023457783728983,z-score
0.7746154454642941,-0.5922257938488577,0.7526604513527925,z-score
2.1495100547473087,0.10073185572409481,0.7144436674104333,z-score
1.8692089602096105,-0.5887902080800279,0.2176254761597642,z-score
0.2619128105187572,-0.5977227310789852,0.2176254761597642,z-score
-0.6375343725863892,1.2516530882820474,0.2940590440444825,z-score
-1.0757265899965889,-0.5777963336197729,0.9819611550069475,z-score
-0.19047186737436392,-0.5235140784722635,1.32591221048818,z-score
0.06854053643895255,0.5837752148215518,1.6316464820270533,z-score
-0.11418739227866105,-0.5516858817766671,1.32591221048818,z-score
-0.2224049034609371,-0.4159802439078936,1.2494786426034616,z-score
-1.0526638417118415,-0.4592686245951479,1.1730450747187433,z-score
-0.20111621273655492,0.1886828514061352,1.287695426545821,z-score
-0.2153086732194764,-0.5537472332379649,1.6698632659694124,z-score
-0.42287340778220245,0.5645359345161056,1.4787793462576166,z-score
0.19804673834561048,1.3839231403819914,-1.9607312085547082,z-score
2.3233676956630966,1.338916966810322,-1.9607312085547082,z-score
-0.04322508986405394,-0.6042503440397617,0.14119190827504585,z-score
-0.08048029863172255,-0.575391423581592,-0.04989201143674997,z-score
-0.6854339267162493,-0.694949808336866,-1.234612313649884,z-score
-1.0757265899965889,-0.7815265697113746,-0.6995773384568558,z-score
-0.9604128485728521,-0.6980418355288127,-0.6613605545144966,z-score
-0.16918317664998173,-0.7104099442965996,-0.4320598508603416,z-score
0.40028930022724113,0.18936996855990126,0.48514296375627836,z-score
-0.18692375225363347,0.1900570857136673,0.6762268834680741,z-score
0.1465990690950204,-0.45995574174891385,0.5615765316409966,z-score
-0.3111077814791961,-0.6355141745361119,0.02654155644796836,z-score
-0.9958939997801556,-0.4359066413671059,-1.005311609995729,z-score
0.4588331997192921,-0.13288797655632548,-0.8142276902839333,z-score
0.7692932727831986,-0.5444711516621247,-1.9607312085547082,z-score
-0.21353461565911125,-0.8801278812767873,-1.9607312085547082,z-score
0.6344648981954449,-0.4379679928284037,-1.9607312085547082,z-score
0.2228835441907231,-0.3695998360286925,-1.9607312085547082,z-score
1.0460462522001668,-0.5245447542029124,-1.9607312085547082,z-score
0.803000366430137,-0.5681766934670496,-1.9607312085547082,z-score
0.465929429960753,1.6488068031587617,-1.9607312085547082,z-score
0.8846070142069354,0.7823520722599091,-1.9607312085547082,z-score
2.585928214597143,-0.635857733112995,-1.9607312085547082,z-score
-0.40690688973891587,0.3432842110034721,-1.9607312085547082,z-score
-0.18869780981399878,-0.4572072731338501,0.3322758279868417,z-score
-0.4441620985065846,3.2989186479276715,0.2176254761597642,z-score
-0.8255844739850985,-0.41941582967672325,0.7908772352951516,z-score
0.049025903274935355,-0.15006590540047401,0.40870939587156,z-score
-0.24191953662495413,-0.22599235089161063,0.9437443710645883,z-score
0.03128532767128362,4.180833514786259,-0.011675227494390806,z-score
-0.24724170930604958,-0.541379124470178,0.5233597476986375,z-score
-1.2690988640763936,1.2334444837072498,-1.1963955297075248,z-score
-0.08757652887318344,-0.5740171892740602,0.638010099525715,z-score
0.029511270110918475,-0.5702380449283475,-0.2409759311485458,z-score
-0.9249316973655485,0.8778613566333751,-1.9607312085547082,z-score
1.2802218501683706,0.7126096811526659,-1.9607312085547082,z-score
-1.0597600719533022,-0.5430969173545929,0.37049261192920085,z-score
-0.6197937969827375,-0.5468760617003054,0.40870939587156,z-score
-0.8947727188393404,-0.6887657539529726,-1.9607312085547082,z-score
-0.5647980126114168,-0.6891093125298555,-1.9607312085547082,z-score
1.2961883682116573,-0.4499925430193077,0.48514296375627836,z-score
2.069677464530876,0.08424104403371219,0.40870939587156,z-score
2.0572590616083195,-0.458237948864499,0.14119190827504585,z-score
-0.3323964722035783,-0.6997596284132276,0.3322758279868417,z-score
1.9454934353053133,-0.7135019714885464,0.9437443710645883,z-score
1.2997364833323874,0.1302778933360303,0.9437443710645883,z-score
-0.3040115512377354,-0.26618870438691816,-0.1263255793214683,z-score
-0.9302538700466441,-0.30294947211339607,-0.1263255793214683,z-score
-0.9781534241765039,-0.5554650261223798,0.10297512433268668,z-score
-0.46722484679133197,-0.30226235495963016,-0.04989201143674997,z-score
-0.4210993502218373,-0.3342133026097464,-0.5084934187450599,z-score
-1.097015280720971,-0.541379124470178,-0.1263255793214683,z-score
-0.8362288193472894,-0.5355386286631675,-0.47027663480270077,z-score
0.2654609256394875,4.236146445664416,0.25584226010212335,z-score
0.21756137150962768,1.3942298976884804,0.9055275871222291,z-score
-1.2105549645843425,-0.5602748461987413,-0.011675227494390806,z-score
-0.07870624107135742,-0.5747043064278262,0.2940590440444825,z-score
0.5014105811680565,0.16806933679315714,0.40870939587156,z-score
-0.2774006878322578,1.4505735042972876,0.02654155644796836,z-score
-1.2265214826276292,0.1996767258663903,-0.7377941223992149,z-score
-0.19756809761582464,-0.44106002002035044,1.1730450747187433,z-score
-0.04499914742441908,-0.4451827229429461,1.1730450747187433,z-score
0.06676647887858742,0.6961188694622834,1.822730401738849,z-score
-0.7155929052424572,-0.4080783966395853,1.0201779389493066,z-score
-0.5594758399303215,-0.5455018273927736,1.32591221048818,z-score
-0.89122460371861,0.6016402608194664,1.287695426545821,z-score
-0.011292053777480746,-0.21293712497005776,-0.04989201143674997,z-score
-0.041451032303688795,-0.11364869625087914,0.4469261798139192,z-score
-1.0704044173154934,-0.41872871252295735,0.5997933155833558,z-score
-0.09289870155427887,0.17287915686951874,-0.8142276902839333,z-score
0.5617285382204725,1.3973219248804272,0.48514296375627836,z-score
-0.9391241578484699,-0.5685202520439328,0.4469261798139192,z-score
-0.40513283217855073,-0.5217962855878486,-0.31740949903326415,z-score
-0.27917474539262294,0.1536398765640723,1.287695426545821,z-score
-0.25256388198714513,-0.5911951181182087,1.3641289944305393,z-score
-1.2584545187142024,0.773075990684069,1.78451361779649,z-score
-1.2868394396800453,-0.565428224851986,1.096611506834025,z-score
-0.319978069281022,-0.4427778129047653,1.32591221048818,z-score
-0.9178354671240877,0.5710635474768819,1.822730401738849,z-score
-0.486739479955349,0.03476860896256432,1.6316464820270533,z-score
-0.8025217257003512,0.6559225159669757,1.4405625623152574,z-score
-0.3323964722035783,1.434082692606905,-0.47027663480270077,z-score
-1.018956748064903,4.239238472856363,-0.9288780421110108,z-score
-0.49738382531754,-0.5774527750428899,-0.6613605545144966,z-score
-1.098789338281336,-0.5894773252337939,1.058394722891666,z-score
-0.7883292652174296,1.3007819647763124,1.058394722891666,z-score
0.8970254171294917,-0.6681522393399942,0.25584226010212335,z-score
-0.2720785151511622,-0.6513178690727286,0.10297512433268668,z-score
0.9342806258971603,-0.2204954136614831,0.06475834039032753,z-score
-0.23659736394385855,-0.6386062017280588,-0.6231437705721374,z-score
0.8810588990862052,-0.15384504974618668,-0.3556262829756233,z-score
-0.9373501002881048,-0.694949808336866,0.2176254761597642,z-score
-0.5630239550510517,-0.5479067374309544,0.02654155644796836,z-score
-1.0562119568325719,-0.2644709115025034,-1.0435283939380882,z-score
-0.36965168097124707,-0.540348448739529,0.3322758279868417,z-score
0.04370373059383993,-0.30672861645910887,-1.005311609995729,z-score
-0.9196095246844529,-0.7224344944875036,-1.2728290975922432,z-score
-0.8557434525113065,-0.5956613796176874,-0.08810879537910914,z-score
-1.010086460263077,-0.3744096561050541,-0.08810879537910914,z-score
-0.575442357973608,-0.5589006118912095,0.37049261192920085,z-score
-0.8929986612789753,-0.5688638106208157,0.02654155644796836,z-score
-0.5346390340852087,-0.7681277852129389,-1.1963955297075248,z-score
-0.6197937969827375,-0.7025080970282914,-0.8906612581686516,z-score
-0.9444463305295655,-0.7722504881355344,-1.005311609995729,z-score
0.018866924748727306,-0.7196860258724399,-0.6231437705721374,z-score
-0.8273585315454636,-0.31840960807312985,-1.2728290975922432,z-score
0.1749839900608633,-0.6678086807631113,-1.9607312085547082,z-score
-0.5683461277321473,0.29449889308609045,-1.9607312085547082,z-score
1.0247575614757845,0.7318489614581124,-1.9607312085547082,z-score
0.08450705448223915,1.6082668910865714,-1.9607312085547082,z-score
-0.24724170930604958,-0.3328390683022146,0.5615765316409966,z-score
-1.0633081870740326,-0.4682011475941052,-0.20275914720618662,z-score
-0.7510740564497609,-0.3534525829151929,0.48514296375627836,z-score
-0.5435093218870348,-0.5252318713566783,0.17940869221740502,z-score
-0.9870237119783298,-0.3005445620752153,-0.5849269866297783,z-score
-0.4991578828779053,-0.2833666332310667,-0.20275914720618662,z-score
-0.43883992582548903,-0.49121957224526425,-0.08810879537910914,z-score
-0.7971995530192555,-0.5242011956260294,-0.8524444742262924,z-score
-0.5789904730943383,0.19589758152067763,-0.5084934187450599,z-score
-0.5346390340852087,3.7788699798331815,-0.7377941223992149,z-score
-0.3448148751261346,1.199775743172719,0.5997933155833558,z-score
-0.6215678545431027,-0.3342133026097464,-0.3556262829756233,z-score
-0.9746053090557736,-0.4029250179863406,0.5997933155833558,z-score
-0.6517268330693107,-0.5788270093504218,-0.20275914720618662,z-score
-0.3767479112127078,-0.5162993483577211,0.25584226010212335,z-score
-0.6481787179485804,-0.3438329427624697,-0.4320598508603416,z-score
-0.19579404005545933,0.2278485291707939,0.5615765316409966,z-score
-0.09999493179573976,3.8565142182087326,0.86731080317987,z-score
-0.6623711784315018,-0.11605360628905995,0.02654155644796836,z-score
-0.7297853657253787,-0.44586984009671204,-0.08810879537910914,z-score
-0.8592915676320368,3.690918984151141,0.5233597476986375,z-score
-0.029032629381132484,0.09832694568591399,0.3322758279868417,z-score
-0.5310909189644785,3.3710659490730954,0.7526604513527925,z-score
-0.2224049034609371,-0.17377144720539905,-0.011675227494390806,z-score
-0.07161001082989685,-0.18442176308877112,-0.9670948260533699,z-score
0.22465760175108823,-0.4706060576322859,-0.279192715090905,z-score
0.6468833011180013,0.12856010045161528,-1.1199619618228065,z-score
-0.8663877978734975,-0.40086366652504285,-0.2409759311485458,z-score
-0.47254701947242755,0.057443475036840407,-0.20275914720618662,z-score
0.21756137150962768,-0.4575508317107331,-0.08810879537910914,z-score
-0.7865552076570643,-0.10402905609815592,0.14119190827504585,z-score
-0.44948427118768025,3.667213442346216,0.9437443710645883,z-score
0.4428666816760055,0.10588523437733932,-1.005311609995729,z-score
-0.6747895813540581,3.846551019479127,-0.011675227494390806,z-score
-0.09822087423537462,-0.5221398441647316,-0.279192715090905,z-score
-0.016614226458576173,4.126551259638749,0.8290940192375108,z-score
0.5617285382204725,0.20345587021210318,-0.47027663480270077,z-score
0.5280214445735342,-0.5826061536961344,0.7908772352951516,z-score
0.4747997177625787,4.3089808639636065,0.02654155644796836,z-score
0.06499242131822196,0.7668919363001755,1.287695426545821,z-score
-1.144914834850831,-0.564397549121337,1.287695426545821,z-score
-0.3111077814791961,0.6483642272755504,1.4787793462576166,z-score
-1.0508897841514764,-0.45858150744138193,1.058394722891666,z-score
0.05612213351639624,-0.5606184047756243,1.4787793462576166,z-score
-0.2153086732194764,0.7376894572651229,1.1730450747187433,z-score
-0.7510740564497609,-0.5949742624639214,1.7080800499117716,z-score
-0.0024217659756547187,-0.45274101163437147,1.4787793462576166,z-score
-1.2070068494636121,-0.5781398921966558,1.058394722891666,z-score
-0.4264215229029329,-0.4221642982917871,1.822730401738849,z-score
-0.8167141861832724,0.13405703768174296,1.593429698084694,z-score
-0.5914088760168946,0.6968059866160494,1.287695426545821,z-score
-0.162086946408521,1.3124629563903334,-0.2409759311485458,z-score
0.04370373059383993,4.2784041506210215,0.9819611550069475,z-score
0.5262473870131691,1.4055673307256185,0.4469261798139192,z-score
-0.06628783814880111,0.08080545826488242,0.9819611550069475,z-score
-0.703174502319901,0.14367667783446617,0.86731080317987,z-score
-0.06806189570916657,-0.4025814594094577,-0.7377941223992149,z-score
1.069109000484914,0.16875645394692296,-0.39384306691798243,z-score
0.9183141078538738,-0.43934222713593557,0.02654155644796836,z-score
0.7710673303435638,-0.4135753338697128,0.3322758279868417,z-score
-0.33417052976394346,-0.5004956538211044,0.6762268834680741,z-score
-0.19047186737436392,-0.41975938825360626,0.10297512433268668,z-score
-1.1839441011788647,-0.49121957224526425,-0.16454236326382746,z-score
-0.516898458481557,-0.5788270093504218,-0.011675227494390806,z-score
-0.4814173072742534,0.14711226360329593,0.5615765316409966,z-score
-1.2265214826276292,3.8420847579796487,0.86731080317987,z-score
-0.5257687462833829,0.21822888901807092,-0.9670948260533699,z-score
0.4109336455894323,-0.5575263775836777,-0.2409759311485458,z-score
0.4269001636327189,0.0825232511492973,0.86731080317987,z-score
-0.6570490057504063,0.583088097667786,0.48514296375627836,z-score
0.6486573586783664,0.7105483296913683,0.5997933155833558,z-score
0.13418066617246407,-0.09853211886802837,0.7908772352951516,z-score
-0.4157771775407417,0.18490370706042253,-1.0817451778804474,z-score
-0.8823543159167843,-0.4173544782154255,-0.20275914720618662,z-score
-0.37497385365234265,-0.13975914809398488,0.10297512433268668,z-score
-0.11418739227866105,-0.1607162212838462,0.5233597476986375,z-score
0.9928245253892113,-0.20537883627863232,-0.1263255793214683,z-score
0.517377099211343,0.05297721353736182,0.7526604513527925,z-score
0.6167243225917932,0.6679470661578798,0.2940590440444825,z-score
1.76986173682916,0.596143323589339,0.37049261192920085,z-score
0.3151345373297124,-0.4407164614434675,-1.9607312085547082,z-score
-0.6588230633107715,-0.3699433946055755,-1.9607312085547082,z-score
-0.2774006878322578,-0.8869990528144467,-1.9607312085547082,z-score
-1.1484629499715613,-0.5970356139252193,1.6316464820270533,z-score
-1.265550748955663,-0.4084219552164682,1.058394722891666,z-score
-0.9604128485728521,0.6294685055469871,1.1348282907763843,z-score
0.002900406705440709,-0.42456920832996786,1.32591221048818,z-score
-0.31465589659992654,0.5909899449360942,1.2112618586611026,z-score
-0.0574175503469754,-0.4554894802494352,1.32591221048818,z-score
-0.703174502319901,0.1790632112534122,1.2112618586611026,z-score
-0.8663877978734975,0.1220324874908389,1.4405625623152574,z-score
-0.9054170642015315,-0.5482502960078374,1.287695426545821,z-score
-0.6730155237936929,-0.41082686525464895,1.78451361779649,z-score
-0.5257687462833829,0.7050513924612406,1.6316464820270533,z-score
-0.5718942428528776,-0.2716856416170457,0.37049261192920085,z-score
-0.2153086732194764,-0.5705816035052305,0.17940869221740502,z-score
-0.9675090788143128,-0.25141568558095045,0.02654155644796836,z-score
2.467066358052676,1.4591624687193618,-1.9607312085547082,z-score
1.8603386724077846,-0.6248638586527399,-1.9607312085547082,z-score
-0.3607813931694212,0.8101803169874298,-1.9607312085547082,z-score
0.8828329566465702,0.3477504725029508,-1.9607312085547082,z-score
-0.7262372506046483,1.4402667469907986,-1.9607312085547082,z-score
-0.5843126457754338,0.192805554328731,1.2112618586611026,z-score
-0.2224049034609371,-0.541722683047061,1.058394722891666,z-score
-1.0739525324362238,-0.4255998840606167,-0.4320598508603416,z-score
0.8508999205599971,-0.5039312395899341,-0.7377941223992149,z-score
-0.009517996217115604,-0.5461889445465395,-0.47027663480270077,z-score
-0.5009319404382705,-0.4668269132865733,0.7908772352951516,z-score
0.24417223491510542,0.10622879295422234,-0.7377941223992149,z-score
0.0986995149651606,-0.4276612355219146,-0.2409759311485458,z-score
-0.9639609636935824,-0.12945239078749585,-1.1199619618228065,z-score
-0.0254845142604022,-0.6496000761883138,-0.8142276902839333,z-score
0.30626424952788667,-0.6633424192636327,-0.5467102026874191,z-score
-0.09822087423537462,0.12271960464460496,0.3322758279868417,z-score
0.7142974884118779,-0.18648311455006902,-0.6231437705721374,z-score
-0.9675090788143128,-0.1675873928215056,-0.8142276902839333,z-score
-1.2726469791971238,0.03957842903892593,1.287695426545821,z-score
-0.21885678834020683,0.08973798126383972,1.0201779389493066,z-score
-0.8859024310375145,0.14779938075706173,1.78451361779649,z-score
-0.7404297110875697,0.18181167986847593,1.6698632659694124,z-score
-0.8433250495887502,-0.5482502960078374,1.2494786426034616,z-score
1.067334942924549,0.14127176779628536,-0.3556262829756233,z-score
-0.6197937969827375,0.1326828033742111,0.5997933155833558,z-score
-1.2229733675068988,-0.42800479409879755,-0.39384306691798243,z-score
-1.098789338281336,0.07256005241969117,-0.5467102026874191,z-score
-1.2318436553087246,-0.5960049381945703,0.8290940192375108,z-score
-0.18692375225363347,-0.46270421036397763,-0.4320598508603416,z-score
0.5191511567717082,-0.48366128355383886,0.8290940192375108,z-score
-1.0207308056252682,-0.5537472332379649,0.10297512433268668,z-score
-0.8184882437436376,4.246109644394022,0.9819611550069475,z-score
-0.6410824877071197,-0.5441275930852417,0.9819611550069475,z-score
0.19449862322488018,1.31899056935111,-0.39384306691798243,z-score
-0.23304924882312827,4.146821215674844,-0.20275914720618662,z-score
-0.3004634361170051,0.0828668097261802,0.5233597476986375,z-score
-0.162086946408521,-0.43762443425152076,0.17940869221740502,z-score
0.428674221193084,-0.4451827229429461,0.7908772352951516,z-score
-0.9728312514954084,-0.41529312675412766,-0.04989201143674997,z-score
0.5014105811680565,-0.5513423231997843,-0.3556262829756233,z-score
0.627368667953984,-0.5657717834288689,-0.04989201143674997,z-score
-0.04322508986405394,-0.5674895763132838,-0.2409759311485458,z-score
-0.24724170930604958,-0.5929129110026236,-0.47027663480270077,z-score
0.1359547237328292,0.12134537033707311,-0.8142276902839333,z-score
-1.1041115109624318,0.1127564059149987,1.6316464820270533,z-score
-1.2868394396800453,-0.43556308279022293,1.1348282907763843,z-score
-0.8752580856753234,0.03305081607814944,1.593429698084694,z-score
0.9183141078538738,-0.622115390037676,0.638010099525715,z-score
0.5652766533412028,0.028584554578670852,-0.16454236326382746,z-score
0.14837312665538555,0.23575037643910238,0.2176254761597642,z-score
-0.2224049034609371,3.6881705155360778,-0.3556262829756233,z-score
0.020640982309092448,-0.6207411557301442,0.5615765316409966,z-score
0.7373602366966254,0.1189404602988923,-0.5084934187450599,z-score
0.08450705448223915,-0.4740416434011157,0.40870939587156,z-score
0.036607500352379044,-0.6667780050324624,0.02654155644796836,z-score
-0.6144716243016419,-0.12498612928801713,-1.0817451778804474,z-score
0.7728413879039289,-0.6496000761883138,-0.3556262829756233,z-score
0.909443820052048,-0.20847086347057905,-0.5467102026874191,z-score
-0.4441620985065846,-0.6313914716135164,-0.9670948260533699,z-score
-0.6215678545431027,3.6510661892327168,0.37049261192920085,z-score
-0.9426722729692004,-0.4757594362855305,0.40870939587156,z-score
-0.8663877978734975,-0.12945239078749585,1.096611506834025,z-score
0.07918488180114341,-0.4207900639842551,1.1348282907763843,z-score
0.15369529933648096,-0.4159802439078936,0.37049261192920085,z-score
-0.09999493179573976,-0.3678820431442776,-1.9607312085547082,z-score
-0.31288183903956124,-0.5348515115094016,-1.9607312085547082,z-score
0.35238974609738133,-0.5836368294267834,-1.9607312085547082,z-score
0.48544406312476984,-0.40979618952400015,-1.9607312085547082,z-score
-0.633986257465659,-0.8897475214295105,-1.9607312085547082,z-score
0.3790006095028591,-0.7262136388332163,-1.9607312085547082,z-score
-0.5204465736022873,-0.39158758494920265,-0.4320598508603416,z-score
-0.5647980126114168,-0.4781643463237113,0.3322758279868417,z-score
-0.8167141861832724,-0.600471199694049,-0.011675227494390806,z-score
-0.43883992582548903,-0.4974036266291577,0.3322758279868417,z-score
-0.7049485598802661,-0.6011583168478148,0.02654155644796836,z-score
-0.48496542239498386,-0.5795141265041878,-0.39384306691798243,z-score
-0.7865552076570643,-0.576422099312241,0.2940590440444825,z-score
0.1749839900608633,-0.28096172319288604,0.37049261192920085,z-score
-0.6410824877071197,-0.5578699361605606,-1.234612313649884,z-score
-0.30223749367737024,-0.7038823313358232,0.14119190827504585,z-score
0.07918488180114341,-0.40532992802452145,0.06475834039032753,z-score
-0.6304381423449286,0.1467687050264128,0.25584226010212335,z-score
-0.5044800555590008,0.15913681379419972,1.058394722891666,z-score
-0.0858024713128183,-0.40155078367880875,0.7908772352951516,z-score
-0.781233034975969,0.12031469460642416,0.638010099525715,z-score
-0.319978069281022,-0.21499847643135556,0.9437443710645883,z-score
-0.7901033227777948,4.346085190266966,0.3322758279868417,z-score
-0.8929986612789753,0.19211843717496496,-1.1963955297075248,z-score
-0.8362288193472894,4.288023790773744,0.7144436674104333,z-score
-0.10709116203720033,3.6816429025753017,1.058394722891666,z-score
-0.03790291718295851,-0.5534036746610819,1.1730450747187433,z-score
-0.2720785151511622,0.6250022440475084,1.6316464820270533,z-score
-0.9568647334521219,-0.5939435867332724,1.78451361779649,z-score
-0.8894505461582448,-0.5994405239634001,1.2494786426034616,z-score
-0.7759108622948734,-0.4960293923216258,-0.2409759311485458,z-score
-0.2153086732194764,-0.5369128629706994,-0.20275914720618662,z-score
-0.5417352643266695,-0.4063606037551704,-0.5467102026874191,z-score
-0.2224049034609371,-0.4840048421307218,-0.3556262829756233,z-score
-1.0721784748758585,-0.31737893234248093,-0.6231437705721374,z-score
-0.6552749481900412,-0.31119487795858747,-0.8906612581686516,z-score
-0.11241333471829591,-0.7289621074482802,-0.8142276902839333,z-score
-0.44061398338585434,-0.10815175902075161,0.40870939587156,z-score
-0.1833756371329032,3.2504768885871727,0.25584226010212335,z-score
-1.017182690504538,0.09386068418643528,-0.1263255793214683,z-score
0.22820571687181854,3.6679005594999823,0.5615765316409966,z-score
0.4765737753229438,-0.5025570052824023,-0.08810879537910914,z-score
0.03305938523164876,0.1103514958768179,-0.47027663480270077,z-score
-0.046773204984784225,-0.45995574174891385,-0.3556262829756233,z-score
-0.2436935941853193,-0.564397549121337,0.17940869221740502,z-score
0.5652766533412028,-0.45445880451878634,0.37049261192920085,z-score
-0.8149401286229073,-0.19129293462643052,0.6762268834680741,z-score
0.8562220932410926,-0.622115390037676,-0.3556262829756233,z-score
-0.6410824877071197,-0.22083897223836613,-1.0435283939380882,z-score
-0.2703044575907971,-0.21259356639317475,0.5233597476986375,z-score
0.22820571687181854,0.03339437465503246,-0.16454236326382746,z-score
-1.057986014392937,-0.0968143259836135,-0.6613605545144966,z-score
2.9371916115494487,-0.7210602601799718,1.32591221048818,z-score
3.3487729655541707,-0.5664589005826348,0.86731080317987,z-score
2.5185140273032665,0.19658469867444367,0.14119190827504585,z-score
3.6148815996089474,-0.5575263775836777,1.4405625623152574,z-score
-0.6322121999052939,-0.7165939986804932,-0.011675227494390806,z-score
-0.5896348184565294,-0.5994405239634001,-0.1263255793214683,z-score
-0.6126975667412768,-0.30020100349833234,-0.04989201143674997,z-score
-0.6073753940601813,-0.2960783005757367,-0.16454236326382746,z-score
-0.9710571939350433,-0.28989424619184323,-0.31740949903326415,z-score
0.10047357252552575,-0.5822625951192516,0.02654155644796836,z-score
-0.7049485598802661,-0.7818701282882576,0.3322758279868417,z-score
-0.6375343725863892,-0.6911706639911532,-0.31740949903326415,z-score
-0.3448148751261346,-0.7729376052893003,-0.39384306691798243,z-score
-0.8433250495887502,-0.7018209798745253,-0.3556262829756233,z-score
-0.07870624107135742,-0.7031952141820573,-0.16454236326382746,z-score
0.13418066617246407,-0.4857226350151367,0.6762268834680741,z-score
-0.041451032303688795,-0.4310968212907443,0.638010099525715,z-score
2.467066358052676,0.04232689765398964,-0.3556262829756233,z-score
1.1773265116671903,0.7699839634921222,-0.16454236326382746,z-score
-0.6818858115955188,0.08527171976436101,0.7144436674104333,z-score
1.895819823615088,0.16119816525549763,0.25584226010212335,z-score
1.76986173682916,0.7277262585355168,0.37049261192920085,z-score
1.2287741809177803,0.19143132002119914,0.3322758279868417,z-score
-0.6020532213790857,-0.5451582688158906,-0.9288780421110108,z-score
-1.1591072953337522,-0.5863852980418471,-0.2409759311485458,z-score
-1.2974837850422365,0.2117012760572943,0.25584226010212335,z-score
0.17675804762122846,0.2268178534401452,0.5615765316409966,z-score
-1.047341669030746,-0.5513423231997843,0.9055275871222291,z-score
0.15724341445721157,0.204142987365869,-0.279192715090905,z-score
-0.12305768008048708,-0.5726429549665283,0.06475834039032753,z-score
-1.2318436553087246,-0.5516858817766671,1.096611506834025,z-score
3.44457207381389,0.17047424683133794,1.4405625623152574,z-score
-0.005969881096385004,0.1900570857136673,0.2940590440444825,z-score
0.12885849349136866,-0.5695509277745816,0.2176254761597642,z-score
2.694145725779419,-0.6894528711067384,0.7526604513527925,z-score
2.6497942867702897,-0.6018454340015809,0.8290940192375108,z-score
0.04370373059383993,-0.7165939986804932,0.7908772352951516,z-score
3.111049252465237,-0.5808883608117197,0.37049261192920085,z-score
0.5226992718924385,-0.6987289526825787,0.638010099525715,z-score
3.4215093255291436,-0.43831155140528666,1.4023457783728983,z-score
2.6693089199343065,0.03923487046204291,1.1348282907763843,z-score
3.182011554879844,-0.7014774212976425,0.9055275871222291,z-score
2.2062798966789945,-0.6911706639911532,0.9819611550069475,z-score
0.33642322805409475,-0.43281461417515915,0.86731080317987,z-score
0.9147659927331434,-0.44483916436606313,1.1348282907763843,z-score
3.233459224130434,-0.3936489364105004,0.17940869221740502,z-score
1.5569748295853385,0.10657235153110524,1.4023457783728983,z-score
0.7142974884118779,-0.5475631788540715,-1.9607312085547082,z-score
-1.1626554104544828,-0.8790972055461385,-1.9607312085547082,z-score
-0.24901576686641488,-0.5420662416239439,-1.9607312085547082,z-score
1.159585936063538,-0.38746488202660695,-1.9607312085547082,z-score
1.1329750726580607,-0.5338208357787526,-1.9607312085547082,z-score
-0.08048029863172255,-0.541379124470178,-1.9607312085547082,z-score
0.487218120685135,-0.6925448982986853,-1.9607312085547082,z-score
-0.832680704226559,0.0368299604238621,1.0201779389493066,z-score
-0.9231576398051833,-0.552372998930433,1.0201779389493066,z-score
-0.8149401286229073,-0.4427778129047653,0.9055275871222291,z-score
0.19982079590597593,0.2134190689417093,0.14119190827504585,z-score
-0.6552749481900412,0.21685465471053883,-0.04989201143674997,z-score
0.09337734228406486,-0.41529312675412766,0.9055275871222291,z-score
-0.8965467763997057,3.824219711981734,0.86731080317987,z-score
-0.9160614095637226,3.5242930743629004,1.058394722891666,z-score
-0.7404297110875697,-0.12842171505684688,0.3322758279868417,z-score
-0.3661035658505168,-0.15624995978436748,0.5615765316409966,z-score
-0.6712414662333277,3.7613484924121505,0.37049261192920085,z-score
0.013544752067631878,0.1557012280253702,1.1730450747187433,z-score
0.06144430619749167,0.03270725750126654,-0.4320598508603416,z-score
0.361260033899207,-0.5784834507735389,0.3322758279868417,z-score
0.28497555880350434,0.14367667783446617,-0.16454236326382746,z-score
-0.8504212798302109,0.03270725750126654,1.1348282907763843,z-score
-0.07338406839026199,-0.576422099312241,1.4405625623152574,z-score
-0.3767479112127078,-0.5843239465805493,1.6316464820270533,z-score
-1.0437935539100156,0.1924619957518481,1.555212914142335,z-score
-0.26320822734933635,0.5607567901703929,1.555212914142335,z-score
-1.2939356699215059,0.5367076897885849,1.2112618586611026,z-score
-0.3412667600054042,0.5738120160919457,1.7080800499117716,z-score
-0.4796432497138883,-0.6908271054142703,-0.8906612581686516,z-score
-0.13192796788231295,-0.7117841786041316,-0.47027663480270077,z-score
-0.6020532213790857,-0.5898208838106769,-0.2409759311485458,z-score
-0.27385257271152735,-0.7918333270178638,-0.6613605545144966,z-score
0.18385427786268901,-0.7722504881355344,-0.279192715090905,z-score
-0.3643295082901515,-0.7708762538280025,-0.5467102026874191,z-score
-0.8184882437436376,-0.5568392604299116,0.2176254761597642,z-score
-0.5062541131193659,-0.788741299825917,-1.0817451778804474,z-score
1.1649081087446338,-0.39158758494920265,0.9437443710645883,z-score
0.3080383070882518,-0.4087655137933512,0.86731080317987,z-score
0.3807746670632242,-0.1833910873581223,0.4469261798139192,z-score
1.652773937845058,0.6219102168555618,0.6762268834680741,z-score
0.8455777478789013,0.14298956068070012,0.2176254761597642,z-score
-0.9089651793222618,-0.8790972055461385,-1.9607312085547082,z-score
0.22643165931145337,-0.38677776487284105,-1.9607312085547082,z-score
-0.4370658682651239,-0.6946062497599831,-1.9607312085547082,z-score
0.36658220658030277,-0.4506796601730736,-1.9607312085547082,z-score
0.21401325638889707,-0.8787536469692555,-1.9607312085547082,z-score
0.4322223363138143,-0.6987289526825787,-1.9607312085547082,z-score
-0.17982752201217275,-0.8746309440466598,-1.9607312085547082,z-score
-0.8149401286229073,-0.884250584199383,-1.9607312085547082,z-score
2.593024444838604,-0.5736736306971773,0.5615765316409966,z-score
2.147735997186944,-0.41494956817724465,1.0201779389493066,z-score
0.07386270912004798,-0.7124712957578975,0.5997933155833558,z-score
3.678747671782094,-0.5633668733906881,0.9055275871222291,z-score
-0.9036430066411663,-0.5534036746610819,1.2494786426034616,z-score
-0.18514969469326834,0.09660915280149912,1.287695426545821,z-score
-0.08757652887318344,-0.5956613796176874,1.0201779389493066,z-score
-0.8362288193472894,0.20070740159703923,1.058394722891666,z-score
-1.2584545187142024,0.7672354948770584,1.3641289944305393,z-score
-0.928479812486279,3.8084160174451176,0.6762268834680741,z-score
-0.13192796788231295,0.19727181582820946,0.7908772352951516,z-score
0.17675804762122846,3.493372802443433,0.17940869221740502,z-score
-0.43883992582548903,-0.40017654937127695,0.3322758279868417,z-score
0.049025903274935355,-0.4726674090935838,1.4405625623152574,z-score
-1.1484629499715613,0.5343027797504041,1.7080800499117716,z-score
0.011770694507266736,0.5693457545924672,1.287695426545821,z-score
-0.44771021362731506,0.6047322880114132,1.1348282907763843,z-score
-0.7865552076570643,0.7421557187646016,1.1730450747187433,z-score
1.7255102978200305,0.17734541836899723,-0.3556262829756233,z-score
2.034196313323572,0.7624256748006968,0.48514296375627836,z-score
0.3754524943821285,-0.13494932801762338,0.9055275871222291,z-score
-0.5009319404382705,0.19692825725132657,-0.3556262829756233,z-score
0.5475360777375511,0.08321036830306323,0.9055275871222291,z-score
0.006448521826170993,-0.42250785686867,1.6316464820270533,z-score
-0.10531710447683519,0.027210320271138996,1.058394722891666,z-score
-0.7191410203631875,-0.577109216466007,1.1348282907763843,z-score
0.7391342942569906,0.16394663387056133,-0.5849269866297783,z-score
0.5901134591863154,0.18146812129159304,0.5233597476986375,z-score
0.7089753157307825,0.05813059219060633,-0.9288780421110108,z-score
0.6522054737990967,0.06156617795943609,0.7526604513527925,z-score
-1.254906403593472,0.14333311925758327,-0.7377941223992149,z-score
-0.7138188476820921,-0.46957538190163706,-0.5849269866297783,z-score
0.40028930022724113,-0.5492809717384863,0.02654155644796836,z-score
-0.5275428038437481,-0.5826061536961344,0.48514296375627836,z-score
0.049025903274935355,-0.47988213920812617,0.02654155644796836,z-score
-1.254906403593472,-0.5544343503917308,0.8290940192375108,z-score
-1.1147558563246227,-0.45995574174891385,-0.7760109063415741,z-score
1.1737783965464597,-0.7210602601799718,-1.9607312085547082,z-score
-0.8042957832607163,-0.8766922955079577,-1.9607312085547082,z-score
0.3878708973046848,-0.7155633229498443,-1.9607312085547082,z-score
2.0253260255217462,-0.4726674090935838,1.058394722891666,z-score
0.6326908406350799,-0.705600124220238,1.3641289944305393,z-score
2.5096437395014406,-0.398458756486862,0.2940590440444825,z-score
1.8993679387358182,-0.577109216466007,0.5615765316409966,z-score
1.246514756521432,-0.7279314317176312,0.37049261192920085,z-score
2.5504470633898397,0.10485455864669037,0.638010099525715,z-score
1.076205230726375,0.057443475036840407,0.9819611550069475,z-score
1.3973096491524726,-0.43384528990580806,1.096611506834025,z-score
-1.1041115109624318,-0.5537472332379649,-1.9607312085547082,z-score
0.9236362805349692,-0.6935755740293341,-1.9607312085547082,z-score
-0.7918773803381599,-0.5334772772018697,-1.9607312085547082,z-score
0.3630340914595725,-0.42353853259931895,-1.9607312085547082,z-score
0.3009420768467909,0.16841289537004003,0.6762268834680741,z-score
-0.7954254954588904,1.3983526006110762,-0.6613605545144966,z-score
0.1909505081041499,1.363309625769013,0.7526604513527925,z-score
-0.8309066466661938,0.11344352306876464,-0.7377941223992149,z-score
-0.4317436955840283,0.17803253552276327,-0.31740949903326415,z-score
-1.23361771286909,0.21891600617183674,-0.7377941223992149,z-score
0.18385427786268901,3.7139374088023005,0.25584226010212335,z-score
-0.23659736394385855,-0.6643730949942817,-1.9607312085547082,z-score
1.0265316190361495,0.32335781354425985,-1.9607312085547082,z-score
-1.2105549645843425,-0.5736736306971773,1.1730450747187433,z-score
-0.11241333471829591,0.6645114803890501,1.4787793462576166,z-score
-1.214103079705073,0.713296798306432,1.2112618586611026,z-score
-0.4583545589895061,0.6796280577719009,1.4023457783728983,z-score
-0.12128362252012179,0.6009531436657003,0.10297512433268668,z-score
-0.3785219687730729,-0.446213398673595,0.9437443710645883,z-score
-0.6499527755089456,0.5490757985563718,-0.31740949903326415,z-score
0.6451092435576361,0.14367667783446617,-0.279192715090905,z-score
0.02596315499018819,-0.399489432217511,0.7526604513527925,z-score
-0.9213835822448181,-0.17136653716721825,0.40870939587156,z-score
-0.9355760427277395,-0.1699923028596864,0.4469261798139192,z-score
-1.0721784748758585,0.14161532637316826,0.17940869221740502,z-score
0.21933542906999282,0.21925956474871963,0.5233597476986375,z-score
2.4688404156130415,0.18009388698406092,0.4469261798139192,z-score
1.9011419962961837,-0.22152608939213206,0.17940869221740502,z-score
0.05789619107676138,0.7943766224508131,0.7144436674104333,z-score
-0.2720785151511622,1.3011255233531955,0.48514296375627836,z-score
-1.146688892411196,1.1458370466020926,-0.7760109063415741,z-score
-0.5115762858004614,0.2254436191326131,0.7526604513527925,z-score
-0.6552749481900412,-0.5568392604299116,-0.7377941223992149,z-score
-1.116529913884988,-0.5698944863514647,0.638010099525715,z-score
-1.2513582884727417,1.4402667469907986,-0.8906612581686516,z-score
-0.2649822849097015,1.2935672346617697,0.3322758279868417,z-score
2.0164557377199204,0.1357748305661577,-0.011675227494390806,z-score
-0.0254845142604022,-0.47301096767046674,0.7526604513527925,z-score
2.110480788419275,0.5799960704758391,0.5615765316409966,z-score
-0.2277270761420327,0.18730861709860336,-0.1263255793214683,z-score
-0.49738382531754,-0.5272932228179762,0.4469261798139192,z-score
-0.36965168097124707,-0.5482502960078374,-0.31740949903326415,z-score
0.004674464265805851,-0.5678331348901667,-0.5084934187450599,z-score
1.0974939214507569,0.08217969257241428,0.02654155644796836,z-score
-0.8717099705545931,-0.5685202520439328,-0.8906612581686516,z-score
-0.09644681667500947,-0.7248394045256844,-0.2409759311485458,z-score
-0.8184882437436376,-0.7866799483646193,0.06475834039032753,z-score
-0.5789904730943383,-0.305010823574694,0.2176254761597642,z-score
-0.8823543159167843,-0.5716122792358794,-1.0817451778804474,z-score
-1.0952412231606057,-0.6897964296836214,-0.279192715090905,z-score
-0.1337020254426781,-0.7038823313358232,0.10297512433268668,z-score
-0.5647980126114168,-0.5747043064278262,-0.08810879537910914,z-score
-1.128948316807544,-0.25278991988848243,-0.39384306691798243,z-score
-0.555927724809591,-0.541722683047061,0.2176254761597642,z-score
-0.8983208339600709,-0.30398014784404503,0.2940590440444825,z-score
-0.8149401286229073,-0.5932564695795066,0.5233597476986375,z-score
-0.8592915676320368,-0.5815754779654855,-0.39384306691798243,z-score
-1.1236261441264488,-0.5843239465805493,0.17940869221740502,z-score
-0.3306224146432132,-0.3613544301835012,0.2940590440444825,z-score
0.842029632758171,-0.6368884088436438,-1.9607312085547082,z-score
0.8171928269130584,0.8957264026312897,-1.9607312085547082,z-score
-0.781233034975969,-0.4682011475941052,-0.47027663480270077,z-score
0.6415611284369055,0.13165212764356213,0.48514296375627836,z-score
1.1223307272958696,-0.3946796121411494,-0.16454236326382746,z-score
0.3914190124254151,-0.4568637145569671,-0.8142276902839333,z-score
-0.2880450331944488,0.10691591010798827,0.48514296375627836,z-score
0.33287511293336447,-0.4630477689408606,0.8290940192375108,z-score
0.20159485346634107,1.2245119607082928,-0.9670948260533699,z-score
0.5422139050564556,-0.5698944863514647,-1.1199619618228065,z-score
0.35238974609738133,1.4199967909547033,-0.6613605545144966,z-score
-0.7280113081650135,-0.4032685765632237,1.4787793462576166,z-score
-0.8202623013040029,-0.45995574174891385,1.78451361779649,z-score
-0.3909403716956293,-0.5441275930852417,-1.9607312085547082,z-score
-0.6889820418369795,-0.7262136388332163,-1.9607312085547082,z-score
-1.057986014392937,-0.5561521432761457,-1.9607312085547082,z-score
0.8508999205599971,-0.707317917104653,-1.9607312085547082,z-score
1.1116863819336784,-0.8866554942375638,-1.9607312085547082,z-score
0.05257401839566596,-0.8746309440466598,-1.9607312085547082,z-score
-0.6056013364998161,-0.3805937104889476,-1.9607312085547082,z-score
-0.8628396827527671,-0.5554650261223798,-1.9607312085547082,z-score
-0.7599443442515867,0.18490370706042253,1.096611506834025,z-score
-0.2064383854176505,0.5690021960155841,1.4405625623152574,z-score
-0.3075596663584658,0.5769040432838926,1.6316464820270533,z-score
-0.08225435619208801,-0.5850110637343152,1.593429698084694,z-score
-0.09467275911464401,0.6284378298163382,1.78451361779649,z-score
-0.5789904730943383,-0.5554650261223798,1.058394722891666,z-score
-0.3554592204883256,-0.45102321874995666,1.78451361779649,z-score
-0.9036430066411663,0.1536398765640723,1.7462968338541307,z-score
0.8721886112843791,-0.47850790490059425,-0.9670948260533699,z-score
-0.19224592493472906,0.14436379498823199,-0.1263255793214683,z-score
-0.4814173072742534,-0.09715788456049652,-0.20275914720618662,z-score
-0.0858024713128183,-0.41082686525464895,0.5233597476986375,z-score
0.3914190124254151,-0.39158758494920265,-1.0817451778804474,z-score
0.28142744368277406,-0.4630477689408606,-0.16454236326382746,z-score
-0.8752580856753234,-0.5973791725021022,0.06475834039032753,z-score
0.2583646953980266,0.04782383488411718,0.2176254761597642,z-score
-1.1910403314203255,-0.5743607478509432,0.5233597476986375,z-score
1.07797928828674,-0.42869191125256345,-0.16454236326382746,z-score
-1.097015280720971,-0.47369808482423265,0.2176254761597642,z-score
0.35238974609738133,0.05950482649813819,0.5615765316409966,z-score
0.3506156885370162,-0.40086366652504285,0.2176254761597642,z-score
-0.8770321432356886,-0.6162748942306656,0.5233597476986375,z-score
-0.4246474653425676,-0.6633424192636327,-0.3556262829756233,z-score
-1.0650822446343977,-0.12326833640360237,-0.5849269866297783,z-score
0.9254103380953346,-0.6272687686909207,-0.011675227494390806,z-score
0.5723728835826637,-0.47885146347747726,0.5233597476986375,z-score
0.42512610607235374,0.04060910476957488,-0.7760109063415741,z-score
-1.047341669030746,-0.5482502960078374,-1.9607312085547082,z-score
-1.0899190504795104,-0.4365937585208718,-1.9607312085547082,z-score
-0.20111621273655492,-0.4163238024847765,-1.9607312085547082,z-score
1.2819959077287357,-0.5877595323493789,-1.9607312085547082,z-score
0.37013032170103305,0.09763982853214807,-0.4320598508603416,z-score
-0.47609513459315783,-0.44243425432788236,-0.279192715090905,z-score
-0.030806686941497626,-0.3953667292949153,0.25584226010212335,z-score
-0.45303238630841053,-0.5702380449283475,0.4469261798139192,z-score
-0.1940199824950942,0.03923487046204291,0.48514296375627836,z-score
0.9857282951477507,0.02652320311737307,-0.5084934187450599,z-score
-0.811392013502177,-0.505992591051232,0.5233597476986375,z-score
-0.3678776234108819,-0.24420095546640813,0.5997933155833558,z-score
-0.928479812486279,-0.41048330667776606,0.25584226010212335,z-score
-0.5293168614041134,-0.600814758270932,-0.1263255793214683,z-score
-0.3802960263334381,-0.352765465761427,0.06475834039032753,z-score
-0.5701201852925124,-0.5994405239634001,0.4469261798139192,z-score
-0.4707729619120624,-0.46785758901722213,0.37049261192920085,z-score
-1.144914834850831,-0.2160291521620045,0.3322758279868417,z-score
0.017092867188362164,-0.7883977412490342,-0.8142276902839333,z-score
-0.7492999988893956,-0.5905080009644428,-0.6231437705721374,z-score
-0.910739236882627,-0.4513667773268396,0.8290940192375108,z-score
0.09515139984443001,-0.09612720882984757,0.37049261192920085,z-score
-0.046773204984784225,-0.40086366652504285,0.5997933155833558,z-score
-0.8539693949509414,-0.14972234682359112,0.5997933155833558,z-score
-0.36255545072978634,-0.44037290286658454,0.10297512433268668,z-score
-0.2543379395475103,-0.11845851632724076,1.096611506834025,z-score
-0.3927144292559944,-0.19404140324149435,0.17940869221740502,z-score
0.18740239298341962,0.2453700165918256,1.058394722891666,z-score
-0.016614226458576173,-0.5846675051574324,1.058394722891666,z-score
-0.19047186737436392,-0.4640784446715095,1.058394722891666,z-score
-0.35013704780723004,0.7761680178760156,1.7080800499117716,z-score
-0.03612885962259305,-0.5973791725021022,1.1730450747187433,z-score
-0.2827228605133532,0.24640069232247455,0.5233597476986375,z-score
-0.9054170642015315,-0.4070477209089363,0.10297512433268668,z-score
-0.03790291718295851,-0.47026249905540296,1.1730450747187433,z-score
-0.5293168614041134,0.20551722167340084,0.17940869221740502,z-score
-0.8450991071491153,0.18936996855990126,0.14119190827504585,z-score
-0.8752580856753234,-0.1809861773199415,0.48514296375627836,z-score
-0.7954254954588904,3.485127396598242,0.17940869221740502,z-score
-1.0154086329441727,-0.7859928312108533,0.02654155644796836,z-score
-1.157333237773387,-0.7080050342584188,-0.20275914720618662,z-score
0.07031459399931769,-0.7935511199022787,-0.1263255793214683,z-score
-0.46545078923096683,-0.5592441704680924,-0.20275914720618662,z-score
0.03305938523164876,-0.26137888431055667,-0.39384306691798243,z-score
-0.5683461277321473,-0.24213960400511023,-0.6613605545144966,z-score
2.3748153649136867,0.05606924072930855,1.3641289944305393,z-score
0.41802987583089285,0.09523491849396726,0.40870939587156,z-score
-0.3554592204883256,-0.7035387727589404,0.25584226010212335,z-score
3.570530160599818,-0.41941582967672325,0.7526604513527925,z-score
2.6143131355629863,-0.5575263775836777,0.4469261798139192,z-score
-1.2566804611538371,0.07290361099657408,1.096611506834025,z-score
-0.44061398338585434,-0.47885146347747726,1.287695426545821,z-score
-0.4512583287480454,-0.564397549121337,1.2112618586611026,z-score
-0.3536851629279605,0.14505091214199803,1.2494786426034616,z-score
-0.15853883128779056,0.1948669057900289,1.3641289944305393,z-score
-1.2495842309123766,-0.5623361976600392,1.78451361779649,z-score
-0.4246474653425676,3.7740601597568206,-1.1199619618228065,z-score
0.12885849349136866,-0.5767656578891239,-0.9670948260533699,z-score
-1.0916931080398755,-0.5221398441647316,0.5615765316409966,z-score
-0.9036430066411663,3.889839400166381,-0.6231437705721374,z-score
0.41270770314979743,1.3694936801529065,0.5233597476986375,z-score
-0.6730155237936929,1.4230888181466501,1.058394722891666,z-score
-0.3412667600054042,-0.564397549121337,0.5615765316409966,z-score
-0.5630239550510517,-0.5826061536961344,-0.6231437705721374,z-score
-0.6038272789394509,-0.44690051582736096,-1.9607312085547082,z-score
0.24417223491510542,-0.8828763498918512,-1.9607312085547082,z-score
-0.31288183903956124,-0.8780665298154895,-1.9607312085547082,z-score
0.8544480356807274,-0.8777229712386065,-1.9607312085547082,z-score
-1.0952412231606057,-0.8828763498918512,-1.9607312085547082,z-score
1.069109000484914,-0.6152442185000168,-1.9607312085547082,z-score
0.9697617771044641,0.3625234913089186,-1.9607312085547082,z-score
-0.3767479112127078,0.3171737591603664,-1.9607312085547082,z-score
-0.8273585315454636,0.689591256501507,-1.9607312085547082,z-score
1.2518369292025278,0.6968059866160494,-1.9607312085547082,z-score
-0.6676933511125973,-0.5018698881286363,-0.04989201143674997,z-score
-1.0366973236685548,-0.5317594843174548,0.2940590440444825,z-score
-0.5718942428528776,-0.37269186322063924,0.10297512433268668,z-score
-0.7794589774156037,-0.5973791725021022,-0.279192715090905,z-score
-1.0065383451423469,-0.2575997399648439,-0.2409759311485458,z-score
-0.23304924882312827,-0.5228269613184976,-0.6231437705721374,z-score
-0.24546765174568444,-0.5461889445465395,0.2176254761597642,z-score
-0.7475259413290305,-0.600127641117166,0.3322758279868417,z-score
-0.5044800555590008,-0.16930518570592049,0.2176254761597642,z-score
-0.3802960263334381,-0.3977716393330961,0.86731080317987,z-score
-0.3004634361170051,-0.16621315851397375,1.0201779389493066,z-score
-0.04499914742441908,-0.11777139917347483,0.37049261192920085,z-score
-0.7102707325613616,-0.4321274970213932,-0.011675227494390806,z-score
-0.7617184018119519,0.24880560236065513,1.096611506834025,z-score
-0.13547608300304323,3.576513978049112,0.14119190827504585,z-score
-0.3057856087981005,3.9582075569660926,0.7908772352951516,z-score
-0.6322121999052939,0.133026361951094,-0.08810879537910914,z-score
-0.21885678834020683,0.1725355982926356,-1.1581787457651658,z-score
-0.7262372506046483,0.24880560236065513,-0.8906612581686516,z-score
-0.7989736105796207,0.10073185572409481,0.40870939587156,z-score
-0.5541536672492259,-0.5839803880036664,-1.1581787457651658,z-score
0.5351176748149948,3.9953118832694536,0.14119190827504585,z-score
-0.841550992028385,-0.5619926390831561,0.5233597476986375,z-score
0.09515139984443001,3.494403478174082,0.4469261798139192,z-score
-0.31465589659992654,0.1278729832978495,0.5233597476986375,z-score
0.22465760175108823,-0.14456896817034648,0.2176254761597642,z-score
-0.2703044575907971,-0.3950231707180323,0.7908772352951516,z-score
-0.703174502319901,-0.14594320247787834,0.40870939587156,z-score
0.17143587494013302,3.6115569528911746,-0.08810879537910914,z-score
-0.8734840281149583,-0.13975914809398488,-0.04989201143674997,z-score
-0.8983208339600709,0.1282165418747324,1.1348282907763843,z-score
-1.1112077412038923,-0.27890037173158816,0.17940869221740502,z-score
-0.2543379395475103,-0.3393666812629911,0.3322758279868417,z-score
-1.0526638417118415,-0.5303852500099229,-0.16454236326382746,z-score
-0.3909403716956293,-0.3424587084549378,-0.04989201143674997,z-score
-0.7297853657253787,-0.3063850578822258,-0.16454236326382746,z-score
-1.0349232661081897,-0.25656906423419507,-0.08810879537910914,z-score
-1.0881449929191451,-0.26653226296380117,-0.3556262829756233,z-score
-0.9426722729692004,-0.3579188444146715,-0.39384306691798243,z-score
2.667534862373942,-0.6482258418807819,-1.9607312085547082,z-score
2.2346648176448376,1.590058286511774,-1.9607312085547082,z-score
1.8284056363212113,1.5914325208193056,-1.9607312085547082,z-score
1.480690354489636,0.21960312332560278,-1.9607312085547082,z-score
-0.5186725160419222,-0.6619681849561008,-1.9607312085547082,z-score
0.8349334025167101,0.6799716163487838,-1.9607312085547082,z-score
0.2796533861224089,-0.6173055699613146,-1.9607312085547082,z-score
-1.0207308056252682,-0.5685202520439328,-0.5849269866297783,z-score
0.15546935689684643,0.14539447071888092,0.06475834039032753,z-score
0.8242890571545193,-0.4221642982917871,0.2940590440444825,z-score
-0.07515812595062714,0.12856010045161528,-0.5467102026874191,z-score
0.036607500352379044,-0.4455262815198291,-0.5084934187450599,z-score
-1.0331492085478244,-0.45274101163437147,-0.5084934187450599,z-score
-0.910739236882627,-0.5678331348901667,-0.1263255793214683,z-score
-0.3678776234108819,-0.5925693524257406,0.3322758279868417,z-score
-0.8380028769076547,-0.7725940467124174,-0.16454236326382746,z-score
0.12885849349136866,-0.6272687686909207,0.2940590440444825,z-score
-0.43883992582548903,-0.42147718113802113,0.6762268834680741,z-score
0.06321836375785682,1.1441192537176774,1.287695426545821,z-score
-0.2561119971078756,-0.5468760617003054,0.4469261798139192,z-score
-0.039676974743323656,0.07290361099657408,-0.8906612581686516,z-score
0.31868265245044297,0.15226564225654043,-0.5084934187450599,z-score
-1.1591072953337522,4.2041954980142995,-0.5084934187450599,z-score
-0.20821244297801567,4.355361271842807,0.5233597476986375,z-score
-0.869935912994228,4.066428508684228,0.02654155644796836,z-score
-0.9018689490808012,-0.658876157764154,-0.8142276902839333,z-score
-0.4902875950760793,-0.3926182606798516,-0.08810879537910914,z-score
-0.0024217659756547187,-0.4506796601730736,0.06475834039032753,z-score
0.3115864222089821,-0.43625019994398884,-0.08810879537910914,z-score
-0.7280113081650135,-0.12876527363372978,-0.31740949903326415,z-score
0.3275529402522687,-0.4273176769450316,0.25584226010212335,z-score
-1.194588446541056,-0.564397549121337,1.6316464820270533,z-score
-0.7528481140101261,0.19795893298197553,1.78451361779649,z-score
-0.18514969469326834,0.676536030579954,1.3641289944305393,z-score
-0.9160614095637226,0.15054784937212545,1.2494786426034616,z-score
-0.3678776234108819,-0.26618870438691816,-0.3556262829756233,z-score
-0.06096566546770568,-0.7145326472191953,-0.5084934187450599,z-score
-0.3004634361170051,-0.7653793165978751,-1.2728290975922432,z-score
-0.9302538700466441,-0.6908271054142703,-0.5467102026874191,z-score
-1.0828228202380494,-0.5736736306971773,-0.20275914720618662,z-score
-0.8025217257003512,-0.6884221953760894,-1.0435283939380882,z-score
-0.5807645306547036,-0.5472196202771885,-0.08810879537910914,z-score
0.041929673033474786,-0.7835879211726725,0.37049261192920085,z-score
-0.0254845142604022,-0.47782078774682835,0.37049261192920085,z-score
0.9786320649062898,-0.5427533587777099,0.17940869221740502,z-score
0.3807746670632242,-0.600471199694049,0.40870939587156,z-score
0.2832015012431392,-0.4925938065527961,0.17940869221740502,z-score
-0.35191110536759534,-0.44758763298112686,-0.7377941223992149,z-score
-1.0047642875819816,0.11859690172200915,0.5997933155833558,z-score
1.1099123243733133,-0.4568637145569671,0.25584226010212335,z-score
0.8739626688447443,-0.5946307038870385,0.14119190827504585,z-score
0.7160715459722431,-0.4369373170977548,-0.20275914720618662,z-score
1.07797928828674,-0.4135753338697128,0.5615765316409966,z-score
0.3807746670632242,-0.599784082540283,-0.3556262829756233,z-score
0.8668664386032837,-0.5530601160841989,0.25584226010212335,z-score
0.9165400502935086,-0.3939924949873834,-0.5467102026874191,z-score
-0.46012861654987125,0.5446095370568933,1.4405625623152574,z-score
-0.47609513459315783,0.07187293526592524,1.0201779389493066,z-score
0.049025903274935355,0.06087906080567017,0.4469261798139192,z-score
0.06676647887858742,-0.4688882647478711,0.14119190827504585,z-score
0.6309167830747147,-0.39639740502556425,0.4469261798139192,z-score
0.6007578045485066,-0.44002934428970153,-0.31740949903326415,z-score
-0.7865552076570643,-0.4688882647478711,1.7462968338541307,z-score
0.002900406705440709,0.5339592211735211,1.4787793462576166,z-score
-0.0006477084152895763,0.07908766538046755,1.4405625623152574,z-score
-0.6659192935522321,0.794720181027696,1.287695426545821,z-score
-1.047341669030746,0.7222293213053891,1.7462968338541307,z-score
-0.3554592204883256,-0.3946796121411494,1.096611506834025,z-score
-0.9018689490808012,-0.5826061536961344,0.3322758279868417,z-score
-1.0154086329441727,-0.23561199104433386,-0.9670948260533699,z-score
-0.20466432785728536,-0.20606595343239825,-0.2409759311485458,z-score
-0.42287340778220245,-0.7811830111344917,0.3322758279868417,z-score
-0.06806189570916657,-0.7231216116412695,-0.47027663480270077,z-score
0.17320993250049815,-0.23011505381420633,-1.0435283939380882,z-score
1.4469832608426971,-0.4269741183681487,0.8290940192375108,z-score
0.41270770314979743,-0.7231216116412695,0.5997933155833558,z-score
2.7917188915995044,-0.7255265216794504,1.096611506834025,z-score
1.844372154364498,0.03476860896256432,0.48514296375627836,z-score
0.7426824093777209,-0.5987534068096341,1.1730450747187433,z-score
-0.20466432785728536,0.12615519041343473,0.9437443710645883,z-score
0.20514296858707134,-0.45617659740320116,0.14119190827504585,z-score
-0.5612498974906865,0.12443739752901972,-0.011675227494390806,z-score
-0.4583545589895061,-0.10299838036750697,0.7526604513527925,z-score
0.12353632081027291,0.09489135991708424,-0.04989201143674997,z-score
-0.22063084590057197,3.6727103795763436,0.6762268834680741,z-score
-0.09644681667500947,-0.42869191125256345,0.2940590440444825,z-score
-0.09112464399391373,-0.4276612355219146,0.06475834039032753,z-score
1.4966568725329226,0.6342783256233487,-0.2409759311485458,z-score
1.147167533140982,0.7047078338843576,0.6762268834680741,z-score
0.361260033899207,0.7754809007222497,-0.20275914720618662,z-score
-0.6623711784315018,0.11138217160746686,0.14119190827504585,z-score
1.7219621826993003,0.7579594133012181,0.25584226010212335,z-score
1.3653766130658993,-0.46098641747956276,-0.2409759311485458,z-score
2.218698299601551,-0.2177469450464194,0.25584226010212335,z-score
0.24949440759620087,-0.1335750937100914,0.5615765316409966,z-score
-1.1626554104544828,-0.7083485928353018,-1.9607312085547082,z-score
0.3754524943821285,-0.7186553501417909,-1.9607312085547082,z-score
0.811870654231963,-0.5589006118912095,-1.9607312085547082,z-score
-1.010086460263077,-0.8825327913149681,-1.9607312085547082,z-score
0.28852367392423495,-0.6932320154524511,-1.9607312085547082,z-score
0.2353019471132794,-0.5427533587777099,-1.9607312085547082,z-score
-0.06451378058843596,-0.39124402637231964,-1.9607312085547082,z-score
0.6894606825667656,-0.4321274970213932,-1.9607312085547082,z-score
2.3144974078612703,-0.4389986685590526,0.40870939587156,z-score
3.1483044612329047,-0.564053990544454,1.0201779389493066,z-score
2.083869925013797,-0.6973547183750469,1.096611506834025,z-score
3.329258332390154,-0.7189989087186739,0.17940869221740502,z-score
0.15014718421575068,-0.5509987646229011,-1.005311609995729,z-score
-0.013066111337845888,-0.5722993963896454,-0.5849269866297783,z-score
-1.0721784748758585,-0.589133766656911,0.2176254761597642,z-score
-0.1461204283652344,-0.7244958459488016,-0.3556262829756233,z-score
-0.21353461565911125,-0.5777963336197729,-0.20275914720618662,z-score
1.1382972453391562,-0.5802012436579537,-1.9607312085547082,z-score
-0.5985051062583553,-0.8845941427762659,-1.9607312085547082,z-score
-0.46012861654987125,-0.8794407641230214,-1.9607312085547082,z-score
-0.5506055521284954,-0.5736736306971773,-1.9607312085547082,z-score
0.5226992718924385,-0.5434404759314758,-1.9607312085547082,z-score
0.15369529933648096,0.24433934086117665,-0.9288780421110108,z-score
0.4996365236076913,-0.5540907918148479,0.9437443710645883,z-score
-0.6747895813540581,4.325815234230872,-0.04989201143674997,z-score
0.3506156885370162,3.9097657976255937,-1.0817451778804474,z-score
-0.6783376964747885,0.2113577174804114,-0.011675227494390806,z-score
-0.8894505461582448,0.18387303132977384,0.7908772352951516,z-score
-1.1803959860581346,1.2688310171261958,0.9055275871222291,z-score
-0.1496685434859647,1.3825489060744593,0.5615765316409966,z-score
0.37722655194249394,-0.5509987646229011,1.058394722891666,z-score
0.4393185665552752,1.3083402534677377,0.2940590440444825,z-score
-0.4264215229029329,0.2086092488653477,1.058394722891666,z-score
-0.7989736105796207,3.254943150086651,0.2176254761597642,z-score
-0.5310909189644785,-0.46579623755592436,0.2940590440444825,z-score
-0.05209537766587997,3.7847104756401926,0.9819611550069475,z-score
-0.18692375225363347,-0.12739103932619794,0.37049261192920085,z-score
-0.8663877978734975,-0.11571004771217692,1.0201779389493066,z-score
-0.8965467763997057,-0.3142869051505342,0.4469261798139192,z-score
-0.6286640847845634,-0.5609619633525074,0.3322758279868417,z-score
1.6847069739316314,-0.5729865135434112,0.5233597476986375,z-score
-0.24724170930604958,-0.4304097041369783,0.9819611550069475,z-score
1.9809745865126167,-0.7001031869901105,1.2112618586611026,z-score
-1.1236261441264488,-0.46029930032579686,1.4023457783728983,z-score
-0.2099865005383808,0.7686097291845903,1.32591221048818,z-score
-0.034354802062227914,0.15673190375601892,1.822730401738849,z-score
-0.319978069281022,-0.4444956057891801,1.4405625623152574,z-score
-0.6907560993973446,-0.5589006118912095,1.5169961301999757,z-score
-0.958638791012487,-0.5760785407353581,1.5169961301999757,z-score
-0.2099865005383808,-0.5492809717384863,1.5169961301999757,z-score
-0.7138188476820921,-0.5908515595413258,1.1348282907763843,z-score
-0.034354802062227914,0.06740667376644653,1.5169961301999757,z-score
-0.5665720701717821,0.6150390453179023,1.096611506834025,z-score
-1.2070068494636121,-0.44690051582736096,1.096611506834025,z-score
-0.9408982154088352,-0.422851415445553,0.37049261192920085,z-score
1.040724079519071,-0.49568583374474284,-0.6231437705721374,z-score
0.42157799095162346,0.09042509841760565,0.638010099525715,z-score
-0.319978069281022,-0.5613055219293903,-0.5849269866297783,z-score
-0.13902419812377367,0.17975032840717803,-0.31740949903326415,z-score
0.7905819635075807,0.1670386610625082,0.6762268834680741,z-score
-1.1608813528941175,0.1770018597921143,1.096611506834025,z-score
-0.5665720701717821,-0.4537716873650203,1.5169961301999757,z-score
-0.7510740564497609,0.1673822196393911,1.287695426545821,z-score
0.32932699781263386,-0.5544343503917308,0.8290940192375108,z-score
-0.9408982154088352,1.351285075578109,1.32591221048818,z-score
-0.5417352643266695,4.267753834737649,-1.0435283939380882,z-score
-0.13725014056340853,0.2271614120170281,1.096611506834025,z-score
-0.13547608300304323,0.25292830528325094,-0.8142276902839333,z-score
0.015318809627997022,3.761692050989033,1.32591221048818,z-score
-0.3412667600054042,-0.446213398673595,0.5997933155833558,z-score
-0.5115762858004614,-0.45274101163437147,-0.08810879537910914,z-score
-0.8646137403131324,-0.6015018754246979,-0.5084934187450599,z-score
-0.24014547906458886,-0.5901644423875598,-0.47027663480270077,z-score
-1.157333237773387,-0.4781643463237113,-0.04989201143674997,z-score
0.38432278218395455,0.1010754143009777,0.6762268834680741,z-score
0.008222579386536451,-0.3943360535642664,-0.011675227494390806,z-score
-0.41932529266147217,-0.5740171892740602,0.48514296375627836,z-score
-0.6002791638187205,-0.5317594843174548,0.25584226010212335,z-score
-0.7776849198552385,-0.47198029193981783,0.638010099525715,z-score
-0.3838441414541685,-0.30191879638274727,0.10297512433268668,z-score
-0.5009319404382705,-0.49465515801409393,-0.011675227494390806,z-score
-0.783007092536334,-0.5434404759314758,-0.5467102026874191,z-score
3.5279527791510534,0.07736987249605279,-0.04989201143674997,z-score
-0.06096566546770568,0.15982393094796576,-0.1263255793214683,z-score
0.47302566020221354,0.034081491808798395,0.06475834039032753,z-score
2.1441878820662135,-0.7162504401036102,0.86731080317987,z-score
-0.3483629902468649,-0.038752926490391484,-0.04989201143674997,z-score
-0.6056013364998161,-0.06142779256466757,0.06475834039032753,z-score
0.4109336455894323,0.028240996001787828,1.2494786426034616,z-score
0.22110948663035795,-0.8564223394718623,-0.4320598508603416,z-score
0.8100965966715978,-0.5461889445465395,0.7144436674104333,z-score
0.9875023527081159,0.17562762548458247,0.7144436674104333,z-score
-0.25078982442678,-0.5427533587777099,1.7080800499117716,z-score
-0.9267057549259138,0.192805554328731,1.058394722891666,z-score
-1.0881449929191451,0.771014639222771,1.6316464820270533,z-score
-0.011292053777480746,-0.5805448022348366,1.4787793462576166,z-score
-0.20466432785728536,0.059161267921255284,1.3641289944305393,z-score
0.15192124177611582,-0.4716367333629349,-0.08810879537910914,z-score
0.1909505081041499,0.2158239789798901,0.9437443710645883,z-score
-0.17982752201217275,0.20483010451963504,-0.011675227494390806,z-score
-0.6747895813540581,-0.44793119155800987,0.7526604513527925,z-score
-0.5257687462833829,-0.20331748481733455,1.1730450747187433,z-score
-0.007743938656750461,-0.15144013970800588,0.86731080317987,z-score
-0.07338406839026199,-0.4733545262473497,0.37049261192920085,z-score
-0.2436935941853193,-0.5826061536961344,-0.7377941223992149,z-score
0.029511270110918475,-0.6028761097322298,-0.6231437705721374,z-score
-0.15676477372742542,-0.5575263775836777,0.5997933155833558,z-score
0.4552850845985618,-0.44793119155800987,0.7908772352951516,z-score
0.7551008123002771,0.1670386610625082,-0.6613605545144966,z-score
0.3381972856144599,-0.4805692563618921,-0.16454236326382746,z-score
-0.6925301569577099,-0.6049374611935275,0.25584226010212335,z-score
-0.4441620985065846,-0.43247105559827625,-0.20275914720618662,z-score
1.047820309760532,-0.4304097041369783,-0.6231437705721374,z-score
0.4393185665552752,-0.5513423231997843,-0.6613605545144966,z-score
0.3683562641406679,-0.43762443425152076,-0.08810879537910914,z-score
1.1028160941318526,0.16119816525549763,0.14119190827504585,z-score
0.6752682220838442,-0.4994649780904555,0.17940869221740502,z-score
1.0637868278038185,0.11997113602954101,-0.47027663480270077,z-score
0.09337734228406486,-0.5451582688158906,0.638010099525715,z-score
0.7551008123002771,-0.4321274970213932,0.5997933155833558,z-score
0.5581804230997423,0.18456014848353963,-1.0435283939380882,z-score
-0.8380028769076547,0.12890365902849843,-0.7760109063415741,z-score
-0.5647980126114168,-0.20572239485551536,-0.7760109063415741,z-score
-0.703174502319901,-0.16552604136020768,-1.1199619618228065,z-score
-0.8380028769076547,-0.4170109196385424,-0.279192715090905,z-score
-0.16918317664998173,-0.4365937585208718,0.14119190827504585,z-score
-0.15853883128779056,0.029958788886202705,-0.5084934187450599,z-score
1.4345648579201415,-0.10918243475140056,0.2940590440444825,z-score
2.3730413073533216,0.558008321555329,-0.04989201143674997,z-score
2.3943299980777035,0.6253458026243913,-0.20275914720618662,z-score
1.0566905975623577,-0.457894390287616,0.37049261192920085,z-score
0.5581804230997423,-0.13666712090203814,0.5615765316409966,z-score
-0.9391241578484699,0.043701131961521616,0.6762268834680741,z-score
-1.2318436553087246,-0.5936000281563896,0.6762268834680741,z-score
-0.7155929052424572,-0.4774772291699454,-0.39384306691798243,z-score
-0.6251159696638331,1.364683860076545,0.8290940192375108,z-score
-0.23659736394385855,-0.5372564215475824,-0.5849269866297783,z-score
0.34529351585592044,0.1491736150645936,0.17940869221740502,z-score
-0.29691532099627466,0.08389748545682915,-0.4320598508603416,z-score
-1.2424880006709158,1.2008064189033676,-1.1199619618228065,z-score
-0.3802960263334381,1.174695967060262,-0.04989201143674997,z-score
-1.235391770429455,-0.44930542586554173,-0.6995773384568558,z-score
1.0531424824416273,0.11997113602954101,-0.279192715090905,z-score
-0.8344547617869243,-0.4640784446715095,0.7144436674104333,z-score
0.9537952590611776,0.15982393094796576,0.17940869221740502,z-score
-0.5222206311626526,-0.40532992802452145,0.5997933155833558,z-score
0.047251845714570216,-0.4115139824084149,1.4787793462576166,z-score
-0.8007476681399859,0.6992108966542303,1.593429698084694,z-score
-1.136044547049005,-0.3981151979099791,1.4787793462576166,z-score
-0.2561119971078756,-0.46579623755592436,0.2176254761597642,z-score
-0.3536851629279605,-0.48434840070760476,0.7908772352951516,z-score
-0.841550992028385,0.04748027630723428,0.2940590440444825,z-score
0.8899291868880308,-0.45274101163437147,0.8290940192375108,z-score
0.13418066617246407,-0.5774527750428899,0.02654155644796836,z-score
-0.5896348184565294,-0.45445880451878634,-0.04989201143674997,z-score
-1.1005633958417014,-0.47713367059306244,-0.31740949903326415,z-score
-0.9267057549259138,4.051311931301378,-0.8906612581686516,z-score
-1.1200780290057184,1.2925365589311213,-0.011675227494390806,z-score
-0.7776849198552385,3.6764895239220565,0.9055275871222291,z-score
-0.910739236882627,-0.3812808276427135,0.14119190827504585,z-score
-0.5080281706797312,-0.24763654123523776,0.37049261192920085,z-score
-1.2282955401879943,-0.5826061536961344,1.822730401738849,z-score
-1.254906403593472,-0.43281461417515915,1.593429698084694,z-score
-0.8042957832607163,0.17837609409964617,1.4405625623152574,z-score
-0.7581702866912217,0.12031469460642416,1.0201779389493066,z-score
-0.5985051062583553,0.6627936875046353,1.6316464820270533,z-score
-0.6073753940601813,-0.541722683047061,1.096611506834025,z-score
-0.811392013502177,-0.5097717353969446,-0.6231437705721374,z-score
-0.3802960263334381,-0.5922257938488577,-0.3556262829756233,z-score
-1.1324964319282746,-0.600471199694049,0.4469261798139192,z-score
-0.26675634247006663,-0.2916120390762581,-0.2409759311485458,z-score
-0.880580258356419,-0.5595877290449753,-0.6613605545144966,z-score
-0.900094891520436,-0.3149740223043001,0.10297512433268668,z-score
1.1187826121751392,-0.6396368774587077,-1.9607312085547082,z-score
2.1566062849887695,0.22097735763313464,-1.9607312085547082,z-score
2.6249574809251772,1.4632851716419577,-1.9607312085547082,z-score
0.2778793285620438,-0.4486183087117758,0.17940869221740502,z-score
0.23707600467364456,0.14745582218017883,-0.16454236326382746,z-score
0.465929429960753,-0.4596121831720309,0.7526604513527925,z-score
0.1182141481291775,0.18524726563730567,-0.8524444742262924,z-score
-0.9550906758917566,-0.14800455393917625,-0.9670948260533699,z-score
-0.7067226174406314,-0.20709662916304722,-0.2409759311485458,z-score
-0.25078982442678,-0.4317839384445102,-0.8524444742262924,z-score
0.009996636946901593,0.1354312719892748,0.4469261798139192,z-score
0.11644009056881234,0.14573802929576382,0.7144436674104333,z-score
-0.6499527755089456,-0.2136242421238237,-0.2409759311485458,z-score
0.8775107839654746,0.5957997650124558,0.638010099525715,z-score
-0.8397769344680199,3.9101093562024762,0.8290940192375108,z-score
0.08628111204260429,3.948931475390253,0.638010099525715,z-score
-1.0757265899965889,0.18043744556094407,1.1730450747187433,z-score
-0.39803660193709,-0.43831155140528666,0.8290940192375108,z-score
-0.7971995530192555,0.15054784937212545,0.4469261798139192,z-score
-0.07515812595062714,0.5401432755574146,-0.31740949903326415,z-score
0.04547778815420507,-0.3926182606798516,0.37049261192920085,z-score
-0.7120447901217268,0.7442170702258993,0.25584226010212335,z-score
1.970330241150426,0.10485455864669037,0.9437443710645883,z-score
-0.10531710447683519,-0.3929618192567345,-0.08810879537910914,z-score
1.1382972453391562,0.20070740159703923,0.5997933155833558,z-score
0.7728413879039289,-0.11811495775035773,-0.20275914720618662,z-score
0.900573532250222,-0.4273176769450316,0.2940590440444825,z-score
-0.5328649765248437,-0.7162504401036102,-0.9670948260533699,z-score
0.05612213351639624,-0.26584514581003527,0.2176254761597642,z-score
-0.7510740564497609,-0.7811830111344917,-0.7760109063415741,z-score
-0.5825385882150688,-0.5966920553483362,-0.08810879537910914,z-score
0.041929673033474786,-0.6935755740293341,0.2176254761597642,z-score
-0.0893505864335486,-0.30878996792040664,-0.6995773384568558,z-score
-0.19756809761582464,-0.5750478650047092,-0.9288780421110108,z-score
-0.4370658682651239,-0.30363658926716214,0.10297512433268668,z-score
-0.2827228605133532,-0.1607162212838462,0.17940869221740502,z-score
-0.5878607608961643,-0.17755059155111172,1.1348282907763843,z-score
-0.9426722729692004,-0.4135753338697128,0.4469261798139192,z-score
-1.008312402702712,0.12718586614408342,0.7144436674104333,z-score
-0.8380028769076547,0.10141897287786072,0.9055275871222291,z-score
-0.8202623013040029,3.7840233584864267,0.02654155644796836,z-score
-0.6464046603882151,-0.446556957250478,0.25584226010212335,z-score
-0.22950113370239783,-0.7763731910581301,-0.20275914720618662,z-score
-0.20289027029692006,-0.21431135927758962,-0.5084934187450599,z-score
0.2353019471132794,-0.7794652182500769,-0.1263255793214683,z-score
0.08628111204260429,-0.5757349821584751,-1.005311609995729,z-score
-0.6801117540351537,-0.28989424619184323,-0.04989201143674997,z-score
-0.7280113081650135,-0.5534036746610819,-1.1581787457651658,z-score
-0.4902875950760793,-0.7732811638661834,-0.8142276902839333,z-score
-0.5825385882150688,-0.5722993963896454,-1.1963955297075248,z-score
-0.5683461277321473,1.2200456992088144,0.40870939587156,z-score
-1.2282955401879943,-0.5393177730088802,-0.47027663480270077,z-score
0.3807746670632242,1.377051968844332,-0.5467102026874191,z-score
3.4694088796590026,-0.7162504401036102,0.5615765316409966,z-score
-0.900094891520436,-0.6959804840675149,0.7144436674104333,z-score
4.026462953613669,-0.059709999680252694,0.9819611550069475,z-score
1.8053428880364641,0.041296221923340815,0.7144436674104333,z-score
4.281927242306255,0.043357573384638595,0.7526604513527925,z-score
4.450462710540948,-0.09406585736854979,0.02654155644796836,z-score
0.5368917323753599,-0.7138455300654294,0.2940590440444825,z-score
0.21578731394926254,-0.14731743678541032,-0.16454236326382746,z-score
2.3872337678362427,-0.4633913275177436,0.9055275871222291,z-score
-0.5257687462833829,0.1079465858386371,0.9055275871222291,z-score
-0.5098022282400964,-0.11399225482776204,0.6762268834680741,z-score
-0.4441620985065846,0.11584843310694544,0.37049261192920085,z-score
2.474162588294137,-0.16964874428280338,-0.1263255793214683,z-score
0.5564063655393772,0.09111221557137157,-0.3556262829756233,z-score
2.4546479551301204,0.027210320271138996,-0.04989201143674997,z-score
-0.2809488029529881,-0.19575919612590922,0.48514296375627836,z-score
-0.07515812595062714,-0.13082662509502768,0.17940869221740502,z-score
-0.3182040117206568,-0.4486183087117758,0.02654155644796836,z-score
0.820740942033789,-0.6430724632275374,-0.8142276902839333,z-score
0.49786246604732615,-0.47850790490059425,0.5997933155833558,z-score
0.567050710901568,0.04679315915346835,-1.005311609995729,z-score
-0.47609513459315783,-0.6420417874968884,0.4469261798139192,z-score
0.1022476300858909,-0.4379679928284037,0.25584226010212335,z-score
-0.9746053090557736,-0.5400048901626461,0.02654155644796836,z-score
-0.4210993502218373,-0.35448325864584174,0.638010099525715,z-score
-0.8131660710625421,-0.47713367059306244,0.5615765316409966,z-score
-0.4920616526364446,-0.38299862052712835,0.5997933155833558,z-score
-0.4157771775407417,-0.3235629867263744,0.17940869221740502,z-score
-0.4743210770327927,-0.28989424619184323,0.5997933155833558,z-score
-0.6410824877071197,-0.31394334657365114,-0.279192715090905,z-score
-0.39803660193709,-0.47438520197799866,0.5615765316409966,z-score
0.02418909742982305,-0.4613299760564457,0.4469261798139192,z-score
0.5989837469881415,0.05847415076748936,-0.08810879537910914,z-score
1.019435388794689,-0.45274101163437147,-0.4320598508603416,z-score
0.7746154454642941,-0.47507231913176456,0.86731080317987,z-score
-0.48319136483461855,-0.5863852980418471,-0.4320598508603416,z-score
-0.8646137403131324,-0.5547779089686139,-0.7760109063415741,z-score
-0.11596144983902636,-0.11158734478958124,-0.011675227494390806,z-score
-0.2596601122286059,-0.43865510998216967,1.0201779389493066,z-score
-0.9657350212539475,-0.43556308279022293,-0.011675227494390806,z-score
-0.16031288884815587,-0.21225000781629183,1.058394722891666,z-score
-0.9267057549259138,3.7555079966051395,0.7908772352951516,z-score
-0.5612498974906865,-0.19472852039526029,0.02654155644796836,z-score
-0.13902419812377367,-0.09509653309919874,0.17940869221740502,z-score
-1.0633081870740326,3.69882083141945,0.40870939587156,z-score
-0.4033587746181856,3.406796041068924,0.2940590440444825,z-score
0.10579574520662118,-0.40155078367880875,0.02654155644796836,z-score
-0.7599443442515867,3.701912858611396,-0.08810879537910914,z-score
-0.2720785151511622,-0.22152608939213206,-0.011675227494390806,z-score
-0.5435093218870348,1.6714816692330376,-1.9607312085547082,z-score
-0.07161001082989685,0.27251114416558025,-1.9607312085547082,z-score
-1.1378186046093701,-0.5946307038870385,0.06475834039032753,z-score
-0.35723327804869076,-0.7014774212976425,-1.1581787457651658,z-score
-1.1502370075319264,-0.7815265697113746,-1.2728290975922432,z-score
2.296756832257619,0.07256005241969117,0.3322758279868417,z-score
0.44464073923637065,-0.6983853941056957,0.638010099525715,z-score
0.036607500352379044,-0.694949808336866,0.5233597476986375,z-score
3.574078275720549,0.03270725750126654,0.37049261192920085,z-score
0.12353632081027291,-0.7262136388332163,0.9437443710645883,z-score
0.41270770314979743,-0.4764465534392964,0.638010099525715,z-score
3.1021789646634104,-0.5637104319675712,0.3322758279868417,z-score
0.20159485346634107,3.3954586080317863,1.1730450747187433,z-score
-0.4583545589895061,-0.4414035785972334,0.06475834039032753,z-score
0.15546935689684643,-0.19404140324149435,0.638010099525715,z-score
-0.7883292652174296,-0.8815021155843192,-1.9607312085547082,z-score
-1.1094336836435272,-0.4541152459419034,-1.9607312085547082,z-score
-0.37497385365234265,-0.8787536469692555,-1.9607312085547082,z-score
0.04370373059383993,-0.3658206916829798,-1.9607312085547082,z-score
-0.42996963802366317,-0.09887567744491141,0.8290940192375108,z-score
-1.0650822446343977,3.236047428358088,0.10297512433268668,z-score
-0.03258074450186277,3.6283913231584406,-0.08810879537910914,z-score
-0.12660579520121737,-0.4623606517870946,-0.011675227494390806,z-score
0.1590174720175767,-0.10402905609815592,0.6762268834680741,z-score
-0.20289027029692006,0.22063379905625174,0.8290940192375108,z-score
-0.7954254954588904,-0.21534203500823856,0.7908772352951516,z-score
-1.045567611470381,0.09111221557137157,0.14119190827504585,z-score
-0.7244631930442831,-0.6262380929602719,-0.3556262829756233,z-score
-0.6197937969827375,0.1189404602988923,-0.5084934187450599,z-score
0.4712516026418484,-0.17480212293604802,-0.4320598508603416,z-score
-1.068630359755128,-0.47438520197799866,-0.6613605545144966,z-score
0.6380130133161752,0.10863370299240302,0.40870939587156,z-score
-0.9763793666161387,-0.636201291689878,0.3322758279868417,z-score
-0.22950113370239783,0.05435144784489367,-1.005311609995729,z-score
-0.3057856087981005,-0.5616490805062733,-0.2409759311485458,z-score
-0.2880450331944488,-0.6045939026166446,-0.5849269866297783,z-score
-0.9550906758917566,-0.30363658926716214,-0.2409759311485458,z-score
-0.7883292652174296,-0.2682500558482161,-0.011675227494390806,z-score
-0.6925301569577099,-0.2545077127728972,0.17940869221740502,z-score
-0.3075596663584658,-0.5850110637343152,-0.47027663480270077,z-score
-0.11241333471829591,-0.5966920553483362,-0.08810879537910914,z-score
0.18917645054378476,-0.30913352649728953,-0.011675227494390806,z-score
-0.08402841375245317,-0.7664099923285239,-0.2409759311485458,z-score
-0.8752580856753234,-0.5925693524257406,-0.8142276902839333,z-score
-0.3483629902468649,-0.4472440744042439,0.5615765316409966,z-score
1.6882550890523622,0.06500176372826573,1.058394722891666,z-score
3.577626390841279,-0.7135019714885464,0.48514296375627836,z-score
2.3517526166289393,0.056412799306191454,0.14119190827504585,z-score
2.7260787618659923,-0.7196860258724399,1.287695426545821,z-score
2.773978315995852,-0.41460600960036165,1.1348282907763843,z-score
3.178463439759113,0.14951717364147674,1.096611506834025,z-score
-1.1555591802130218,0.7321925200349952,1.1730450747187433,z-score
-0.22595301858166755,0.08355392687994626,1.2112618586611026,z-score
2.096288327936353,0.25602033247519757,-1.9607312085547082,z-score
-0.5843126457754338,0.2251000605557302,-1.9607312085547082,z-score
0.9396027985782561,-0.6681522393399942,-1.9607312085547082,z-score
1.2394185262799715,-0.6162748942306656,-1.9607312085547082,z-score
-0.09644681667500947,0.3288547507743875,-1.9607312085547082,z-score
2.034196313323572,-0.6640295364173986,-1.9607312085547082,z-score
2.231116702524107,1.4062544478793841,-1.9607312085547082,z-score
0.4996365236076913,0.9438246033949055,-1.9607312085547082,z-score
1.9827486440729822,-0.6282994444215695,-1.9607312085547082,z-score
2.548673005829474,-0.6554405719953244,-1.9607312085547082,z-score
1.675836686129806,-0.6516614276496117,-1.9607312085547082,z-score
-0.9923458846594253,0.7064256267687724,-1.9607312085547082,z-score
1.3511841525829775,-0.6159313356537826,-1.9607312085547082,z-score
1.5108493330158443,0.3508424996948977,-1.9607312085547082,z-score
0.5191511567717082,3.861324038285095,-0.9288780421110108,z-score
-1.127174259247179,-0.5534036746610819,0.14119190827504585,z-score
-0.4033587746181856,0.204142987365869,-1.1963955297075248,z-score
-1.018956748064903,3.771655249718639,-0.04989201143674997,z-score
-1.246036115791646,4.276342799159723,0.37049261192920085,z-score
-0.28449691807371835,3.719434346032428,-0.9670948260533699,z-score
0.10402168764625604,-0.5791705679273047,-0.39384306691798243,z-score
0.4801218904436741,4.039630939687357,0.7908772352951516,z-score
-0.4104550048596463,-0.5448147102390076,0.7144436674104333,z-score
3.6255259449711392,0.19349267148249683,0.9055275871222291,z-score
0.517377099211343,-0.7172811158342591,0.17940869221740502,z-score
3.1500785187932707,-0.7275878731407481,0.48514296375627836,z-score
-0.3767479112127078,0.0639710879976169,0.17940869221740502,z-score
1.7361546431822221,-0.6894528711067384,0.48514296375627836,z-score
0.020640982309092448,-0.5719558378127624,0.9437443710645883,z-score
2.428037091724642,0.059161267921255284,1.4787793462576166,z-score
0.13772878129319438,0.7541802689555054,0.06475834039032753,z-score
-0.5275428038437481,-0.12189410209607039,-0.20275914720618662,z-score
-0.4264215229029329,-0.4317839384445102,0.10297512433268668,z-score
0.5528582504186466,0.5339592211735211,0.25584226010212335,z-score
0.5351176748149948,-0.12532968786490015,0.86731080317987,z-score
2.0004892196766337,0.795407298181462,-0.08810879537910914,z-score
-0.039676974743323656,-0.10299838036750697,0.9437443710645883,z-score
0.10579574520662118,0.6552353988132099,0.86731080317987,z-score
0.18030616274195874,-0.12773459790308095,0.2940590440444825,z-score
-0.555927724809591,0.07152937668904222,0.9055275871222291,z-score
-0.7351075384064741,-0.09612720882984757,0.02654155644796836,z-score
0.2459462924754706,-0.3939924949873834,0.6762268834680741,z-score
-0.44771021362731506,-0.22015185508460006,-0.011675227494390806,z-score
-0.22595301858166755,0.10141897287786072,0.5615765316409966,z-score
0.6167243225917932,0.09145577414825448,0.638010099525715,z-score
-0.46722484679133197,0.16154172383238052,-0.20275914720618662,z-score
2.181443090833882,0.09523491849396726,0.6762268834680741,z-score
-0.5027059979986356,-0.44346493005853127,0.14119190827504585,z-score
0.6078540347899672,-0.4482747501348929,0.7144436674104333,z-score
-0.22063084590057197,-0.6248638586527399,0.40870939587156,z-score
-0.8486472222698458,-0.4568637145569671,-0.8524444742262924,z-score
-0.30933372391883096,-0.5589006118912095,0.25584226010212335,z-score
-0.28449691807371835,-0.2551948299266632,0.40870939587156,z-score
0.24772035003583573,-0.21293712497005776,-0.4320598508603416,z-score
0.13418066617246407,-0.25863041569549283,-0.08810879537910914,z-score
-0.023710456700037057,-0.2696242901557479,-0.3556262829756233,z-score
0.06499242131822196,-0.5485938545847204,-0.011675227494390806,z-score
-0.6322121999052939,-0.7942382370560446,-0.3556262829756233,z-score
-0.5293168614041134,-0.777403866788779,-0.279192715090905,z-score
-0.5523796096888607,-0.47679011201617943,1.593429698084694,z-score
-0.4743210770327927,0.08767662980254182,1.1348282907763843,z-score
-0.25078982442678,-0.44483916436606313,1.096611506834025,z-score
0.05967024863712653,-0.42834835267568055,-0.39384306691798243,z-score
-1.0721784748758585,-0.6526921033802605,0.6762268834680741,z-score
0.5883394016259503,-0.45514592167255224,0.5997933155833558,z-score
0.5209252143320733,-0.13254441797944258,-0.08810879537910914,z-score
0.6539795313594619,-0.20297392624045152,0.4469261798139192,z-score
0.4889921782455001,-0.1703358614365693,-1.1199619618228065,z-score
-0.4689989043516971,-0.39227470210296855,-0.3556262829756233,z-score
-0.763492459372317,-0.21946473793083415,0.37049261192920085,z-score
-0.7102707325613616,-0.4520538944806055,-1.9607312085547082,z-score
0.508506811409517,-0.8794407641230214,-1.9607312085547082,z-score
-0.7776849198552385,-0.5252318713566783,-1.9607312085547082,z-score
-0.0219363991396716,-0.3974280807562131,-1.9607312085547082,z-score
0.3222307675711733,-0.8739438268928938,-1.9607312085547082,z-score
0.44464073923637065,-0.7275878731407481,-1.9607312085547082,z-score
1.0052429283117676,-0.8876861699682127,-1.9607312085547082,z-score
1.1649081087446338,-0.8863119356606808,-1.9607312085547082,z-score
0.6930087976874959,0.04782383488411718,-0.279192715090905,z-score
0.18740239298341962,-0.5774527750428899,-0.7760109063415741,z-score
-1.0881449929191451,-0.5750478650047092,0.7144436674104333,z-score
3.552789584996166,-0.5437840345083588,0.40870939587156,z-score
2.1920874361960734,-0.5455018273927736,0.7526604513527925,z-score
3.716002880549763,0.16669510248562527,0.5615765316409966,z-score
1.8745311328907057,-0.6660908878786964,-1.9607312085547082,z-score
1.2163557779952239,-0.6228025071914421,-1.9607312085547082,z-score
-0.9196095246844529,0.9318000532040015,-1.9607312085547082,z-score
-0.4210993502218373,0.938671224741661,-1.9607312085547082,z-score
1.592455980792642,0.37317380719229076,-1.9607312085547082,z-score
1.6935772617334575,-0.6568148063028562,-1.9607312085547082,z-score
1.1347491302184258,1.5811257635128166,-1.9607312085547082,z-score
1.313928943815309,0.6899348150783899,-1.9607312085547082,z-score
0.23352788955291426,0.31786087631413246,-1.9607312085547082,z-score
2.7580117979525656,1.3681194458453745,-1.9607312085547082,z-score
-0.5328649765248437,-0.14869167109294218,-0.47027663480270077,z-score
0.15546935689684643,-0.10471617325192184,0.17940869221740502,z-score
0.8349334025167101,-0.42869191125256345,-0.47027663480270077,z-score
-0.4796432497138883,-0.6382626431511758,-0.5467102026874191,z-score
-0.6978523296388054,0.04404469053840452,-0.6995773384568558,z-score
-0.029032629381132484,-0.5932564695795066,-0.39384306691798243,z-score
-0.10886521959756564,-0.5922257938488577,0.2176254761597642,z-score
0.7568748698606423,0.06946802522774444,0.14119190827504585,z-score
-0.5044800555590008,-0.4029250179863406,-0.6613605545144966,z-score
-0.5009319404382705,0.12340672179837077,0.02654155644796836,z-score
-0.6960782720784402,0.1770018597921143,-0.3556262829756233,z-score
-0.011292053777480746,-0.4259434426374997,-0.4320598508603416,z-score
-1.040245438789285,0.10038829714721177,-0.08810879537910914,z-score
-0.6144716243016419,0.20963992459599665,1.1730450747187433,z-score
-0.1780534644518076,3.880906877167424,1.1730450747187433,z-score
-0.6322121999052939,3.846207460902244,1.096611506834025,z-score
-1.008312402702712,1.1953094816732404,-1.0817451778804474,z-score
-0.9550906758917566,0.14951717364147674,0.17940869221740502,z-score
0.9112178776124131,0.11516131595317965,0.5997933155833558,z-score
-0.8628396827527671,-0.4596121831720309,0.7144436674104333,z-score
-0.27385257271152735,-0.4231949740224359,0.4469261798139192,z-score
0.8686404961636488,-0.5595877290449753,-0.04989201143674997,z-score
0.8047744239905021,-0.5101152939738276,0.7908772352951516,z-score
0.6504314162387316,-0.6018454340015809,-0.3556262829756233,z-score
-0.5807645306547036,-0.5747043064278262,0.4469261798139192,z-score
-0.7776849198552385,-0.41975938825360626,-0.5849269866297783,z-score
1.4860125271707316,0.09454780134020134,-0.08810879537910914,z-score
-0.35900733560905607,-0.43831155140528666,-0.2409759311485458,z-score
1.0336278492776105,0.5865236834366158,0.2176254761597642,z-score
1.71841406757857,0.7438735116490164,0.86731080317987,z-score
0.18030616274195874,0.5982046750506367,0.86731080317987,z-score
-0.5577017823699562,0.03236369892438351,-0.279192715090905,z-score
1.7397027583029523,-0.16209045559137805,-0.04989201143674997,z-score
-1.0437935539100156,-0.4018943422556918,-0.16454236326382746,z-score
-0.8433250495887502,-0.2830230746541838,0.37049261192920085,z-score
-0.783007092536334,-0.3393666812629911,-0.5467102026874191,z-score
-0.4210993502218373,-0.28542798469236463,0.2176254761597642,z-score
-0.4441620985065846,-0.5747043064278262,-0.47027663480270077,z-score
-0.6038272789394509,-0.2967654177295026,-0.47027663480270077,z-score
-1.0065383451423469,-0.35551393437649065,0.4469261798139192,z-score
-0.869935912994228,-0.4091090723702341,-0.1263255793214683,z-score
-0.059191607907340536,1.3430396697329179,0.7526604513527925,z-score
0.34174540073519016,-0.5678331348901667,-0.31740949903326415,z-score
0.28497555880350434,3.699851507150099,-0.39384306691798243,z-score
-1.1750738133770389,0.23094055636274077,-0.9288780421110108,z-score
-0.5080281706797312,3.754820879451374,-0.8906612581686516,z-score
-0.9213835822448181,-0.5802012436579537,-0.5467102026874191,z-score
0.24949440759620087,4.344367397382552,-1.1199619618228065,z-score
0.5191511567717082,-0.5623361976600392,1.1348282907763843,z-score
-0.8167141861832724,3.8520479567092543,0.7526604513527925,z-score
-0.09999493179573976,-0.5369128629706994,0.2176254761597642,z-score
0.1785321051815936,4.345054514536318,0.06475834039032753,z-score
-0.9604128485728521,-0.5709251620821134,0.06475834039032753,z-score
-0.9675090788143128,0.19933316728950737,0.9055275871222291,z-score
-0.11418739227866105,1.278450657278919,-0.6613605545144966,z-score
-0.6375343725863892,3.8998025988959877,0.3322758279868417,z-score
-0.12128362252012179,-0.20950153920122802,0.2176254761597642,z-score
0.16966181737976757,-0.45617659740320116,0.86731080317987,z-score
0.19804673834561048,-0.4606428589026798,0.3322758279868417,z-score
-0.9338019851673743,0.1172226674144773,0.638010099525715,z-score
1.3458619799018825,0.20002028444327344,-0.011675227494390806,z-score
0.27255715588094803,-0.4036121351401066,0.10297512433268668,z-score
1.7361546431822221,-0.14388185101658055,-0.31740949903326415,z-score
0.8384815176374407,0.09729626995526504,0.8290940192375108,z-score
0.7213937186533388,0.1508914079490086,0.06475834039032753,z-score
-0.2348233063834934,0.12478095610590262,0.40870939587156,z-score
-0.38739225657489884,0.13680550629680666,-0.47027663480270077,z-score
0.004674464265805851,-0.46991894047852,-1.1199619618228065,z-score
0.5067327538491518,-0.5791705679273047,0.6762268834680741,z-score
-0.7723627471741429,-0.5582134947374435,-0.16454236326382746,z-score
-0.35900733560905607,0.2254436191326131,0.4469261798139192,z-score
-0.832680704226559,-0.12120698494230446,0.9819611550069475,z-score
-0.4140031199803766,3.699507948573215,0.10297512433268668,z-score
0.0507999608353005,-0.4486183087117758,0.9819611550069475,z-score
-0.9763793666161387,-0.11330513767399612,0.5233597476986375,z-score
-0.5736683004132429,3.757569348066437,0.48514296375627836,z-score
-0.034354802062227914,-0.14731743678541032,1.096611506834025,z-score
-0.2915931483151791,0.24777492663000641,0.37049261192920085,z-score
-1.0420194963496503,-0.5259189885104443,-1.1963955297075248,z-score
-1.1750738133770389,-0.5678331348901667,0.40870939587156,z-score
0.23352788955291426,4.299017665234,0.02654155644796836,z-score
-0.3323964722035783,3.7915816471778516,0.5997933155833558,z-score
-0.7954254954588904,0.08046189968799952,-0.011675227494390806,z-score
0.5297955021338994,3.997373234730752,0.3322758279868417,z-score
-0.6464046603882151,0.11997113602954101,1.2112618586611026,z-score
-1.0721784748758585,-0.6045939026166446,1.822730401738849,z-score
-0.8255844739850985,0.6243151268937426,1.058394722891666,z-score
-0.03612885962259305,-0.5595877290449753,1.5169961301999757,z-score
-0.9710571939350433,-0.5520294403535501,1.78451361779649,z-score
0.9218622229746041,-0.18029906016617545,0.17940869221740502,z-score
0.2832015012431392,-0.6537227791109095,-0.6613605545144966,z-score
0.7675192152228335,-0.42147718113802113,-1.0817451778804474,z-score
0.6291427255143496,0.19589758152067763,0.2176254761597642,z-score
-0.0858024713128183,0.158106138063551,0.25584226010212335,z-score
-0.8628396827527671,-0.4499925430193077,0.2176254761597642,z-score
-0.7457518837686653,-0.18476532166565415,0.3322758279868417,z-score
-1.0420194963496503,0.16429019244744447,-0.8142276902839333,z-score
2.044840658685763,0.3886339431520243,-1.9607312085547082,z-score
-0.13192796788231295,0.8514073462133864,-1.9607312085547082,z-score
-0.9568647334521219,-0.6423853460737715,-1.9607312085547082,z-score
-0.8255844739850985,1.435456926914437,-1.9607312085547082,z-score
0.2743312134413135,0.7126096811526659,-1.9607312085547082,z-score
0.842029632758171,1.5543281945159448,-1.9607312085547082,z-score
-0.4140031199803766,0.2065478974040498,1.058394722891666,z-score
-0.89122460371861,-0.13632356232515525,0.9819611550069475,z-score
-0.5009319404382705,-0.18476532166565415,1.096611506834025,z-score
-0.2649822849097015,-0.20297392624045152,0.17940869221740502,z-score
-0.06451378058843596,0.1770018597921143,0.3322758279868417,z-score
-0.8788062007960539,-0.46098641747956276,1.1730450747187433,z-score
2.6462461716495596,1.3134936321209825,-1.9607312085547082,z-score
-0.23304924882312827,0.2927811002016754,-1.9607312085547082,z-score
1.3671506706262642,0.3999713761891625,-1.9607312085547082,z-score
2.827200042806808,-0.6351706159592291,-1.9607312085547082,z-score
2.619635308244082,-0.6623117435329837,-1.9607312085547082,z-score
0.18208022030232388,0.3065234432769945,-1.9607312085547082,z-score
-0.16918317664998173,1.338916966810322,-1.9607312085547082,z-score
0.928958453216065,-0.577109216466007,0.37049261192920085,z-score
-0.2099865005383808,-0.47850790490059425,0.5233597476986375,z-score
0.9325065683367952,-0.399145873640628,-0.16454236326382746,z-score
0.34529351585592044,-0.5729865135434112,-0.3556262829756233,z-score
-0.15853883128779056,-0.4255998840606167,-0.31740949903326415,z-score
0.29739396172606064,-0.5090846182431787,-0.16454236326382746,z-score
-0.5949569911376249,-0.5585570533143265,0.2176254761597642,z-score
-0.9089651793222618,0.057787033613723435,-0.4320598508603416,z-score
0.0383815579127445,0.6844378778482625,1.096611506834025,z-score
-0.172731291770712,0.1357748305661577,1.5169961301999757,z-score
-1.097015280720971,0.05125942065294694,1.1730450747187433,z-score
-0.783007092536334,-0.45995574174891385,1.2112618586611026,z-score
-0.4335177531443936,0.1673822196393911,1.058394722891666,z-score
-0.9479944456502958,0.09626559422461609,0.10297512433268668,z-score
-0.06806189570916657,-0.10024991175244326,0.5233597476986375,z-score
0.24062411979437484,-0.09647076740673059,1.058394722891666,z-score
-1.049115726591111,0.1350877134123919,-0.04989201143674997,z-score
-0.7705886896137778,-0.4764465534392964,0.25584226010212335,z-score
0.22110948663035795,0.1374926234505727,-1.1199619618228065,z-score
-0.2809488029529881,0.6380574699690614,0.06475834039032753,z-score
1.6066484412755637,-0.47438520197799866,0.86731080317987,z-score
1.069109000484914,-0.4063606037551704,0.37049261192920085,z-score
2.3517526166289393,0.6700084176191777,0.2176254761597642,z-score
0.1749839900608633,-0.5826061536961344,0.14119190827504585,z-score
-0.041451032303688795,0.17631474263834826,-0.5084934187450599,z-score
-1.0721784748758585,-0.49053245509149823,0.8290940192375108,z-score
-0.7936514378985251,-0.5420662416239439,-0.3556262829756233,z-score
0.25126846515656603,-0.3943360535642664,0.5997933155833558,z-score
0.6362389557558101,-0.5424098002008269,0.02654155644796836,z-score
0.6752682220838442,-0.4740416434011157,-0.47027663480270077,z-score
0.40028930022724113,-0.5977227310789852,-0.6995773384568558,z-score
-0.4619026741102364,-0.10780820044386857,0.06475834039032753,z-score
0.2459462924754706,3.8352135864419896,0.7908772352951516,z-score
0.23352788955291426,-0.44312137148164826,0.8290940192375108,z-score
-0.4707729619120624,-0.5537472332379649,-0.6231437705721374,z-score
-0.9550906758917566,-0.4733545262473497,-0.4320598508603416,z-score
-0.9976680573405209,0.03236369892438351,0.5997933155833558,z-score
-1.0739525324362238,-0.4080783966395853,0.7526604513527925,z-score
-0.6588230633107715,-0.4726674090935838,-0.31740949903326415,z-score
-0.5417352643266695,-0.4829741664000729,-0.5084934187450599,z-score
-0.3040115512377354,0.04060910476957488,0.17940869221740502,z-score
-1.1041115109624318,-0.4063606037551704,-0.3556262829756233,z-score
0.8934773020087611,0.6631372460815181,-1.9607312085547082,z-score
-0.4689989043516971,-0.6372319674205269,-1.9607312085547082,z-score
-0.5009319404382705,-0.6045939026166446,1.4405625623152574,z-score
-0.5701201852925124,-0.541035565893295,1.593429698084694,z-score
-1.077500647556954,0.03270725750126654,1.6698632659694124,z-score
-1.1821700436184996,-0.5846675051574324,1.4787793462576166,z-score
-0.25256388198714513,-0.45102321874995666,1.6316464820270533,z-score
-1.0047642875819816,-0.16037266270696318,-0.08810879537910914,z-score
-0.6712414662333277,3.8427718751334146,0.3322758279868417,z-score
-0.8291325891058288,-0.5589006118912095,-0.8524444742262924,z-score
-0.811392013502177,-0.6959804840675149,-0.31740949903326415,z-score
-0.16563506152925128,-0.5894773252337939,0.40870939587156,z-score
2.1122548459796398,-0.1311701836719106,-0.31740949903326415,z-score
0.41270770314979743,0.1904006442905502,0.17940869221740502,z-score
-0.2561119971078756,-0.6018454340015809,1.78451361779649,z-score
-0.2224049034609371,-0.42834835267568055,1.0201779389493066,z-score
-0.8202623013040029,0.5449530956337763,1.4023457783728983,z-score
-0.6730155237936929,-0.5795141265041878,1.7080800499117716,z-score
-0.6499527755089456,0.1766583012152314,0.2176254761597642,z-score
-0.13547608300304323,0.08321036830306323,-0.1263255793214683,z-score
-0.3288483570828479,-0.399489432217511,0.5615765316409966,z-score
-0.781233034975969,-0.43247105559827625,-0.08810879537910914,z-score
-0.49738382531754,-0.41529312675412766,0.37049261192920085,z-score
-0.7705886896137778,3.886747372974435,0.06475834039032753,z-score
-0.9799274817368689,3.5174219028252414,0.9819611550069475,z-score
-1.1200780290057184,-0.22874081950667435,0.17940869221740502,z-score
-1.1112077412038923,-0.23011505381420633,-1.005311609995729,z-score
0.1146660330084472,-0.6427289046506544,-0.5467102026874191,z-score
0.781711675705755,0.10382388291604154,-0.6995773384568558,z-score
0.06499242131822196,-0.1902622588957817,0.5233597476986375,z-score
0.2228835441907231,-0.38746488202660695,-1.9607312085547082,z-score
1.1915189721501116,-0.8763487369310746,-1.9607312085547082,z-score
-0.7457518837686653,-0.6039067854628787,-0.2409759311485458,z-score
0.38432278218395455,-0.5963484967714533,0.02654155644796836,z-score
1.07797928828674,0.029958788886202705,0.638010099525715,z-score
-1.0881449929191451,-0.43350173132892506,-0.47027663480270077,z-score
0.7888079059472155,-0.4754158777086475,-0.2409759311485458,z-score
0.12176226324990777,-0.5856981808880813,0.17940869221740502,z-score
1.0513684248812623,-0.4128882167159469,-0.011675227494390806,z-score
-1.0562119568325719,-0.43315817275204216,1.1348282907763843,z-score
-0.15853883128779056,0.7277262585355168,1.78451361779649,z-score
-0.9657350212539475,0.16806933679315714,1.78451361779649,z-score
-1.1005633958417014,0.038891311885160006,1.78451361779649,z-score
-1.0704044173154934,-0.5915386766950917,1.2494786426034616,z-score
-0.7014004447595358,-0.43315817275204216,1.287695426545821,z-score
-0.5630239550510517,-0.3053543821515769,0.638010099525715,z-score
-1.0118605178234423,-0.4781643463237113,-0.16454236326382746,z-score
-1.057986014392937,-0.4774772291699454,0.3322758279868417,z-score
-0.6144716243016419,-0.599784082540283,-0.4320598508603416,z-score
-0.9018689490808012,-0.5929129110026236,0.3322758279868417,z-score
-0.6304381423449286,-0.2716856416170457,0.17940869221740502,z-score
-0.7191410203631875,-0.5396613315857631,-0.16454236326382746,z-score
-1.0704044173154934,0.06328397084385097,-0.6613605545144966,z-score
0.7763895030246595,-0.16896162712903745,-0.9670948260533699,z-score
0.3949671275461457,0.08389748545682915,-0.7760109063415741,z-score
-0.172731291770712,-0.6210847143070273,0.2176254761597642,z-score
0.6380130133161752,-0.44243425432788236,-0.5467102026874191,z-score
-0.7918773803381599,-0.16586959993709072,0.37049261192920085,z-score
0.27610527100167864,0.18627794136795464,0.5997933155833558,z-score
2.6001206750800643,-0.694949808336866,1.4405625623152574,z-score
2.1956355513168035,0.07736987249605279,1.3641289944305393,z-score
1.8567905572870542,0.0663759980357977,0.5997933155833558,z-score
3.364739483597458,0.10725946868487117,1.4023457783728983,z-score
3.586496678643105,-0.7117841786041316,1.1348282907763843,z-score
3.109275194904871,-0.4159802439078936,0.2940590440444825,z-score
-1.0136345753838074,-0.4647655618252754,-0.8906612581686516,z-score
0.36480814901993763,-0.19129293462643052,0.638010099525715,z-score
0.3790006095028591,-0.65956327491792,-0.08810879537910914,z-score
-0.7475259413290305,1.4639722887957236,-1.9607312085547082,z-score
0.22820571687181854,0.2549896567445488,-1.9607312085547082,z-score
2.821877870125712,1.3282666509269498,-1.9607312085547082,z-score
-0.8592915676320368,-0.2734034345014606,0.06475834039032753,z-score
-0.8734840281149583,-0.23836045965939756,-0.6995773384568558,z-score
-1.1129817987642576,-0.7653793165978751,-0.2409759311485458,z-score
0.19982079590597593,-0.7011338627207595,-0.4320598508603416,z-score
-0.9391241578484699,-0.27683902027029034,-0.20275914720618662,z-score
-0.8592915676320368,-0.29298627338378996,-0.31740949903326415,z-score
-0.408680947299281,-0.7894284169796829,-0.31740949903326415,z-score
0.35238974609738133,4.064023598646048,0.02654155644796836,z-score
-1.2620026338349328,1.4059108893025016,-1.005311609995729,z-score
-0.5683461277321473,0.08217969257241428,0.9055275871222291,z-score
0.19627268078524532,0.1278729832978495,1.2494786426034616,z-score
-1.2886134972404104,0.7641434676851115,1.6698632659694124,z-score
-0.5346390340852087,0.13405703768174296,1.3641289944305393,z-score
-1.1732997558166738,-0.46442200324839245,1.555212914142335,z-score
-1.0810487626776843,-0.42422564975308485,1.4023457783728983,z-score
-0.6517268330693107,-0.5575263775836777,1.287695426545821,z-score
-0.059191607907340536,0.09214289130202052,1.287695426545821,z-score
2.6267315384855423,-0.6880786367992066,-0.08810879537910914,z-score
-1.0260529783063639,-0.8488640507804369,-0.5467102026874191,z-score
2.101610500617449,-0.8574530152025113,1.287695426545821,z-score
3.9040529819484724,0.07221649384280815,-0.20275914720618662,z-score
-0.832680704226559,-0.2964218591526197,-0.08810879537910914,z-score
-0.9408982154088352,-0.25588194708042916,-0.5084934187450599,z-score
-0.7989736105796207,-0.6052810197704105,-0.16454236326382746,z-score
-0.6925301569577099,-0.3651335745292139,-0.5849269866297783,z-score
-0.7457518837686653,-0.2850844261154816,0.5233597476986375,z-score
-1.0296010934270943,-0.329403482533385,0.40870939587156,z-score
-0.9746053090557736,-0.3345568611866295,-0.011675227494390806,z-score
-1.1023374534020665,-0.5269496642410931,0.02654155644796836,z-score
-0.4991578828779053,-0.5595877290449753,-0.16454236326382746,z-score
-0.21353461565911125,-0.589133766656911,0.10297512433268668,z-score
-0.26853040003043177,-0.540692007316412,-0.4320598508603416,z-score
-0.9568647334521219,-0.3943360535642664,0.5615765316409966,z-score
-0.8610656251924019,-0.40601704517828735,-0.3556262829756233,z-score
-1.068630359755128,-0.2510721270040675,-0.011675227494390806,z-score
-0.2720785151511622,-0.5674895763132838,-0.6231437705721374,z-score
-1.0349232661081897,-0.35757528583778847,0.638010099525715,z-score
-0.39803660193709,-0.5829497122730175,0.06475834039032753,z-score
-0.39626254437672487,-0.5503116474691353,-0.04989201143674997,z-score
-0.633986257465659,-0.14697387820852728,-0.08810879537910914,z-score
-0.06806189570916657,-0.42010294683048915,0.8290940192375108,z-score
-0.575442357973608,-0.20056901620227083,1.1730450747187433,z-score
-0.6570490057504063,0.10210609003162666,-0.1263255793214683,z-score
-0.35191110536759534,3.5723912751265163,0.4469261798139192,z-score
-0.9976680573405209,-0.2139678007007066,0.9819611550069475,z-score
-0.3927144292559944,-0.4115139824084149,0.7526604513527925,z-score
-0.6464046603882151,3.326403334078309,-0.08810879537910914,z-score
-1.0615341295136675,0.1697871296775719,1.6698632659694124,z-score
-0.6765636389144234,-0.6052810197704105,1.5169961301999757,z-score
-0.9142873520033574,0.17803253552276327,1.096611506834025,z-score
-0.048547262545149364,-0.4723238505167008,1.6316464820270533,z-score
-1.1591072953337522,-0.42937902840632935,1.7462968338541307,z-score
0.006448521826170993,0.07633919676540384,1.2112618586611026,z-score
-0.13725014056340853,0.22887920490144287,-0.8524444742262924,z-score
-0.9444463305295655,-0.5760785407353581,-0.7377941223992149,z-score
-1.0242789207459986,-0.5461889445465395,0.25584226010212335,z-score
-1.010086460263077,3.8015448459074577,-0.6613605545144966,z-score
0.017092867188362164,3.9746983686564756,0.7144436674104333,z-score
-1.0633081870740326,-0.5499680888922522,-0.6231437705721374,z-score
-1.057986014392937,-0.3201274009575446,0.17940869221740502,z-score
-0.4991578828779053,-0.2551948299266632,0.4469261798139192,z-score
-0.39981065949745515,-0.3311212754177997,0.14119190827504585,z-score
-0.7422037686479349,-0.589133766656911,-0.279192715090905,z-score
-0.9213835822448181,-0.3582624029915545,0.10297512433268668,z-score
-0.4636767316706017,-0.33593109549416134,-0.39384306691798243,z-score
-0.6552749481900412,-0.5884466495031451,1.1348282907763843,z-score
0.047251845714570216,0.12890365902849843,1.2112618586611026,z-score
-0.9178354671240877,0.15467055229472126,1.7462968338541307,z-score
-1.0065383451423469,0.2429651065536448,0.4469261798139192,z-score
-0.9958939997801556,3.703630651495811,0.7526604513527925,z-score
-0.0893505864335486,0.10073185572409481,0.17940869221740502,z-score
-0.7652665169326823,-0.10505973182880488,0.17940869221740502,z-score
-0.8184882437436376,-0.21259356639317475,0.02654155644796836,z-score
-0.5736683004132429,-0.11983275063477261,0.9819611550069475,z-score
-0.8752580856753234,3.567925013627038,-0.08810879537910914,z-score
0.9041216473709522,-0.3974280807562131,0.5233597476986375,z-score
1.629711189560311,-0.730679900332695,0.5997933155833558,z-score
2.6639867472532113,0.09214289130202052,0.14119190827504585,z-score
2.6178612506837164,-0.5815754779654855,0.14119190827504585,z-score
-0.31465589659992654,-0.5874159737724961,0.86731080317987,z-score
2.319819580542366,-0.6052810197704105,1.0201779389493066,z-score
2.6462461716495596,-0.4221642982917871,0.86731080317987,z-score
-0.5772164155339732,-0.5379435387013483,0.638010099525715,z-score
-0.9302538700466441,-0.34555073564688454,-0.2409759311485458,z-score
-0.5399612067663043,-0.3850599719884262,-0.4320598508603416,z-score
-0.6091494516205463,-0.4740416434011157,-0.279192715090905,z-score
-0.456580501429141,-0.32218875241884254,0.25584226010212335,z-score
-0.8681618554338628,-0.352765465761427,-0.6613605545144966,z-score
-1.0739525324362238,-0.5668024591595178,-0.47027663480270077,z-score
-0.6907560993973446,-0.4925938065527961,-0.16454236326382746,z-score
-0.4210993502218373,-0.8399315277814797,0.7908772352951516,z-score
1.3103808286945788,-0.06967319840985882,0.7144436674104333,z-score
3.4747310523400987,-0.717968232988025,-0.20275914720618662,z-score
1.5197196208176695,-0.7176246744111421,0.14119190827504585,z-score
1.1382972453391562,-0.6956369254906318,0.02654155644796836,z-score
-0.5328649765248437,-0.7121277371810145,-1.9607312085547082,z-score
1.1241047848562347,-0.8883732871219787,-1.9607312085547082,z-score
0.09160328472369972,-0.5609619633525074,-1.9607312085547082,z-score
-0.46722484679133197,-0.5080539425125298,0.638010099525715,z-score
0.4801218904436741,0.0732471695734571,-0.3556262829756233,z-score
-0.7404297110875697,-0.4486183087117758,-0.04989201143674997,z-score
0.11644009056881234,-0.4850355178613707,-0.20275914720618662,z-score
0.04547778815420507,0.10244964860850955,0.25584226010212335,z-score
0.5156030416509779,-0.5430969173545929,-0.3556262829756233,z-score
-0.18160157957253803,-0.5740171892740602,0.25584226010212335,z-score
0.05612213351639624,-0.29367339053755587,-0.3556262829756233,z-score
-1.157333237773387,-0.24248316258199326,-0.47027663480270077,z-score
-0.9675090788143128,-0.7045694484895891,-0.5084934187450599,z-score
-0.8575175100716717,-0.787710624095268,-0.1263255793214683,z-score
-1.0260529783063639,-0.7866799483646193,0.3322758279868417,z-score
-0.3554592204883256,0.05675635788307448,1.5169961301999757,z-score
-1.23361771286909,-0.5424098002008269,1.4023457783728983,z-score
0.034833442792013905,-0.4125446581390639,1.32591221048818,z-score
-0.20111621273655492,0.5449530956337763,1.32591221048818,z-score
-0.05209537766587997,-0.4682011475941052,1.1730450747187433,z-score
-0.11241333471829591,0.6490513444293164,1.4405625623152574,z-score
-0.4583545589895061,0.3188915520447814,-1.9607312085547082,z-score
2.5149659121825363,-0.6660908878786964,-1.9607312085547082,z-score
0.7391342942569906,0.8885116725167472,-1.9607312085547082,z-score
1.6172927866377547,0.6995544552311131,-1.9607312085547082,z-score
0.9466990288197167,-0.6667780050324624,-1.9607312085547082,z-score
-0.5435093218870348,-0.6667780050324624,-1.9607312085547082,z-score
0.5351176748149948,1.1386223164875502,0.7144436674104333,z-score
-0.8646137403131324,1.2550886740508773,0.40870939587156,z-score
-1.03847138122892,-0.5444711516621247,-1.1963955297075248,z-score
0.5244733294528036,1.3818617889206934,0.02654155644796836,z-score
-0.880580258356419,1.3299844438113646,0.25584226010212335,z-score
0.07031459399931769,1.4646594059494893,-0.04989201143674997,z-score
-0.6393084301467544,0.0825232511492973,-1.0435283939380882,z-score
0.3115864222089821,4.296956313772703,-0.5467102026874191,z-score
2.7633339706336613,0.40993457491876867,-1.9607312085547082,z-score
-0.9267057549259138,-0.648569400457665,-1.9607312085547082,z-score
2.21160206936009,0.3951615561128009,-1.9607312085547082,z-score
1.312154886254944,-0.6403239946124736,-1.9607312085547082,z-score
-0.1461204283652344,-0.5534036746610819,0.9055275871222291,z-score
-0.6907560993973446,-0.5475631788540715,-0.8524444742262924,z-score
-1.2442620582312809,1.4873342720237652,0.5233597476986375,z-score
-0.949768503210661,-0.30363658926716214,0.5997933155833558,z-score
-0.64463060282785,-0.5303852500099229,0.3322758279868417,z-score
-0.4104550048596463,-0.5355386286631675,0.638010099525715,z-score
-0.3111077814791961,0.192805554328731,-0.08810879537910914,z-score
1.0087910434324978,0.1557012280253702,0.2940590440444825,z-score
-0.40690688973891587,0.03579928469321327,0.638010099525715,z-score
-1.1076596260831622,0.13852329918122167,-0.8142276902839333,z-score
-0.7546221715704912,-0.600471199694049,-1.234612313649884,z-score
-0.3164299541602917,-0.30947708507417254,0.40870939587156,z-score
-1.1484629499715613,-0.5520294403535501,0.02654155644796836,z-score
-0.4317436955840283,-0.7004467455669935,-0.20275914720618662,z-score
0.23707600467364456,-0.7695020195204707,-0.04989201143674997,z-score
-0.19047186737436392,-0.19438496181837725,-0.9670948260533699,z-score
-0.6322121999052939,-0.41013974810088305,0.5997933155833558,z-score
-0.8238104164247333,0.05400788926801065,0.2940590440444825,z-score
0.30981236464861694,-0.43247105559827625,-1.0817451778804474,z-score
0.4410926241156403,-0.4266305597912657,0.5233597476986375,z-score
-0.5488314945681303,-0.6296736787291015,-1.0817451778804474,z-score
-0.8025217257003512,-0.41872871252295735,0.638010099525715,z-score
-0.5665720701717821,0.6810022920794327,-0.2409759311485458,z-score
0.6114021499106975,0.7658612605695265,-0.279192715090905,z-score
1.9738783562711562,0.191087761444316,0.9055275871222291,z-score
2.3056271200594445,-0.4726674090935838,-0.1263255793214683,z-score
1.106364209252583,-0.4712931747860519,0.86731080317987,z-score
2.4919031638977884,-0.39639740502556425,0.5615765316409966,z-score
-0.05209537766587997,0.1907442028674331,1.593429698084694,z-score
-0.5843126457754338,0.1904006442905502,1.6316464820270533,z-score
-0.5736683004132429,0.5422046270187125,1.7462968338541307,z-score
-0.2277270761420327,0.7504011246097928,1.4023457783728983,z-score
-0.5665720701717821,-0.599096965386517,1.4023457783728983,z-score
0.0011263491450755662,0.14951717364147674,1.2494786426034616,z-score
-0.7741368047345082,0.19589758152067763,1.1348282907763843,z-score
-0.21885678834020683,-0.44690051582736096,1.4405625623152574,z-score
-1.027827035866729,0.13886685775810456,1.0201779389493066,z-score
-1.1431407772904656,0.19658469867444367,1.7462968338541307,z-score
-0.03612885962259305,-0.5623361976600392,1.0201779389493066,z-score
-0.6268900272241983,-0.5424098002008269,0.17940869221740502,z-score
-0.5807645306547036,-0.5530601160841989,-0.011675227494390806,z-score
-0.6499527755089456,-0.32768568964897005,-0.5084934187450599,z-score
-0.1940199824950942,-0.4300661455600954,0.37049261192920085,z-score
-0.21176055809874608,-0.4372808756746378,-0.5849269866297783,z-score
-0.19579404005545933,-0.46579623755592436,0.10297512433268668,z-score
0.7604229849813726,-0.4300661455600954,-0.1263255793214683,z-score
-0.6605971208711365,0.029958788886202705,-0.5467102026874191,z-score
0.8189668844734236,-0.6578454820335051,0.17940869221740502,z-score
-0.3536851629279605,-0.21705982789265332,-0.31740949903326415,z-score
0.08095893936150855,0.0825232511492973,0.37049261192920085,z-score
-0.048547262545149364,-0.13975914809398488,-1.0435283939380882,z-score
-0.5878607608961643,0.09970117999344585,0.2176254761597642,z-score
-0.486739479955349,-0.20331748481733455,-0.6231437705721374,z-score
-0.19224592493472906,-0.6052810197704105,-0.20275914720618662,z-score
-1.0845968777984145,-0.5400048901626461,0.4469261798139192,z-score
0.9537952590611776,-0.4513667773268396,0.37049261192920085,z-score
-0.29691532099627466,0.15707546233290207,-0.5084934187450599,z-score
-0.5914088760168946,-0.40498636944763855,0.2940590440444825,z-score
-0.07338406839026199,-0.5066797082049979,-0.011675227494390806,z-score
-0.516898458481557,-0.5726429549665283,1.78451361779649,z-score
-0.6322121999052939,0.1605110481017318,1.7462968338541307,z-score
-0.23659736394385855,0.16806933679315714,1.32591221048818,z-score
-0.6517268330693107,0.6002660265119345,1.2112618586611026,z-score
-1.0296010934270943,0.7816649551061432,1.2494786426034616,z-score
-1.1431407772904656,0.6246586854706255,1.822730401738849,z-score
-0.8362288193472894,-0.4032685765632237,1.7462968338541307,z-score
2.0200038528406505,-0.5850110637343152,1.4405625623152574,z-score
0.10579574520662118,-0.707317917104653,0.2940590440444825,z-score
0.26368686807912234,-0.707317917104653,0.9055275871222291,z-score
0.4712516026418484,-0.565084666275103,0.2940590440444825,z-score
1.8798533055718014,-0.5819190365423685,0.37049261192920085,z-score
0.036607500352379044,-0.7145326472191953,-1.9607312085547082,z-score
-0.22063084590057197,-0.422851415445553,-1.9607312085547082,z-score
-1.0207308056252682,-0.8821892327380851,-1.9607312085547082,z-score
0.6983309703685914,0.03373793323191537,0.86731080317987,z-score
1.2500628716421627,-0.5427533587777099,1.096611506834025,z-score
2.5699616965538565,-0.7028516556051743,1.3641289944305393,z-score
-0.5967310486979902,1.4863035962931168,-1.9607312085547082,z-score
0.5865653440655851,1.491113416369478,-1.9607312085547082,z-score
0.567050710901568,0.39584867326656675,-1.9607312085547082,z-score
-0.7954254954588904,-0.4297225869832124,1.32591221048818,z-score
-1.2087809070239774,0.5329285454428722,1.32591221048818,z-score
-1.2584545187142024,0.6205359825480297,1.6316464820270533,z-score
-1.2761950943178542,0.6153826038947852,1.287695426545821,z-score
1.3352176345396911,-0.6513178690727286,-1.9607312085547082,z-score
1.5747154051889907,-0.6437595803813033,-1.9607312085547082,z-score
2.378363480034417,0.7404379258801866,-1.9607312085547082,z-score
-0.7705886896137778,0.9091251871297255,-1.9607312085547082,z-score
-0.7475259413290305,0.1952104643669118,1.2494786426034616,z-score
0.22997977443218398,0.19177487859808207,0.86731080317987,z-score
-0.13902419812377367,3.599532402700271,-1.0817451778804474,z-score
-0.43529181070475875,0.25327186386013384,-0.04989201143674997,z-score
-0.32707429952248274,1.1296897934885928,1.1348282907763843,z-score
-0.06806189570916657,1.3128065149672161,0.5615765316409966,z-score
-0.32707429952248274,-0.45617659740320116,0.3322758279868417,z-score
0.8828329566465702,0.14539447071888092,-0.5467102026874191,z-score
-0.6322121999052939,-0.5750478650047092,-0.16454236326382746,z-score
1.0531424824416273,-0.4857226350151367,-0.279192715090905,z-score
0.9165400502935086,-0.5434404759314758,-0.39384306691798243,z-score
0.980406122466655,-0.5455018273927736,-0.47027663480270077,z-score
2.742045279909279,0.043357573384638595,0.37049261192920085,z-score
2.062581234289415,-0.5702380449283475,0.9437443710645883,z-score
-0.4902875950760793,0.07702631391916977,1.1730450747187433,z-score
-0.42819558046329803,1.1478983980633901,0.7908772352951516,z-score
0.18208022030232388,-0.5242011956260294,1.096611506834025,z-score
0.21401325638889707,0.23094055636274077,0.9437443710645883,z-score
-1.0633081870740326,3.5696428065114523,0.14119190827504585,z-score
-0.49738382531754,3.7555079966051395,0.8290940192375108,z-score
-0.8717099705545931,-0.4486183087117758,0.9437443710645883,z-score
0.5865653440655851,-0.6162748942306656,-0.47027663480270077,z-score
-0.8060698408210815,0.0687809080739785,-0.279192715090905,z-score
-0.2827228605133532,-0.21980829650771716,-0.6613605545144966,z-score
-0.06628783814880111,-0.6492565176114309,-0.2409759311485458,z-score
-0.7439778262083002,3.7166858774173637,0.4469261798139192,z-score
0.06144430619749167,3.9159498520094873,0.9437443710645883,z-score
0.15546935689684643,-0.09818856029114548,0.10297512433268668,z-score
-0.47786919215352314,0.08355392687994626,1.1348282907763843,z-score
-0.9799274817368689,-0.15762419409189946,1.0201779389493066,z-score
-1.0225048631856333,0.1673822196393911,0.2940590440444825,z-score
-0.33949270244503904,0.13817974060433852,0.3322758279868417,z-score
-1.0154086329441727,-0.4221642982917871,0.9437443710645883,z-score
-0.11418739227866105,-0.3936489364105004,-1.9607312085547082,z-score
0.407385530468702,-0.5379435387013483,-1.9607312085547082,z-score
0.950247143940447,-0.7121277371810145,-1.9607312085547082,z-score
0.73203806401553,-0.5231705198953805,-1.9607312085547082,z-score
-0.28981909075481394,-0.3744096561050541,-1.9607312085547082,z-score
1.4239205125579502,0.1010754143009777,-0.1263255793214683,z-score
0.664623876721653,0.7407814844570696,-0.1263255793214683,z-score
1.175552454106825,0.05297721353736182,0.7526604513527925,z-score
-0.5647980126114168,0.6102292252415407,0.25584226010212335,z-score
-1.2584545187142024,-0.6045939026166446,1.6698632659694124,z-score
-0.9267057549259138,-0.5637104319675712,1.5169961301999757,z-score
-0.3004634361170051,0.5975175578968709,1.3641289944305393,z-score
-0.10354304691647004,-0.40532992802452145,1.78451361779649,z-score
-0.8450991071491153,0.7081434196531875,1.2112618586611026,z-score
-0.39626254437672487,-0.42869191125256345,1.6316464820270533,z-score
0.13240660861209894,-0.10299838036750697,-0.39384306691798243,z-score
0.13240660861209894,-0.41907227109984035,0.3322758279868417,z-score
-0.5825385882150688,-0.6678086807631113,-0.2409759311485458,z-score
0.952021201500812,-0.46854470617098815,-0.8906612581686516,z-score
0.9378287410178906,-0.20022545762538782,-0.5467102026874191,z-score
-0.2277270761420327,0.15673190375601892,0.6762268834680741,z-score
-1.0047642875819816,-0.4444956057891801,-0.8142276902839333,z-score
-0.19047186737436392,-0.6416982289200054,0.37049261192920085,z-score
-0.3767479112127078,-0.5970356139252193,0.10297512433268668,z-score
-0.2153086732194764,-0.7289621074482802,-0.47027663480270077,z-score
-0.16918317664998173,-0.22015185508460006,-0.5084934187450599,z-score
-0.9479944456502958,-0.6959804840675149,-0.7760109063415741,z-score
0.5936615743070457,-0.3939924949873834,0.86731080317987,z-score
1.610196556396294,-0.14800455393917625,0.2176254761597642,z-score
1.7592173914669693,-0.22152608939213206,0.9055275871222291,z-score
0.8012263088697719,0.7555545032630373,-0.2409759311485458,z-score
2.4262630341642772,-0.14182049955528278,0.3322758279868417,z-score
2.3694931922325915,-0.20847086347057905,0.06475834039032753,z-score
0.1022476300858909,-0.6523485448033776,-1.9607312085547082,z-score
2.3730413073533216,0.9238982059356933,-1.9607312085547082,z-score
1.8567905572870542,0.33366457085074913,-1.9607312085547082,z-score
-0.8770321432356886,0.38313700592189687,-1.9607312085547082,z-score
2.1654765727905954,0.22063379905625174,-1.9607312085547082,z-score
2.564639523872761,0.7315054028812294,-1.9607312085547082,z-score
-0.20111621273655492,0.2835050186258354,-1.9607312085547082,z-score
-0.03612885962259305,0.5683150788618182,1.058394722891666,z-score
-0.4689989043516971,0.09454780134020134,1.3641289944305393,z-score
-1.0136345753838074,0.6926832836934537,1.822730401738849,z-score
0.002900406705440709,0.7270391413817507,1.3641289944305393,z-score
-0.5736683004132429,-0.540348448739529,1.096611506834025,z-score
-0.12128362252012179,-0.5767656578891239,1.4787793462576166,z-score
-0.5772164155339732,-0.10609040755945383,0.3322758279868417,z-score
-0.6393084301467544,-0.4568637145569671,0.06475834039032753,z-score
-0.39448848681635956,0.2086092488653477,-0.1263255793214683,z-score
-0.5523796096888607,-0.3953667292949153,0.9055275871222291,z-score
-0.8042957832607163,-0.42903546982944646,0.7144436674104333,z-score
0.09160328472369972,-0.4489618672886588,-0.3556262829756233,z-score
-0.46545078923096683,-0.40155078367880875,-0.6231437705721374,z-score
-0.25256388198714513,-0.4252563254837338,0.10297512433268668,z-score
-1.1803959860581346,0.11550487453006254,0.6762268834680741,z-score
-0.3678776234108819,-0.4297225869832124,-0.04989201143674997,z-score
-0.8734840281149583,-0.4633913275177436,-0.16454236326382746,z-score
0.03128532767128362,-0.4558330388263182,0.7144436674104333,z-score
0.9449249712593515,0.23746816932351714,-1.9607312085547082,z-score
1.5889078656719118,-0.6224589486145591,-1.9607312085547082,z-score
-0.059191607907340536,-0.42937902840632935,0.6762268834680741,z-score
0.8579961508014576,-0.4348759656364569,0.40870939587156,z-score
0.04370373059383993,-0.42937902840632935,-0.5849269866297783,z-score
0.9591174317422729,-0.5826061536961344,0.25584226010212335,z-score
-0.2064383854176505,-0.5589006118912095,1.4023457783728983,z-score
-0.869935912994228,0.09626559422461609,1.6316464820270533,z-score
-0.05032132010551451,0.7871618923362707,1.822730401738849,z-score
-1.1874922162995953,0.7837263065674409,1.78451361779649,z-score
-0.046773204984784225,-0.422851415445553,1.2112618586611026,z-score
-1.2211993099465335,0.5896157106285623,1.1348282907763843,z-score
-0.11596144983902636,0.7823520722599091,1.2112618586611026,z-score
-1.1520110650922917,-0.43831155140528666,1.4023457783728983,z-score
0.11998820568954263,1.4931747678307759,-0.3556262829756233,z-score
0.5422139050564556,4.1049070692951215,0.37049261192920085,z-score
0.37013032170103305,4.274968564852192,1.1348282907763843,z-score
-0.12305768008048708,-0.5351950700862845,0.40870939587156,z-score
-0.9870237119783298,1.4869907134468827,1.058394722891666,z-score
0.05967024863712653,-0.15006590540047401,-0.04989201143674997,z-score
-0.018388284018941315,-0.10574684898257079,0.5997933155833558,z-score
-0.7155929052424572,-0.47198029193981783,0.2940590440444825,z-score
0.008222579386536451,-0.19816410616409003,0.9819611550069475,z-score
-0.516898458481557,-0.41494956817724465,0.8290940192375108,z-score
-0.23837142150422372,-0.13288797655632548,0.14119190827504585,z-score
-0.3554592204883256,3.3501088758832345,0.37049261192920085,z-score
-0.7581702866912217,-0.5424098002008269,-0.279192715090905,z-score
-0.5186725160419222,-0.5073668253587639,-0.2409759311485458,z-score
-0.41755123510110687,-0.5255754299335613,0.3322758279868417,z-score
-0.6073753940601813,-0.3678820431442776,-0.20275914720618662,z-score
-0.22063084590057197,-0.29917032776768343,0.40870939587156,z-score
-0.32175212684138726,-0.5197349341265508,-0.47027663480270077,z-score
-0.19047186737436392,-0.4297225869832124,0.37049261192920085,z-score
0.16788775981940243,-0.4139188924465957,-0.1263255793214683,z-score
-0.9267057549259138,0.24502645801494247,1.0201779389493066,z-score
-0.09644681667500947,-0.1954156375490262,0.86731080317987,z-score
-0.17982752201217275,3.6146489800831216,1.096611506834025,z-score
0.928958453216065,-0.5750478650047092,-1.9607312085547082,z-score
0.4428666816760055,-0.8890604042757446,-1.9607312085547082,z-score
1.0424981370794366,-0.7110970614503657,-1.9607312085547082,z-score
-0.0254845142604022,-0.5595877290449753,-1.9607312085547082,z-score
0.9183141078538738,-0.6980418355288127,-1.9607312085547082,z-score
-0.9533166183313914,-0.4139188924465957,-1.9607312085547082,z-score
1.0212094463550543,-0.7214038187568547,-1.9607312085547082,z-score
1.2323222960385105,-0.5558085846992626,-1.9607312085547082,z-score
0.16079152957794185,-0.600471199694049,0.6762268834680741,z-score
0.3807746670632242,-0.41048330667776606,0.638010099525715,z-score
1.8940457660547232,-0.44106002002035044,0.40870939587156,z-score
-0.2880450331944488,-0.6293301201522185,-1.9607312085547082,z-score
0.339971343174825,0.8493459947520885,-1.9607312085547082,z-score
0.4233520485119886,-0.6629988606867497,-1.9607312085547082,z-score
-0.5310909189644785,-0.7169375572573761,-1.9607312085547082,z-score
0.8349334025167101,-0.7038823313358232,-1.9607312085547082,z-score
0.4712516026418484,-0.45617659740320116,0.40870939587156,z-score
-0.8504212798302109,-0.5472196202771885,0.638010099525715,z-score
-0.7723627471741429,0.1302778933360303,-0.7760109063415741,z-score
-0.5435093218870348,0.18181167986847593,0.9055275871222291,z-score
0.162565587138307,0.2017380773276882,0.86731080317987,z-score
-0.9018689490808012,0.25292830528325094,0.6762268834680741,z-score
-0.44771021362731506,-0.5733300721202943,-0.47027663480270077,z-score
-1.0757265899965889,-0.5540907918148479,-1.005311609995729,z-score
-1.0154086329441727,-0.5932564695795066,1.4405625623152574,z-score
0.002900406705440709,-0.4407164614434675,1.6698632659694124,z-score
-0.8344547617869243,0.034081491808798395,1.593429698084694,z-score
-0.8344547617869243,-0.5592441704680924,1.3641289944305393,z-score
0.48189594800403956,-0.46029930032579686,-0.2409759311485458,z-score
-0.3785219687730729,0.14951717364147674,-0.47027663480270077,z-score
-0.9817015392972342,-0.6317350301903993,-0.5849269866297783,z-score
-0.38916631413526415,0.08527171976436101,0.5615765316409966,z-score
-0.9710571939350433,-0.6544098962646755,-0.011675227494390806,z-score
0.30626424952788667,-0.4087655137933512,0.06475834039032753,z-score
-0.6180197394223724,0.760707881916282,1.5169961301999757,z-score
-0.7563962291308564,-0.6039067854628787,1.593429698084694,z-score
0.002900406705440709,0.09901406283967992,1.1730450747187433,z-score
-0.7705886896137778,-0.730679900332695,0.02654155644796836,z-score
0.1909505081041499,-0.5850110637343152,-0.2409759311485458,z-score
-0.5807645306547036,-0.5874159737724961,-0.2409759311485458,z-score
-0.14789448592559956,-0.5489374131616034,-0.011675227494390806,z-score
0.08273299692187401,-0.7719069295586515,-0.1263255793214683,z-score
0.008222579386536451,-0.7090357099890677,-0.1263255793214683,z-score
0.12885849349136866,-0.2507285684271845,0.06475834039032753,z-score
-0.5009319404382705,0.7771986936066645,1.7462968338541307,z-score
0.06499242131822196,-0.46785758901722213,1.287695426545821,z-score
-0.17982752201217275,0.6844378778482625,1.4405625623152574,z-score
-1.1981365616617863,0.6445850829298377,1.4405625623152574,z-score
-0.27385257271152735,-0.40567348660140445,1.4405625623152574,z-score
-0.48319136483461855,-0.41907227109984035,1.32591221048818,z-score
-0.8929986612789753,-0.42456920832996786,1.2494786426034616,z-score
-0.7954254954588904,-0.22083897223836613,-0.20275914720618662,z-score
-0.9852496544179647,-0.7883977412490342,-0.39384306691798243,z-score
-0.5133503433608266,-0.29745253488326856,0.25584226010212335,z-score
0.23352788955291426,3.362476984651021,-0.1263255793214683,z-score
-0.48851353751571414,0.1976153744050926,0.638010099525715,z-score
-0.555927724809591,3.8489559295173077,0.37049261192920085,z-score
-0.19224592493472906,-0.17274077147475012,0.6762268834680741,z-score
-0.8592915676320368,-0.43762443425152076,0.9819611550069475,z-score
-0.027258571820767342,0.11997113602954101,0.4469261798139192,z-score
0.10579574520662118,0.12581163183655159,0.638010099525715,z-score
-0.9196095246844529,0.12100181176018997,0.5997933155833558,z-score
0.5351176748149948,1.283947594509047,0.5615765316409966,z-score
-0.3927144292559944,0.07187293526592524,-0.8142276902839333,z-score
0.08095893936150855,4.249888788739735,0.02654155644796836,z-score
-0.7563962291308564,-0.5369128629706994,0.9819611550069475,z-score
-0.6410824877071197,4.303483926733478,0.5233597476986375,z-score
-0.6996263871991707,3.962673818465571,-0.8142276902839333,z-score
-1.0260529783063639,3.663434298000504,0.06475834039032753,z-score
0.517377099211343,-0.5485938545847204,-0.20275914720618662,z-score
-0.8078438983814465,-0.25382059561913123,-0.31740949903326415,z-score
-0.781233034975969,-0.46957538190163706,0.06475834039032753,z-score
-0.8450991071491153,-0.5458453859696566,-0.5467102026874191,z-score
-0.27385257271152735,-0.4115139824084149,-0.04989201143674997,z-score
-0.6943042145180751,-0.3218451938419595,-0.5467102026874191,z-score
-0.018388284018941315,4.294207845157638,-1.0435283939380882,z-score
-0.64463060282785,1.2736408372025574,0.9437443710645883,z-score
-0.9213835822448181,-0.5826061536961344,1.1348282907763843,z-score
-0.8273585315454636,0.09901406283967992,0.5233597476986375,z-score
0.07386270912004798,4.205569732321832,0.40870939587156,z-score
-0.47786919215352314,0.21238839321106037,0.9055275871222291,z-score
0.2867496163638695,1.5780337363208696,-1.9607312085547082,z-score
-0.16563506152925128,1.6652976148491445,-1.9607312085547082,z-score
1.0158872736739588,1.518598102520116,-1.9607312085547082,z-score
0.21223919882853193,0.16806933679315714,-1.0435283939380882,z-score
-0.5275428038437481,-0.5599312876218585,0.7908772352951516,z-score
-0.9462203880899307,4.095287429142398,0.9437443710645883,z-score
-0.45480644386877583,0.11825334314512626,1.096611506834025,z-score
-0.3323964722035783,-0.5568392604299116,0.2940590440444825,z-score
0.2796533861224089,1.2980334961612487,0.7144436674104333,z-score
0.21578731394926254,0.21548042040300697,-0.8142276902839333,z-score
-1.0242789207459986,-0.56474110769822,-0.08810879537910914,z-score
-1.03847138122892,-0.6045939026166446,-0.5467102026874191,z-score
-1.128948316807544,-0.3438329427624697,-0.5467102026874191,z-score
-0.8592915676320368,-0.46923182332475405,0.40870939587156,z-score
-0.486739479955349,-0.305010823574694,-0.6231437705721374,z-score
-0.5346390340852087,-0.5819190365423685,-0.08810879537910914,z-score
-0.6535008906296759,-0.31703537376559787,0.4469261798139192,z-score
-0.9834755968575994,-0.7829008040189066,-0.3556262829756233,z-score
-0.25256388198714513,-0.6911706639911532,0.2940590440444825,z-score
0.12885849349136866,-0.7749989567505983,0.37049261192920085,z-score
0.02596315499018819,-0.411170423831532,1.7080800499117716,z-score
-1.1147558563246227,-0.5589006118912095,1.822730401738849,z-score
-0.44061398338585434,0.0550385649986596,1.1348282907763843,z-score
-0.8929986612789753,-0.4740416434011157,1.4023457783728983,z-score
-0.722689135483918,0.5724377817844138,1.822730401738849,z-score
-0.5346390340852087,0.17597118406146536,0.86731080317987,z-score
2.4830328760959626,-0.14800455393917625,0.5233597476986375,z-score
0.06321836375785682,0.6116034595490726,0.48514296375627836,z-score
1.9437193777449477,-0.44002934428970153,0.25584226010212335,z-score
0.31868265245044297,0.594081972128041,0.14119190827504585,z-score
0.24772035003583573,3.894649220242743,-0.04989201143674997,z-score
0.15192124177611582,0.1976153744050926,1.058394722891666,z-score
0.45705914215892696,0.2062043388271669,-1.0435283939380882,z-score
-1.2194252523861684,1.1537388938704007,-0.4320598508603416,z-score
-0.3785219687730729,0.25258474670636805,0.48514296375627836,z-score
-1.0845968777984145,-0.5750478650047092,-0.16454236326382746,z-score
-0.7865552076570643,-0.599784082540283,-0.04989201143674997,z-score
-0.9178354671240877,-0.38231150337336245,-0.47027663480270077,z-score
-0.39448848681635956,-0.5111459697044766,-0.279192715090905,z-score
-0.19579404005545933,-0.34589429422376744,-0.1263255793214683,z-score
-0.4423880409462195,-0.37853235902764976,-0.4320598508603416,z-score
-0.6676933511125973,-0.34074091557052294,-0.31740949903326415,z-score
0.06676647887858742,0.03579928469321327,0.6762268834680741,z-score
-0.9834755968575994,-0.4592686245951479,0.10297512433268668,z-score
-0.5151244009211919,0.14367667783446617,0.3322758279868417,z-score
-0.3661035658505168,-0.4163238024847765,0.10297512433268668,z-score
-0.22417896102130225,-0.4654526789790414,0.02654155644796836,z-score
-0.763492459372317,0.5775911604376583,1.4023457783728983,z-score
-0.1337020254426781,0.1127564059149987,1.32591221048818,z-score
-0.25788605466824077,0.6143519281641362,1.32591221048818,z-score
-1.1910403314203255,-0.5585570533143265,1.6316464820270533,z-score
-0.15853883128779056,0.15776257948666786,1.058394722891666,z-score
-0.046773204984784225,-0.5685202520439328,1.2112618586611026,z-score
-1.1236261441264488,-0.6049374611935275,1.0201779389493066,z-score
-0.3057856087981005,-0.4757594362855305,1.5169961301999757,z-score
-1.157333237773387,-0.47301096767046674,1.822730401738849,z-score
-0.5062541131193659,-0.4029250179863406,1.32591221048818,z-score
-1.0136345753838074,-0.25141568558095045,0.4469261798139192,z-score
-0.7759108622948734,-0.4084219552164682,-0.6613605545144966,z-score
-0.8610656251924019,-0.5245447542029124,0.2176254761597642,z-score
-0.8167141861832724,-0.3335261854559805,-0.6231437705721374,z-score
0.5635025957808377,1.2135180862480377,-0.8906612581686516,z-score
0.015318809627997022,0.1697871296775719,0.7526604513527925,z-score
-0.7351075384064741,1.2142052034018038,0.638010099525715,z-score
-0.5577017823699562,1.306622460583323,0.5233597476986375,z-score
0.20159485346634107,1.445763684220926,0.10297512433268668,z-score
-1.068630359755128,-0.566115342005752,-1.005311609995729,z-score
0.20869108370780165,-0.5798576850810707,0.5615765316409966,z-score
0.13240660861209894,0.13199568622044505,-0.3556262829756233,z-score
0.049025903274935355,0.14127176779628536,0.9055275871222291,z-score
-0.8042957832607163,1.2602420527041216,-1.005311609995729,z-score
-0.43529181070475875,1.152364659562869,0.5615765316409966,z-score
-0.6393084301467544,3.8290295320580956,-0.5467102026874191,z-score
-0.2809488029529881,-0.5626797562369222,0.9437443710645883,z-score
-0.5896348184565294,1.2791377744326853,-0.7760109063415741,z-score
-0.9515425607710261,0.1691000125238061,0.37049261192920085,z-score
2.7172084740641664,-0.5513423231997843,1.4023457783728983,z-score
0.2743312134413135,-0.3939924949873834,1.3641289944305393,z-score
2.6214093658044466,0.17975032840717803,1.4023457783728983,z-score
2.6586645745721156,-0.5671460177364008,1.2494786426034616,z-score
0.38964495486504996,0.7627692333775797,-1.9607312085547082,z-score
1.833727809002307,1.659800677619017,-1.9607312085547082,z-score
2.2985308898179837,0.6816894092331985,-1.9607312085547082,z-score
-0.2064383854176505,0.3161430834297175,-1.9607312085547082,z-score
0.049025903274935355,-0.6176491285381976,-1.9607312085547082,z-score
0.6078540347899672,1.3650274186534281,-1.9607312085547082,z-score
-0.7901033227777948,0.2271614120170281,0.14119190827504585,z-score
0.2388500622340097,4.208661759513778,-0.6613605545144966,z-score
-0.26320822734933635,0.20551722167340084,0.2940590440444825,z-score
-1.1874922162995953,1.1314075863730078,0.25584226010212335,z-score
-1.235391770429455,0.1539834351409552,1.0201779389493066,z-score
0.0543480759560311,-0.5458453859696566,-1.1199619618228065,z-score
2.667534862373942,1.526499949788424,-1.9607312085547082,z-score
0.7710673303435638,0.2749160542037611,-1.9607312085547082,z-score
2.3943299980777035,0.7363152229575911,-1.9607312085547082,z-score
0.3506156885370162,-0.5839803880036664,0.86731080317987,z-score
0.7923560210679461,-0.5685202520439328,0.2940590440444825,z-score
0.034833442792013905,0.09111221557137157,-0.20275914720618662,z-score
-1.166203525575213,0.1584496966404339,-0.7377941223992149,z-score
1.0158872736739588,-0.3943360535642664,0.2940590440444825,z-score
-0.25078982442678,-0.17617635724357986,-0.5084934187450599,z-score
0.41270770314979743,0.16325951671679553,0.40870939587156,z-score
0.842029632758171,-0.46923182332475405,-1.1199619618228065,z-score
-0.13192796788231295,-0.6382626431511758,-0.8906612581686516,z-score
0.928958453216065,-0.6337963816516972,-0.8142276902839333,z-score
-0.9391241578484699,-0.4534281287881374,0.10297512433268668,z-score
0.11998820568954263,-0.5509987646229011,0.37049261192920085,z-score
-0.7670405744930475,-0.5558085846992626,-0.31740949903326415,z-score
0.2920717890449652,0.1172226674144773,0.5233597476986375,z-score
1.1294269575373301,-0.41494956817724465,-0.31740949903326415,z-score
-0.7280113081650135,-0.5506552060460181,0.7526604513527925,z-score
0.4410926241156403,-0.3884955577572559,-1.9607312085547082,z-score
0.9236362805349692,-0.7220909359106208,-1.9607312085547082,z-score
-0.6233419121034678,-0.7289621074482802,-1.9607312085547082,z-score
-0.45480644386877583,-0.7279314317176312,-1.9607312085547082,z-score
1.0566905975623577,-0.8777229712386065,-1.9607312085547082,z-score
0.8934773020087611,0.07805698964981872,0.5997933155833558,z-score
0.9768580073459247,-0.4218207397149041,0.17940869221740502,z-score
0.6326908406350799,-0.5516858817766671,0.2176254761597642,z-score
-0.059191607907340536,-0.446556957250478,-0.5849269866297783,z-score
0.5014105811680565,-0.4548023630956693,-0.7760109063415741,z-score
-1.2229733675068988,-0.4379679928284037,-0.5849269866297783,z-score
2.007585449918094,-0.8560787808949794,0.7144436674104333,z-score
3.1837856124402086,-0.8495511679342028,1.058394722891666,z-score
0.517377099211343,0.19143132002119914,0.7144436674104333,z-score
0.38432278218395455,0.14092820921940247,1.4023457783728983,z-score
2.096288327936353,-0.7165939986804932,-0.20275914720618662,z-score
4.358211717401958,0.13646194771992376,0.4469261798139192,z-score
4.258864494021508,-0.0507774766812954,1.0201779389493066,z-score
1.37247284330736,-0.15384504974618668,0.8290940192375108,z-score
2.7970410642806,0.07771343107293568,0.5997933155833558,z-score
3.0454091227317246,-0.4520538944806055,0.86731080317987,z-score
1.3387657496604213,0.15535766944848706,0.3322758279868417,z-score
2.1175770186607354,-0.5482502960078374,0.9819611550069475,z-score
0.11111791788771692,0.1357748305661577,1.1348282907763843,z-score
2.048388773806493,-0.5606184047756243,0.17940869221740502,z-score
0.8278371722752496,-0.4166673610616595,1.1730450747187433,z-score
2.95138407203237,-0.5832932708499005,0.37049261192920085,z-score
2.671082977494672,0.41886709791772586,-1.9607312085547082,z-score
1.5073012178951133,0.36595907707774833,-1.9607312085547082,z-score
0.004674464265805851,0.3611492570013867,-1.9607312085547082,z-score
2.731400934547088,1.4272115210692453,-1.9607312085547082,z-score
-0.8823543159167843,1.683506219423942,-1.9607312085547082,z-score
2.827200042806808,1.4856164791393505,-1.9607312085547082,z-score
1.2979624257720224,-0.6681522393399942,-1.9607312085547082,z-score
-0.555927724809591,-0.5668024591595178,-1.9607312085547082,z-score
0.5138289840906127,-0.4297225869832124,-1.9607312085547082,z-score
0.8349334025167101,-0.6987289526825787,-1.9607312085547082,z-score
-0.5594758399303215,-0.730336341755812,-1.9607312085547082,z-score
0.15724341445721157,-0.5345079529325185,-1.9607312085547082,z-score
0.24949440759620087,-0.565084666275103,-1.9607312085547082,z-score
-0.5417352643266695,-0.7083485928353018,-1.9607312085547082,z-score
-0.26143416978897105,-0.6884221953760894,-1.9607312085547082,z-score
-0.29691532099627466,1.2598984941272389,0.40870939587156,z-score
-0.023710456700037057,4.343680280228786,-0.04989201143674997,z-score
-0.18514969469326834,1.2286346636308887,-0.9288780421110108,z-score
-0.9515425607710261,3.6964159213812686,0.5233597476986375,z-score
0.5031846387284216,3.769593898257341,0.5997933155833558,z-score
-0.6286640847845634,0.16841289537004003,0.7144436674104333,z-score
-0.5789904730943383,-0.5217962855878486,0.9819611550069475,z-score
0.09160328472369972,-0.5503116474691353,-1.9607312085547082,z-score
-0.8362288193472894,-0.8773794126617236,-1.9607312085547082,z-score
0.0383815579127445,-0.8863119356606808,-1.9607312085547082,z-score
-0.47609513459315783,-0.5767656578891239,-1.9607312085547082,z-score
-1.1076596260831622,-0.5942871453101556,-0.5084934187450599,z-score
1.0637868278038185,-0.46098641747956276,-0.6231437705721374,z-score
-0.8841283734771495,0.039921987615808834,-0.7377941223992149,z-score
-0.9142873520033574,0.08183613399553137,-0.7760109063415741,z-score
-0.5665720701717821,-0.56474110769822,0.06475834039032753,z-score
-0.7883292652174296,-0.43762443425152076,0.4469261798139192,z-score
0.002900406705440709,-0.5606184047756243,0.3322758279868417,z-score
-1.2016846767825164,0.04163978050022371,1.6316464820270533,z-score
-1.235391770429455,-0.399489432217511,1.822730401738849,z-score
0.07031459399931769,0.14779938075706173,1.2494786426034616,z-score
-1.0331492085478244,0.7304747271505805,1.5169961301999757,z-score
-1.1839441011788647,4.088759816181621,0.2176254761597642,z-score
0.04370373059383993,-0.5259189885104443,0.9437443710645883,z-score
1.0052429283117676,0.055382123575542626,1.3641289944305393,z-score
0.9733098922251944,0.08149257541864835,0.3322758279868417,z-score
1.0549165400019926,-0.7086921514121849,1.4405625623152574,z-score
2.644472114089194,-0.4122010995621808,0.7144436674104333,z-score
0.06144430619749167,0.10588523437733932,1.4023457783728983,z-score
1.8372759241230374,0.05332077211424472,1.4787793462576166,z-score
0.8278371722752496,-0.5908515595413258,0.5997933155833558,z-score
2.642698056528829,0.15673190375601892,0.14119190827504585,z-score
-1.0704044173154934,-0.6149006599231338,-0.08810879537910914,z-score
-0.319978069281022,-0.4723238505167008,0.4469261798139192,z-score
-0.07870624107135742,-0.21912117935395123,-0.8142276902839333,z-score
-0.8734840281149583,0.028928113155553877,-1.1199619618228065,z-score
-0.4991578828779053,-0.5606184047756243,-0.5849269866297783,z-score
-0.9462203880899307,-0.29985744492144933,-0.7377941223992149,z-score
-0.03258074450186277,-0.6028761097322298,-0.9670948260533699,z-score
0.7746154454642941,0.12890365902849843,0.5997933155833558,z-score
0.5865653440655851,-0.44209069575099935,0.638010099525715,z-score
1.7326065280614917,0.04644960057658533,0.06475834039032753,z-score
0.19449862322488018,0.09592203564773319,0.40870939587156,z-score
1.9011419962961837,-0.15590640120748459,-0.2409759311485458,z-score
0.7497786396191818,-0.44002934428970153,-1.9607312085547082,z-score
1.1152344970544086,-0.8852812599300319,-1.9607312085547082,z-score
-0.39626254437672487,-0.7286185488713971,-1.9607312085547082,z-score
-0.880580258356419,-0.31772249091936383,-0.5467102026874191,z-score
-0.575442357973608,-0.5430969173545929,-0.47027663480270077,z-score
-1.097015280720971,-0.27134208304016283,-0.04989201143674997,z-score
-0.2543379395475103,-0.3888391163341388,-0.47027663480270077,z-score
-0.28449691807371835,-0.5238576370491465,-0.6613605545144966,z-score
-0.3430408175657693,-0.40945263094711715,0.5233597476986375,z-score
-0.1745053493310773,-0.4764465534392964,0.5615765316409966,z-score
-1.0810487626776843,-0.42869191125256345,-0.08810879537910914,z-score
0.7373602366966254,0.19452334721314576,0.06475834039032753,z-score
-0.555927724809591,0.027210320271138996,0.17940869221740502,z-score
1.0460462522001668,-0.46991894047852,-0.1263255793214683,z-score
0.07031459399931769,0.7558980618399205,-1.9607312085547082,z-score
1.2908661955305616,-0.6224589486145591,-1.9607312085547082,z-score
-0.18514969469326834,0.7971250910658768,-1.9607312085547082,z-score
0.009996636946901593,-0.5465325031234225,1.2112618586611026,z-score
-0.683659869155884,0.7160452669214956,1.4787793462576166,z-score
-0.8929986612789753,-0.5520294403535501,1.7462968338541307,z-score
-0.7102707325613616,-0.46167353463332866,1.5169961301999757,z-score
0.31690859489007756,-0.8780665298154895,-1.9607312085547082,z-score
0.8881551293276657,-0.8777229712386065,-1.9607312085547082,z-score
0.1146660330084472,-0.8811585570074363,-1.9607312085547082,z-score
0.17675804762122846,3.4232868527593068,0.4469261798139192,z-score
-0.8238104164247333,-0.4359066413671059,0.9055275871222291,z-score
1.5055271603347484,1.497641029330255,-1.9607312085547082,z-score
-0.32352618440175246,-0.6255509758065059,-1.9607312085547082,z-score
2.862681194014111,0.21685465471053883,-1.9607312085547082,z-score
2.4954512790185186,0.8520944633671522,-1.9607312085547082,z-score
2.004037334797364,-0.6530356619571436,-1.9607312085547082,z-score
1.993392989435173,1.6714816692330376,-1.9607312085547082,z-score
-0.9870237119783298,0.6329040913158169,1.7462968338541307,z-score
-0.9533166183313914,-0.42422564975308485,1.555212914142335,z-score
-0.4317436955840283,-0.4740416434011157,1.1348282907763843,z-score
-1.0366973236685548,-0.4530845702112544,1.593429698084694,z-score
-0.6268900272241983,0.5775911604376583,1.1730450747187433,z-score
-0.7014004447595358,1.2526837640126962,0.8290940192375108,z-score
-0.13902419812377367,-0.566115342005752,0.17940869221740502,z-score
-0.958638791012487,3.809103134598883,0.4469261798139192,z-score
-0.832680704226559,-0.5564957018530288,0.9437443710645883,z-score
-0.2827228605133532,1.243064123859973,0.9055275871222291,z-score
0.22465760175108823,-0.552372998930433,-1.1199619618228065,z-score
-1.2708729216367587,0.21857244759495384,0.86731080317987,z-score
-1.0597600719533022,-0.529698132856157,-1.0435283939380882,z-score
-0.7528481140101261,-0.5455018273927736,-0.5849269866297783,z-score
-0.33417052976394346,0.12237604606772182,-0.3556262829756233,z-score
-0.958638791012487,0.1886828514061352,-1.005311609995729,z-score
-0.23659736394385855,-0.552372998930433,0.3322758279868417,z-score
-0.020162341579306457,1.3152114250053972,-0.279192715090905,z-score
-0.25788605466824077,-0.5843239465805493,0.06475834039032753,z-score
0.48544406312476984,-0.4365937585208718,0.4469261798139192,z-score
-1.0615341295136675,-0.6492565176114309,-0.39384306691798243,z-score
-1.010086460263077,-0.15315793259242075,0.10297512433268668,z-score
-0.7617184018119519,-0.43247105559827625,-0.6613605545144966,z-score
-0.7102707325613616,-0.4087655137933512,0.25584226010212335,z-score
-0.4015847170578203,-0.6149006599231338,0.06475834039032753,z-score
0.9573433741819078,-0.46373488609462654,-0.2409759311485458,z-score
0.1909505081041499,-0.6983853941056957,-1.9607312085547082,z-score
-0.07515812595062714,-0.4159802439078936,-1.9607312085547082,z-score
-0.7563962291308564,-0.5489374131616034,-1.9607312085547082,z-score
-0.733333480846109,-0.3788759176045327,-1.9607312085547082,z-score
-0.928479812486279,-0.4018943422556918,-1.9607312085547082,z-score
-0.4796432497138883,-0.8839070256225,-1.9607312085547082,z-score
-0.17627940689144245,-0.7289621074482802,-1.9607312085547082,z-score
-0.7599443442515867,-0.8821892327380851,-1.9607312085547082,z-score
0.20159485346634107,-0.3974280807562131,0.638010099525715,z-score
-0.43529181070475875,3.415385005490999,0.86731080317987,z-score
-0.046773204984784225,-0.1490352296698252,-0.08810879537910914,z-score
-0.039676974743323656,3.7781828626794156,-0.08810879537910914,z-score
0.15369529933648096,0.13714906487368955,0.3322758279868417,z-score
-1.0668563021947628,-0.19678987185655805,0.7908772352951516,z-score
-0.26143416978897105,-0.16724383424462258,0.4469261798139192,z-score
-0.162086946408521,-0.5595877290449753,-1.0435283939380882,z-score
-0.5736683004132429,-0.5695509277745816,0.25584226010212335,z-score
0.17143587494013302,-0.7049130070664722,0.2940590440444825,z-score
0.2388500622340097,-0.2648144700793863,-1.1581787457651658,z-score
0.022415039869457906,-0.7942382370560446,-0.011675227494390806,z-score
-0.06451378058843596,-0.29092492192249214,0.37049261192920085,z-score
0.21578731394926254,-0.7791216596731938,0.40870939587156,z-score
0.1306325510517338,0.2323147906702726,-1.9607312085547082,z-score
-0.5577017823699562,0.8129287856024935,-1.9607312085547082,z-score
2.6089909628818906,1.5326840041723178,-1.9607312085547082,z-score
0.47302566020221354,0.687873463617092,-1.9607312085547082,z-score
2.8680033666952065,0.891260141131811,-1.9607312085547082,z-score
1.5711672900682603,-0.623489624345208,-1.9607312085547082,z-score
-1.1254002016868139,1.1760702013677937,-0.9670948260533699,z-score
0.5776950562637592,0.09008153984072262,-0.31740949903326415,z-score
-0.6765636389144234,3.580636680971707,-1.1963955297075248,z-score
0.5014105811680565,-0.5819190365423685,-0.31740949903326415,z-score
0.07563676668041312,1.4584753515655962,-1.1963955297075248,z-score
-0.6410824877071197,0.2020816359045711,0.86731080317987,z-score
0.07741082424077826,0.22647429486326207,0.40870939587156,z-score
-0.2596601122286059,3.958894674119859,0.02654155644796836,z-score
-0.4902875950760793,0.10519811722357339,0.25584226010212335,z-score
-0.2348233063834934,3.811851603213947,0.9819611550069475,z-score
-0.6659192935522321,4.286993115043096,-0.31740949903326415,z-score
0.4162558182705277,0.14161532637316826,-1.005311609995729,z-score
-0.6996263871991707,1.2808555673171,0.37049261192920085,z-score
0.4996365236076913,-0.5448147102390076,1.287695426545821,z-score
0.44996291191746607,-0.5516858817766671,0.2176254761597642,z-score
0.18917645054378476,-0.5520294403535501,-0.6613605545144966,z-score
-0.3182040117206568,-0.5822625951192516,0.2940590440444825,z-score
-0.21885678834020683,-0.2115628906625258,-0.8524444742262924,z-score
-0.07693218351099228,-0.2387040182362806,0.3322758279868417,z-score
-0.958638791012487,0.09798338710903097,0.8290940192375108,z-score
-0.822036358864368,-0.4407164614434675,0.2940590440444825,z-score
-0.46722484679133197,-0.434188848482691,-0.011675227494390806,z-score
-0.4370658682651239,-0.6049374611935275,-0.31740949903326415,z-score
0.7799376181453898,-0.5812319193886026,-0.279192715090905,z-score
-1.0721784748758585,-0.5520294403535501,0.4469261798139192,z-score
0.7497786396191818,0.03854775330827698,-0.5467102026874191,z-score
0.5138289840906127,-0.8773794126617236,-1.9607312085547082,z-score
-0.3359445873243086,-0.3946796121411494,-1.9607312085547082,z-score
-0.21176055809874608,-0.7131584129116635,-1.9607312085547082,z-score
0.3594859763388419,-0.44758763298112686,-1.9607312085547082,z-score
1.1897449145897463,-0.6891093125298555,-1.9607312085547082,z-score
-0.7510740564497609,-0.41460600960036165,-1.9607312085547082,z-score
0.38964495486504996,-0.8825327913149681,-1.9607312085547082,z-score
-0.8362288193472894,-0.5798576850810707,0.25584226010212335,z-score
-0.7014004447595358,-0.26721938011756713,-0.16454236326382746,z-score
-0.3412667600054042,-0.5571828190067947,0.5997933155833558,z-score
-0.9479944456502958,-0.4747287605548816,0.48514296375627836,z-score
-0.24191953662495413,-0.5922257938488577,-0.39384306691798243,z-score
-0.9302538700466441,-0.31806604949624684,0.2176254761597642,z-score
-0.43883992582548903,-0.4321274970213932,1.287695426545821,z-score
0.06499242131822196,-0.5712687206589965,1.1730450747187433,z-score
-0.9905718270990602,0.05160297922982996,1.6316464820270533,z-score
-1.097015280720971,0.6961188694622834,1.058394722891666,z-score
0.017092867188362164,-0.4249127669068508,1.822730401738849,z-score
-0.9213835822448181,-0.41529312675412766,1.6698632659694124,z-score
-0.7883292652174296,-0.4321274970213932,1.287695426545821,z-score
-0.4796432497138883,-0.5430969173545929,1.4787793462576166,z-score
0.4836700055644047,1.1863769586742832,0.7526604513527925,z-score
-0.7901033227777948,4.164342703095875,-0.1263255793214683,z-score
0.24772035003583573,1.418622556647171,0.48514296375627836,z-score
-0.6144716243016419,3.6709925866919293,-1.0435283939380882,z-score
-0.38207008389380337,4.215876489628321,1.1348282907763843,z-score
-0.2756266302718925,0.09351712560955239,-0.2409759311485458,z-score
-1.017182690504538,-0.5259189885104443,1.2112618586611026,z-score
0.5120549265302476,3.616366772967537,0.86731080317987,z-score
0.18208022030232388,-0.43556308279022293,-1.9607312085547082,z-score
0.5581804230997423,-0.8766922955079577,-1.9607312085547082,z-score
-0.39803660193709,-0.8894039628526275,-1.9607312085547082,z-score
0.7178456035326085,-0.729992783178929,-1.9607312085547082,z-score
-0.048547262545149364,-0.6901399882605045,-1.9607312085547082,z-score
1.2039373750726676,-0.7052565656433551,-1.9607312085547082,z-score
-0.9373501002881048,-0.41907227109984035,-1.9607312085547082,z-score
0.6238205528332538,-0.8749745026235428,-1.9607312085547082,z-score
-0.2774006878322578,3.900833274626637,1.096611506834025,z-score
0.26368686807912234,4.030354858111516,0.7526604513527925,z-score
0.5901134591863154,-0.564053990544454,-1.0817451778804474,z-score
-0.26320822734933635,-0.6341399402285801,-0.6231437705721374,z-score
0.3470675734162856,0.08217969257241428,-0.9288780421110108,z-score
-0.9834755968575994,-0.8553916637412134,-0.5084934187450599,z-score
1.9171085143394704,-0.8443977892809583,0.48514296375627836,z-score
3.160722864155461,-0.7203731430262058,0.638010099525715,z-score
-0.3856181990145337,0.030989464616851658,0.5997933155833558,z-score
4.182580018925805,-0.09200450590725201,1.32591221048818,z-score
2.969124647636022,-0.8402750863583627,-0.2409759311485458,z-score
3.630848117652235,0.0756520796116379,-0.5467102026874191,z-score
3.6503627508162517,-0.8567658980487453,-0.4320598508603416,z-score
-1.0242789207459986,3.842428316556531,1.2494786426034616,z-score
-0.172731291770712,1.2509659711282815,0.06475834039032753,z-score
0.28852367392423495,3.6854220469210137,-0.31740949903326415,z-score
-0.9515425607710261,0.18284235559912487,1.1730450747187433,z-score
-1.0437935539100156,-0.5276367813948591,1.1348282907763843,z-score
0.1749839900608633,-0.5430969173545929,1.1730450747187433,z-score
-0.9852496544179647,1.471874136064032,-0.31740949903326415,z-score
-1.1591072953337522,4.256416401700512,0.40870939587156,z-score
-0.9071911217618965,-0.5702380449283475,-0.6613605545144966,z-score
-0.2277270761420327,4.060931571454101,0.7908772352951516,z-score
0.21401325638889707,-0.564053990544454,-0.47027663480270077,z-score
0.07563676668041312,0.0917993327251375,0.06475834039032753,z-score
0.8775107839654746,-0.12567324644178304,0.02654155644796836,z-score
0.5439879626168208,-0.8547045465874475,0.6762268834680741,z-score
-0.6801117540351537,-0.4135753338697128,0.2940590440444825,z-score
-1.1254002016868139,-0.25725618138796097,0.10297512433268668,z-score
-0.8078438983814465,-0.3015752378058642,0.2176254761597642,z-score
-0.42996963802366317,-0.5987534068096341,0.4469261798139192,z-score
-0.4902875950760793,-0.3895262334879049,0.5615765316409966,z-score
0.21578731394926254,-0.18407820451188822,0.40870939587156,z-score
-0.06273972302807082,-0.19232361035707946,-0.2409759311485458,z-score
0.16966181737976757,-0.6640295364173986,-0.5467102026874191,z-score
-0.23659736394385855,-0.1926671689339625,-0.3556262829756233,z-score
-0.9071911217618965,-0.4668269132865733,-0.9670948260533699,z-score
0.7249418337740691,-0.12086342636542156,-0.279192715090905,z-score
-0.26675634247006663,-0.2046917191248664,-0.3556262829756233,z-score
0.3275529402522687,-0.15144013970800588,-0.4320598508603416,z-score
1.0070169858721327,0.14470735356511513,0.5997933155833558,z-score
3.7550321468777965,0.19383623005937997,1.0201779389493066,z-score
0.1749839900608633,0.14092820921940247,1.096611506834025,z-score
-0.6801117540351537,-0.4706060576322859,0.9055275871222291,z-score
-0.04322508986405394,-0.4757594362855305,0.06475834039032753,z-score
-0.8752580856753234,0.03339437465503246,1.32591221048818,z-score
-0.6375343725863892,-0.5729865135434112,1.822730401738849,z-score
-0.36255545072978634,-0.39227470210296855,1.058394722891666,z-score
-0.07161001082989685,0.07359072815034,1.058394722891666,z-score
-0.17627940689144245,0.7504011246097928,1.6698632659694124,z-score
0.06144430619749167,-0.4654526789790414,1.7080800499117716,z-score
-0.5523796096888607,-0.40086366652504285,1.0201779389493066,z-score
-1.2495842309123766,0.1721920397157527,1.7080800499117716,z-score
-0.4140031199803766,0.1725355982926356,0.7526604513527925,z-score
-0.6481787179485804,1.4680949917183193,0.5997933155833558,z-score
0.1022476300858909,-0.5589006118912095,-0.3556262829756233,z-score
-0.6570490057504063,-0.15762419409189946,0.10297512433268668,z-score
-0.6517268330693107,-0.42903546982944646,1.0201779389493066,z-score
0.15192124177611582,3.9118271490868914,0.5233597476986375,z-score
-0.15144260104632984,-0.12739103932619794,0.06475834039032753,z-score
-0.7688146320534126,0.05606924072930855,0.2940590440444825,z-score
-0.05564349278661025,-0.6159313356537826,0.37049261192920085,z-score
0.4747997177625787,-0.6307043544597504,-0.8142276902839333,z-score
0.05789619107676138,0.04301401480775569,0.06475834039032753,z-score
-0.7581702866912217,0.5968304407431048,1.0201779389493066,z-score
-1.0437935539100156,0.09489135991708424,1.0201779389493066,z-score
-0.5488314945681303,0.14161532637316826,1.4405625623152574,z-score
-0.5541536672492259,-0.5668024591595178,1.2494786426034616,z-score
-0.09112464399391373,-0.5475631788540715,1.7080800499117716,z-score
-0.6588230633107715,-0.7155633229498443,-1.9607312085547082,z-score
-0.5967310486979902,-0.8821892327380851,-1.9607312085547082,z-score
-0.8894505461582448,-0.6884221953760894,-1.9607312085547082,z-score
-0.822036358864368,-0.6994160698363445,-1.9607312085547082,z-score
-0.7971995530192555,-0.7001031869901105,-1.9607312085547082,z-score
0.9626655468630032,-0.5547779089686139,-1.9607312085547082,z-score
0.496088408486961,-0.5231705198953805,-1.9607312085547082,z-score
0.5156030416509779,-0.5829497122730175,0.7144436674104333,z-score
0.10402168764625604,-0.4761029948624135,1.32591221048818,z-score
2.337560156146018,-0.5468760617003054,1.3641289944305393,z-score
2.1690246879113255,-0.42869191125256345,1.3641289944305393,z-score
-0.1745053493310773,3.3023542336965015,0.9437443710645883,z-score
-1.0313751509874594,-0.4613299760564457,1.058394722891666,z-score
0.002900406705440709,3.8582320110931483,0.14119190827504585,z-score
-0.38739225657489884,-0.126703922172432,0.9055275871222291,z-score
0.18208022030232388,-0.14628676105476135,0.86731080317987,z-score
-0.7209150779235528,-0.8801278812767873,-1.9607312085547082,z-score
-0.8096179559418119,-0.5733300721202943,-1.9607312085547082,z-score
-0.7670405744930475,-0.5826061536961344,-1.9607312085547082,z-score
-0.40690688973891587,-0.7093792685659508,-1.9607312085547082,z-score
-1.0899190504795104,-0.7262136388332163,-1.9607312085547082,z-score
-1.0881449929191451,-0.7155633229498443,-1.9607312085547082,z-score
1.2216779506763198,-0.40120722510192586,-1.9607312085547082,z-score
-1.03847138122892,-0.70697435852777,-1.9607312085547082,z-score
1.27667373504764,-0.4317839384445102,-1.9607312085547082,z-score
-0.4104550048596463,-0.696324042644398,-1.9607312085547082,z-score
-0.8788062007960539,-0.3105077608048215,-0.3556262829756233,z-score
-0.28627097563408366,-0.5802012436579537,0.3322758279868417,z-score
-0.4335177531443936,-0.46579623755592436,-0.6231437705721374,z-score
-1.098789338281336,-0.3215016352650766,-0.011675227494390806,z-score
-1.0225048631856333,-0.5468760617003054,-0.31740949903326415,z-score
-0.2543379395475103,-0.34520717707000154,-0.1263255793214683,z-score
-0.8202623013040029,-0.47026249905540296,-0.47027663480270077,z-score
-0.3306224146432132,-0.27958748888535406,-0.47027663480270077,z-score
-0.4370658682651239,-0.5451582688158906,-0.8906612581686516,z-score
-0.3678776234108819,-0.6032196683091128,0.2176254761597642,z-score
-0.6126975667412768,-0.7145326472191953,-0.3556262829756233,z-score
-0.5789904730943383,-0.2229003236996639,0.02654155644796836,z-score
0.18385427786268901,-0.7279314317176312,-0.20275914720618662,z-score
-0.17627940689144245,-0.23801690108251466,-0.16454236326382746,z-score
-0.13902419812377367,-0.5808883608117197,-0.20275914720618662,z-score
-0.30933372391883096,-0.26687582154068423,-0.7760109063415741,z-score
-0.7563962291308564,-0.24454451404329103,0.48514296375627836,z-score
-0.7173669628028224,-0.5657717834288689,-0.31740949903326415,z-score
-0.41222906242001145,-0.588103090926262,-0.279192715090905,z-score
0.9342806258971603,0.07187293526592524,-0.08810879537910914,z-score
-0.5736683004132429,-0.8437106721271924,1.058394722891666,z-score
-0.3057856087981005,-0.3287163653796189,-0.47027663480270077,z-score
-0.928479812486279,-0.5709251620821134,0.2940590440444825,z-score
-0.7652665169326823,-0.3884955577572559,0.5997933155833558,z-score
-1.1307223743679093,-0.36479001595233085,0.14119190827504585,z-score
-0.7794589774156037,-0.5300416914330399,0.638010099525715,z-score
-0.8149401286229073,-0.5217962855878486,-0.47027663480270077,z-score
-0.24546765174568444,-0.529354574279274,-0.47027663480270077,z-score
-0.5293168614041134,-0.26550158723315226,0.40870939587156,z-score
0.8171928269130584,0.5779347190145415,0.14119190827504585,z-score
0.18030616274195874,-0.1215505435191875,0.9437443710645883,z-score
-0.15144260104632984,0.7095176539607193,0.9055275871222291,z-score
0.0383815579127445,0.7555545032630373,0.86731080317987,z-score
1.5143974481365745,0.5751862503994776,-0.31740949903326415,z-score
1.0957198638903918,0.7112354468451341,0.06475834039032753,z-score
1.461175721325619,0.6363396770846464,0.5615765316409966,z-score
0.7675192152228335,-0.44002934428970153,-1.9607312085547082,z-score
-0.949768503210661,-0.4067041623320534,-1.9607312085547082,z-score
-0.16031288884815587,-0.5499680888922522,-1.9607312085547082,z-score
1.2518369292025278,-0.8876861699682127,-1.9607312085547082,z-score
0.7036531430496871,-0.884937701353149,-1.9607312085547082,z-score
-0.49738382531754,1.2763893058176212,0.7526604513527925,z-score
-1.2566804611538371,3.9760726029640074,1.2112618586611026,z-score
0.3257788826919036,-0.5832932708499005,-0.279192715090905,z-score
0.08805516960296944,1.421714583839118,0.14119190827504585,z-score
0.036607500352379044,0.2158239789798901,-0.7377941223992149,z-score
-0.0574175503469754,-0.5496245303153693,-1.1199619618228065,z-score
0.575920998703394,-0.5242011956260294,-0.47027663480270077,z-score
0.0986995149651606,0.5817138633602541,-0.16454236326382746,z-score
1.1649081087446338,-0.45033610159619064,-0.08810879537910914,z-score
-0.13902419812377367,-0.4596121831720309,-0.31740949903326415,z-score
-0.5133503433608266,0.14436379498823199,1.6698632659694124,z-score
-1.1183039714453533,-0.5777963336197729,1.4787793462576166,z-score
0.21401325638889707,0.08149257541864835,0.6762268834680741,z-score
-0.3767479112127078,-0.4389986685590526,-0.9288780421110108,z-score
0.07918488180114341,-0.46785758901722213,-0.16454236326382746,z-score
-0.8539693949509414,-0.6152442185000168,-0.9670948260533699,z-score
-0.32175212684138726,0.13440059625862585,-0.6613605545144966,z-score
-0.23127519126276297,-0.44758763298112686,1.7462968338541307,z-score
-0.7315594232857439,-0.4647655618252754,1.32591221048818,z-score
-0.24191953662495413,-0.5973791725021022,1.2112618586611026,z-score
-1.0207308056252682,0.05950482649813819,1.5169961301999757,z-score
-1.2211993099465335,0.7751373421453667,1.1348282907763843,z-score
-0.26320822734933635,0.6507691373137312,1.2112618586611026,z-score
-0.869935912994228,0.07633919676540384,1.4405625623152574,z-score
-0.3004634361170051,-0.43315817275204216,0.5615765316409966,z-score
1.2110336053141286,0.08080545826488242,0.25584226010212335,z-score
-0.5506055521284954,-0.4455262815198291,0.6762268834680741,z-score
1.117008554614774,-0.13460576944074035,0.6762268834680741,z-score
0.11289197544808206,0.5611003487472759,-0.04989201143674997,z-score
-0.23659736394385855,-0.4032685765632237,-0.04989201143674997,z-score
0.5386657899357251,-0.4726674090935838,0.3322758279868417,z-score
0.7178456035326085,0.11928401887577521,0.4469261798139192,z-score
-0.28981909075481394,-0.5850110637343152,1.058394722891666,z-score
-0.9231576398051833,-0.4042992522938726,1.555212914142335,z-score
0.02596315499018819,-0.4304097041369783,1.4023457783728983,z-score
-0.09822087423537462,-0.7138455300654294,0.40870939587156,z-score
-0.35900733560905607,-0.7945817956329276,-0.39384306691798243,z-score
-0.16563506152925128,-0.316691815188715,-0.39384306691798243,z-score
-0.1177355073993915,-0.6049374611935275,0.02654155644796836,z-score
0.07741082424077826,-0.7310234589095779,0.17940869221740502,z-score
-0.781233034975969,-0.3153175808811831,0.3322758279868417,z-score
-0.4441620985065846,-0.7832443625957894,-0.04989201143674997,z-score
-0.8734840281149583,-0.375440331835703,0.17940869221740502,z-score
-0.32352618440175246,-0.30913352649728953,0.17940869221740502,z-score
-0.6765636389144234,-0.49396804086032803,0.5997933155833558,z-score
-0.5772164155339732,-0.5905080009644428,-0.39384306691798243,z-score
-0.31465589659992654,-0.5169864655114871,-0.279192715090905,z-score
-0.8397769344680199,-0.35894952014532044,0.40870939587156,z-score
-0.3607813931694212,-0.40532992802452145,0.3322758279868417,z-score
-0.5718942428528776,-0.5606184047756243,-0.5467102026874191,z-score
-0.6747895813540581,-0.43384528990580806,0.14119190827504585,z-score
0.23352788955291426,0.12271960464460496,-0.5467102026874191,z-score
0.047251845714570216,-0.4262870012143826,-1.0817451778804474,z-score
0.803000366430137,-0.6152442185000168,-0.5467102026874191,z-score
-0.4938357101968097,-0.6416982289200054,0.2940590440444825,z-score
0.6752682220838442,-0.41048330667776606,0.2940590440444825,z-score
-1.2265214826276292,1.1320947035267734,-1.0817451778804474,z-score
0.09515139984443001,-0.5300416914330399,-0.011675227494390806,z-score
-0.05564349278661025,1.2355058351685477,-0.04989201143674997,z-score
-1.1058855685227968,0.23643749359286817,0.4469261798139192,z-score
-0.1833756371329032,-0.5468760617003054,0.7526604513527925,z-score
-1.1484629499715613,-0.5623361976600392,1.4023457783728983,z-score
-1.2797432094385846,-0.40086366652504285,1.4023457783728983,z-score
-0.6588230633107715,-0.5554650261223798,1.4787793462576166,z-score
-0.22417896102130225,-0.5678331348901667,1.3641289944305393,z-score
-0.44771021362731506,-0.5747043064278262,1.1348282907763843,z-score
-0.8362288193472894,0.11516131595317965,1.058394722891666,z-score
-0.7404297110875697,-0.4427778129047653,1.555212914142335,z-score
-0.6286640847845634,-0.399489432217511,1.0201779389493066,z-score
-0.46012861654987125,0.09008153984072262,1.4023457783728983,z-score
0.29384584660533036,-0.5441275930852417,0.2176254761597642,z-score
-1.0562119568325719,1.4739354875253294,-0.7377941223992149,z-score
-1.068630359755128,-0.3843728548346602,-0.04989201143674997,z-score
-0.2951412634359095,-0.3668513674136288,-0.6613605545144966,z-score
-0.4991578828779053,-0.5994405239634001,-0.04989201143674997,z-score
-1.0207308056252682,-0.5197349341265508,-0.6613605545144966,z-score
-0.9160614095637226,-0.24901077554276962,0.3322758279868417,z-score
-0.42996963802366317,-0.49396804086032803,-0.16454236326382746,z-score
-1.0899190504795104,-0.31840960807312985,-0.04989201143674997,z-score
-1.068630359755128,-0.5066797082049979,-0.011675227494390806,z-score
-0.35191110536759534,0.6744746791186561,1.1730450747187433,z-score
0.041929673033474786,-0.4675140304403392,1.2494786426034616,z-score
-0.7475259413290305,-0.446213398673595,1.4023457783728983,z-score
-1.1094336836435272,0.18456014848353963,1.096611506834025,z-score
-1.2034587343428818,-0.4063606037551704,1.7080800499117716,z-score
-0.32352618440175246,0.6998980138079961,1.287695426545821,z-score
-0.7883292652174296,-0.5558085846992626,1.2112618586611026,z-score
0.15014718421575068,0.23094055636274077,1.058394722891666,z-score
-0.2064383854176505,-0.5290110157023911,-1.1581787457651658,z-score
-1.128948316807544,4.1523181529049715,-1.1581787457651658,z-score
-0.40513283217855073,-0.5465325031234225,0.40870939587156,z-score
-1.1591072953337522,0.24433934086117665,1.1730450747187433,z-score
-0.04499914742441908,4.160907117327046,0.17940869221740502,z-score
-0.6233419121034678,0.1350877134123919,-0.20275914720618662,z-score
0.5067327538491518,0.18181167986847593,0.7908772352951516,z-score
-0.49560976775717486,-0.4438084886354142,-0.011675227494390806,z-score
1.4203723974372198,0.7926588295663983,-0.08810879537910914,z-score
-0.6180197394223724,0.10932082014616908,0.6762268834680741,z-score
1.521493678378035,-0.4304097041369783,0.5615765316409966,z-score
0.4410926241156403,-0.47369808482423265,0.6762268834680741,z-score
2.578831984355683,0.15948037237108287,1.4405625623152574,z-score
-0.06451378058843596,-0.6935755740293341,0.6762268834680741,z-score
3.6840698444631896,0.06568888088203166,1.4787793462576166,z-score
2.8892920574195897,-0.44964898444242474,0.40870939587156,z-score
-0.4246474653425676,-0.41529312675412766,0.10297512433268668,z-score
-0.958638791012487,-0.30363658926716214,-0.39384306691798243,z-score
-0.8894505461582448,-0.3142869051505342,0.2940590440444825,z-score
-0.8007476681399859,-0.5444711516621247,-0.011675227494390806,z-score
-0.8131660710625421,-0.5850110637343152,0.5997933155833558,z-score
-1.1058855685227968,-0.35757528583778847,-0.011675227494390806,z-score
-0.5665720701717821,-0.4135753338697128,0.02654155644796836,z-score
-0.9338019851673743,-0.5235140784722635,0.10297512433268668,z-score
1.0442721946398017,-0.6506307519189627,-1.9607312085547082,z-score
2.6214093658044466,0.9170270343980337,-1.9607312085547082,z-score
2.7260787618659923,-0.6169620113844315,-1.9607312085547082,z-score
0.554632307979012,0.32335781354425985,-1.9607312085547082,z-score
-0.9870237119783298,1.444389449913394,-1.9607312085547082,z-score
1.8301796938815762,-0.647538724727016,-1.9607312085547082,z-score
0.9466990288197167,-0.5836368294267834,0.5997933155833558,z-score
-0.34658893268649976,-0.446556957250478,-0.20275914720618662,z-score
0.49431435092659554,-0.5018698881286363,-0.011675227494390806,z-score
-0.5701201852925124,-0.5626797562369222,0.5233597476986375,z-score
0.40028930022724113,-0.42869191125256345,-0.5849269866297783,z-score
-0.3927144292559944,-0.5029005638592853,-0.279192715090905,z-score
-1.164429468014848,-0.7045694484895891,0.25584226010212335,z-score
-0.06983595326953171,-0.5812319193886026,-0.8524444742262924,z-score
-0.32707429952248274,-0.7942382370560446,0.02654155644796836,z-score
0.08982922716333458,-0.7320541346402268,-0.5467102026874191,z-score
-0.7741368047345082,3.7809313312944797,1.1348282907763843,z-score
-1.0508897841514764,0.15741902090978496,1.096611506834025,z-score
-0.6517268330693107,0.0801183411111165,0.9055275871222291,z-score
-0.7936514378985251,-0.10437261467503894,0.638010099525715,z-score
-0.9781534241765039,-0.3431458256087037,-0.47027663480270077,z-score
-0.7475259413290305,-0.5358821872400504,-0.16454236326382746,z-score
-0.5825385882150688,-0.5582134947374435,0.17940869221740502,z-score
-0.3164299541602917,-0.340053798416757,0.5233597476986375,z-score
-1.1076596260831622,-0.599096965386517,0.25584226010212335,z-score
-0.6730155237936929,-0.37853235902764976,-0.5084934187450599,z-score
-0.555927724809591,-0.3943360535642664,0.638010099525715,z-score
-0.19579404005545933,-0.411170423831532,-0.39384306691798243,z-score
-0.19756809761582464,-0.7196860258724399,-0.011675227494390806,z-score
0.16966181737976757,-0.5729865135434112,-1.0817451778804474,z-score
-0.4459361560669498,1.235162276591665,0.6762268834680741,z-score
-0.3536851629279605,-0.5448147102390076,1.1730450747187433,z-score
3.6468146356955207,-0.4606428589026798,0.5997933155833558,z-score
-0.35723327804869076,-0.5698944863514647,0.9055275871222291,z-score
3.0294426046884384,-0.39571028787179835,0.25584226010212335,z-score
0.07918488180114341,-0.4572072731338501,0.40870939587156,z-score
0.2991680192864258,-0.7262136388332163,0.7526604513527925,z-score
3.1536266339140004,0.03270725750126654,1.1730450747187433,z-score
3.7887392405247358,0.12993433475914737,0.5997933155833558,z-score
0.30271613440715606,-0.5602748461987413,0.14119190827504585,z-score
-0.3004634361170051,-0.4747287605548816,0.4469261798139192,z-score
-1.03847138122892,-0.47198029193981783,0.5615765316409966,z-score
0.73203806401553,0.056412799306191454,-0.5084934187450599,z-score
1.0105651009928631,-0.41907227109984035,0.5615765316409966,z-score
-0.6535008906296759,-0.5863852980418471,-0.4320598508603416,z-score
-0.6109235091809117,-0.5609619633525074,-0.2409759311485458,z-score
-0.3785219687730729,-0.30947708507417254,0.2940590440444825,z-score
-0.11950956495975663,-0.2431702797357592,0.17940869221740502,z-score
-0.5257687462833829,-0.7829008040189066,0.25584226010212335,z-score
-1.1112077412038923,-0.6908271054142703,-1.1199619618228065,z-score
-0.007743938656750461,-0.5918822352719748,-1.005311609995729,z-score
-0.5630239550510517,-0.21705982789265332,-0.04989201143674997,z-score
-0.733333480846109,-0.7286185488713971,-1.9607312085547082,z-score
0.625594610393619,-0.5829497122730175,-1.9607312085547082,z-score
-0.8752580856753234,-0.8887168456988616,-1.9607312085547082,z-score
-0.9089651793222618,-0.8873426113913297,-1.9607312085547082,z-score
-0.3288483570828479,0.23334546640092158,1.0201779389493066,z-score
0.22465760175108823,0.10725946868487117,0.3322758279868417,z-score
0.05257401839566596,-0.22599235089161063,1.058394722891666,z-score
-0.1337020254426781,3.6500355135020675,-0.011675227494390806,z-score
0.009996636946901593,1.4691256674489683,-1.9607312085547082,z-score
2.6657608048135764,1.517223868212584,-1.9607312085547082,z-score
-0.2224049034609371,-0.6282994444215695,-1.9607312085547082,z-score
2.516739969742901,0.39791002472786463,-1.9607312085547082,z-score
-0.2809488029529881,-0.6365448502667609,-1.9607312085547082,z-score
2.296756832257619,0.9445117205486713,-1.9607312085547082,z-score
0.4357704514345446,1.469812784602734,-1.9607312085547082,z-score
1.9366231475034872,1.525469274057775,-1.9607312085547082,z-score
-0.8983208339600709,-0.6365448502667609,-1.9607312085547082,z-score
1.400857764273203,0.7785729279141964,-1.9607312085547082,z-score
-1.0899190504795104,-0.5444711516621247,1.1348282907763843,z-score
-0.13192796788231295,-0.5262625470873272,-0.6613605545144966,z-score
0.5617285382204725,3.7318024548002144,-0.9288780421110108,z-score
-0.5789904730943383,1.2190150234781654,-0.8142276902839333,z-score
-0.9355760427277395,-0.5664589005826348,1.0201779389493066,z-score
-0.17627940689144245,3.969544990003231,-0.1263255793214683,z-score
-0.05209537766587997,-0.5606184047756243,0.6762268834680741,z-score
-0.6162456818620071,-0.5224834027416145,0.02654155644796836,z-score
-0.20111621273655492,-0.3287163653796189,0.2176254761597642,z-score
-0.6978523296388054,-0.3537961414920758,-0.47027663480270077,z-score
-0.6126975667412768,-0.5733300721202943,0.06475834039032753,z-score
-0.07693218351099228,-0.4125446581390639,0.8290940192375108,z-score
0.24772035003583573,0.1605110481017318,-0.7760109063415741,z-score
-0.3412667600054042,-0.5932564695795066,0.10297512433268668,z-score
0.3204567100108081,-0.4482747501348929,-0.7760109063415741,z-score
0.10402168764625604,-0.4640784446715095,-0.5467102026874191,z-score
1.1134604394940435,-0.5042747981668171,-0.2409759311485458,z-score
0.006448521826170993,-0.4122010995621808,-0.6995773384568558,z-score
-0.7422037686479349,-0.5437840345083588,-0.04989201143674997,z-score
1.6048743837151984,0.12512451468278576,0.7908772352951516,z-score
1.6651923407676144,0.2020816359045711,-0.279192715090905,z-score
1.3334435769793263,-0.19644631327967516,0.25584226010212335,z-score
-0.4104550048596463,0.7160452669214956,0.5615765316409966,z-score
1.07797928828674,-0.3953667292949153,0.48514296375627836,z-score
-0.2827228605133532,-0.42903546982944646,-0.5084934187450599,z-score
0.5156030416509779,-0.10299838036750697,-0.47027663480270077,z-score
0.8792848415258396,0.18215523844535883,0.48514296375627836,z-score
0.45705914215892696,-0.3950231707180323,0.5615765316409966,z-score
0.9555693166215427,-0.5925693524257406,0.4469261798139192,z-score
-1.1981365616617863,0.03511216753944734,-0.4320598508603416,z-score
-1.1520110650922917,-0.44209069575099935,0.40870939587156,z-score
0.6841385098856699,-0.46957538190163706,0.7908772352951516,z-score
-0.08402841375245317,-0.5712687206589965,0.48514296375627836,z-score
0.020640982309092448,4.1760236947098965,0.9437443710645883,z-score
-0.6464046603882151,0.1859343827910715,0.10297512433268668,z-score
0.3683562641406679,1.223824843554527,-0.5084934187450599,z-score
0.4677034875211181,3.5933483483163773,0.7908772352951516,z-score
-1.2797432094385846,-0.5269496642410931,-0.47027663480270077,z-score
0.5475360777375511,1.138278757910667,1.2112618586611026,z-score
0.4677034875211181,-0.46923182332475405,-0.6995773384568558,z-score
1.070883058045279,0.05125942065294694,0.7144436674104333,z-score
-0.5275428038437481,-0.4548023630956693,-0.20275914720618662,z-score
-0.8947727188393404,0.16806933679315714,-0.04989201143674997,z-score
-0.5789904730943383,-0.6042503440397617,-0.3556262829756233,z-score
-1.1697516406959434,-0.44106002002035044,0.6762268834680741,z-score
0.6096280923503323,0.12546807325966866,-0.5849269866297783,z-score
-0.319978069281022,-0.46579623755592436,0.25584226010212335,z-score
-0.3057856087981005,-0.6897964296836214,-1.2728290975922432,z-score
-0.22063084590057197,-0.5915386766950917,-1.1963955297075248,z-score
-1.1200780290057184,-0.6056245783472936,-0.6231437705721374,z-score
0.041929673033474786,0.7311618443043466,1.058394722891666,z-score
-0.5346390340852087,-0.4077348380627022,1.1730450747187433,z-score
-0.6410824877071197,0.11928401887577521,1.78451361779649,z-score
0.09692545740479547,0.9211497373206293,-1.9607312085547082,z-score
0.31868265245044297,0.8156772542175572,-1.9607312085547082,z-score
2.1424138245058484,0.22338226767131544,-1.9607312085547082,z-score
2.7917188915995044,0.805714055487951,-1.9607312085547082,z-score
0.07208865155968285,-0.411170423831532,0.2176254761597642,z-score
1.106364209252583,-0.4675140304403392,0.7908772352951516,z-score
1.117008554614774,-0.4359066413671059,0.40870939587156,z-score
0.8615442659221879,-0.4389986685590526,-0.7760109063415741,z-score
-1.0047642875819816,-0.5805448022348366,-0.04989201143674997,z-score
0.0011263491450755662,-0.588103090926262,-0.6613605545144966,z-score
-0.19224592493472906,-0.5812319193886026,-0.8524444742262924,z-score
0.05789619107676138,3.730428220492683,0.9819611550069475,z-score
-1.1023374534020665,3.728710427608268,0.48514296375627836,z-score
0.5067327538491518,-0.5345079529325185,0.25584226010212335,z-score
-0.8362288193472894,1.3018126405069612,1.287695426545821,z-score
-0.6144716243016419,3.918354762047668,1.287695426545821,z-score
-0.9817015392972342,1.2348187180147818,0.7908772352951516,z-score
-1.13427048948864,-0.5393177730088802,1.1348282907763843,z-score
0.002900406705440709,-0.7059436827971212,-1.9607312085547082,z-score
-1.1023374534020665,-0.7186553501417909,-1.9607312085547082,z-score
0.7888079059472155,-0.7001031869901105,-1.9607312085547082,z-score
-0.0858024713128183,-0.5719558378127624,-1.9607312085547082,z-score
-0.03612885962259305,-0.3709740703362243,-1.9607312085547082,z-score
-0.4423880409462195,0.18146812129159304,0.14119190827504585,z-score
3.675199556661364,0.10038829714721177,1.1348282907763843,z-score
0.08628111204260429,-0.1122744619433473,-0.4320598508603416,z-score
2.3393342137063833,-0.7275878731407481,1.4023457783728983,z-score
0.3204567100108081,-0.8553916637412134,-0.2409759311485458,z-score
4.631416581698195,-0.7014774212976425,0.2940590440444825,z-score
0.6415611284369055,-0.126703922172432,0.9437443710645883,z-score
3.9413081907161414,-0.7042258899127062,0.4469261798139192,z-score
-0.08048029863172255,0.1103514958768179,0.7144436674104333,z-score
-1.253132346033107,-0.45892506601826494,-0.279192715090905,z-score
-0.1833756371329032,-0.5506552060460181,0.5615765316409966,z-score
0.803000366430137,0.03339437465503246,0.02654155644796836,z-score
-0.6854339267162493,0.07015514238151037,0.5615765316409966,z-score
-0.9515425607710261,0.1196275774526581,-0.47027663480270077,z-score
-0.21176055809874608,0.20105096017392238,-0.4320598508603416,z-score
0.5936615743070457,-0.5637104319675712,-0.04989201143674997,z-score
0.9963726405099416,-0.44002934428970153,-1.9607312085547082,z-score
0.3630340914595725,-0.4269741183681487,-1.9607312085547082,z-score
-0.47786919215352314,-0.7100663857197167,-1.9607312085547082,z-score
-0.9923458846594253,-0.7021645384514084,-1.9607312085547082,z-score
-0.3288483570828479,-0.7238087287950355,-1.9607312085547082,z-score
-1.0934671656002406,-0.8790972055461385,-1.9607312085547082,z-score
0.08450705448223915,-0.8773794126617236,-1.9607312085547082,z-score
-0.24191953662495413,-0.8784100883923724,-1.9607312085547082,z-score
0.2832015012431392,-0.7107535028734826,-1.9607312085547082,z-score
-0.6428565452674848,0.09729626995526504,0.37049261192920085,z-score
0.5156030416509779,1.3938863391115972,0.4469261798139192,z-score
-0.05209537766587997,3.83074732494251,0.7144436674104333,z-score
-0.7918773803381599,0.10038829714721177,0.7526604513527925,z-score
-0.26853040003043177,0.17803253552276327,-0.3556262829756233,z-score
-0.9533166183313914,1.1489290737940392,0.3322758279868417,z-score
0.34174540073519016,0.1357748305661577,0.7908772352951516,z-score
-0.6464046603882151,1.398696159187959,1.32591221048818,z-score
-1.0508897841514764,-0.5025570052824023,-0.1263255793214683,z-score
-0.7936514378985251,-0.3424587084549378,0.5233597476986375,z-score
-0.9054170642015315,-0.3565446101071396,-0.5084934187450599,z-score
-1.047341669030746,-0.5032441224361682,-0.2409759311485458,z-score
-0.2827228605133532,-0.3208145181113107,-0.5849269866297783,z-score
-0.6428565452674848,-0.27065496588639687,-0.5467102026874191,z-score
-0.8238104164247333,-0.5011827709748704,-0.5084934187450599,z-score
-0.3057856087981005,-0.5966920553483362,0.48514296375627836,z-score
0.022415039869457906,-0.18888802458824971,0.17940869221740502,z-score
-0.020162341579306457,3.5449065889758784,-0.08810879537910914,z-score
-0.7688146320534126,0.17356627402328456,-0.011675227494390806,z-score
-0.4033587746181856,3.613961862929356,1.0201779389493066,z-score
-0.408680947299281,-0.47369808482423265,-0.04989201143674997,z-score
-0.19224592493472906,3.824219711981734,0.3322758279868417,z-score
0.12708443593100352,-0.18442176308877112,0.5615765316409966,z-score
-0.06096566546770568,3.349421758729468,0.6762268834680741,z-score
0.4677034875211181,0.10554167580045629,0.02654155644796836,z-score
0.47834783288330895,-0.8553916637412134,0.9437443710645883,z-score
2.679953265296498,-0.8540174294336815,-0.08810879537910914,z-score
2.041292543565033,-0.15487572547683565,-0.1263255793214683,z-score
4.4557848832220435,-0.6904835468373873,-0.16454236326382746,z-score
2.7101122438227057,0.04782383488411718,1.2112618586611026,z-score
1.193293029710477,-0.15899842839943132,-0.39384306691798243,z-score
0.7373602366966254,-0.8505818436648518,-0.16454236326382746,z-score
-0.31465589659992654,0.10588523437733932,0.5233597476986375,z-score
1.9277528597016613,-0.7275878731407481,0.7908772352951516,z-score
1.6740626285694404,-0.40979618952400015,0.638010099525715,z-score
-0.10531710447683519,-0.42353853259931895,1.1348282907763843,z-score
-0.3714257385316122,-0.4747287605548816,0.7526604513527925,z-score
1.5463304842231478,-0.5420662416239439,0.8290940192375108,z-score
-0.06806189570916657,-0.706630799950887,0.638010099525715,z-score
0.027737212550553333,-0.4451827229429461,1.1730450747187433,z-score
-0.7901033227777948,-0.600814758270932,-0.47027663480270077,z-score
0.7746154454642941,0.09798338710903097,-0.3556262829756233,z-score
0.9679877195440987,0.1996767258663903,0.37049261192920085,z-score
2.215150184480821,0.2436522237074106,-1.9607312085547082,z-score
-0.6889820418369795,-0.6265816515371547,-1.9607312085547082,z-score
1.647451765163963,0.2515540709757191,-1.9607312085547082,z-score
2.6728570350550367,0.7603643233393989,-1.9607312085547082,z-score
-0.8468731647094805,1.6807577508088782,-1.9607312085547082,z-score
-0.018388284018941315,-0.4726674090935838,-0.7760109063415741,z-score
-1.008312402702712,-0.6286430029984527,-0.39384306691798243,z-score
-0.4991578828779053,-0.6423853460737715,0.5997933155833558,z-score
-0.046773204984784225,-0.40155078367880875,0.5615765316409966,z-score
-0.900094891520436,-0.6279558858446866,0.06475834039032753,z-score
0.5014105811680565,-0.4764465534392964,-0.04989201143674997,z-score
0.3825487246235894,-0.4740416434011157,0.2176254761597642,z-score
0.7125234308515128,-0.6602503920716859,-0.5849269866297783,z-score
3.167819094396923,-0.5592441704680924,1.096611506834025,z-score
2.60544284776116,0.07290361099657408,0.86731080317987,z-score
-0.3430408175657693,-0.7100663857197167,-0.8142276902839333,z-score
0.08805516960296944,-0.7846185969033215,-0.1263255793214683,z-score
-0.7084966750009966,-0.2940169491144389,-0.8142276902839333,z-score
-1.0526638417118415,-0.23011505381420633,-0.6995773384568558,z-score
-0.1461204283652344,-0.3208145181113107,-0.4320598508603416,z-score
-0.7776849198552385,-0.24626230692770593,-1.0435283939380882,z-score
-0.013066111337845888,-0.7856492726339703,-1.0817451778804474,z-score
-0.8965467763997057,-0.7749989567505983,-0.9288780421110108,z-score
-0.8380028769076547,-0.14182049955528278,0.4469261798139192,z-score
-0.9054170642015315,3.447679511717998,0.5233597476986375,z-score
-0.8983208339600709,0.16016748952484866,0.7526604513527925,z-score
-1.0047642875819816,0.227504970593911,0.7526604513527925,z-score
0.009996636946901593,0.20242519448145424,1.0201779389493066,z-score
-0.4015847170578203,0.191087761444316,0.3322758279868417,z-score
-0.09999493179573976,-0.1930107275108454,0.5233597476986375,z-score
-1.1378186046093701,-0.4541152459419034,-0.8142276902839333,z-score
-1.0916931080398755,-0.44243425432788236,0.8290940192375108,z-score
1.1187826121751392,-0.4046428108707555,0.06475834039032753,z-score
1.067334942924549,0.09145577414825448,0.5233597476986375,z-score
-0.2915931483151791,-0.4132317752928298,-0.2409759311485458,z-score
-0.6304381423449286,-0.40120722510192586,0.17940869221740502,z-score
0.5812431713844894,1.164389209753773,-1.1581787457651658,z-score
-0.6197937969827375,-0.5812319193886026,-0.1263255793214683,z-score
-0.3377186448846739,1.4144998537245759,0.7526604513527925,z-score
-0.6073753940601813,0.17871965267652906,-1.0817451778804474,z-score
0.545762020177186,1.2341316008610161,-1.005311609995729,z-score
-0.34658893268649976,-0.5733300721202943,-1.005311609995729,z-score
-0.32707429952248274,1.1458370466020926,-0.7760109063415741,z-score
-0.07693218351099228,-0.5774527750428899,1.0201779389493066,z-score
-0.763492459372317,-0.4414035785972334,1.6698632659694124,z-score
-0.09822087423537462,0.7239471141898042,1.2494786426034616,z-score
-1.3063540728440624,0.16566442675497633,-0.9288780421110108,z-score
0.011770694507266736,1.1935916887888252,-0.4320598508603416,z-score
-0.2774006878322578,-0.10368549752127301,0.5997933155833558,z-score
0.02418909742982305,-0.17892482585864358,0.06475834039032753,z-score
-0.030806686941497626,-0.15934198697631421,0.5997933155833558,z-score
0.034833442792013905,-0.4671704718634562,0.14119190827504585,z-score
-0.5275428038437481,-0.4070477209089363,-0.08810879537910914,z-score
-0.28627097563408366,-0.14731743678541032,0.48514296375627836,z-score
-0.18869780981399878,-0.13220085940255955,1.1348282907763843,z-score
0.04547778815420507,0.08870730553319077,0.02654155644796836,z-score
-0.6818858115955188,0.13817974060433852,0.3322758279868417,z-score
-0.6588230633107715,3.255286708663534,0.9055275871222291,z-score
0.17675804762122846,3.729397544762034,0.5233597476986375,z-score
-0.6907560993973446,-0.4025814594094577,0.7144436674104333,z-score
0.07563676668041312,-0.20984509777811103,0.9437443710645883,z-score
-0.575442357973608,-0.3939924949873834,0.2940590440444825,z-score
-0.48851353751571414,-0.2438573968895251,0.06475834039032753,z-score
-0.9160614095637226,-0.5035876810130512,-0.16454236326382746,z-score
-0.6251159696638331,-0.3668513674136288,-0.5084934187450599,z-score
-0.2933672058755444,-0.3342133026097464,0.37049261192920085,z-score
-0.969283136374678,-0.3678820431442776,-0.31740949903326415,z-score
-0.4991578828779053,-0.44106002002035044,-1.9607312085547082,z-score
-1.0597600719533022,-0.5784834507735389,-1.9607312085547082,z-score
0.5014105811680565,-0.7093792685659508,-1.9607312085547082,z-score
1.2163557779952239,-0.8883732871219787,-1.9607312085547082,z-score
-0.7191410203631875,-0.8818456741612022,-1.9607312085547082,z-score
-0.44948427118768025,-0.8801278812767873,-1.9607312085547082,z-score
0.05967024863712653,-0.8753180612004257,-1.9607312085547082,z-score
-0.35191110536759534,-0.6942626911831,-1.9607312085547082,z-score
0.6149502650314281,1.6735430206943356,-1.9607312085547082,z-score
1.22522606579705,1.632659550045262,-1.9607312085547082,z-score
2.399652170758799,1.3217390379661735,-1.9607312085547082,z-score
1.975652413831521,0.8510637876365033,-1.9607312085547082,z-score
0.0507999608353005,-0.6516614276496117,-1.9607312085547082,z-score
2.004037334797364,-0.6145571013462507,-1.9607312085547082,z-score
2.3286898683441923,-0.6190233628457295,-1.9607312085547082,z-score
-0.8575175100716717,-0.706287241374004,0.3322758279868417,z-score
1.4682719515670795,-0.8533303122799156,-0.20275914720618662,z-score
1.2589331594439883,0.20002028444327344,0.2176254761597642,z-score
-0.6410824877071197,-0.729305666025163,0.14119190827504585,z-score
2.2382129327655678,0.03030234746308573,1.2112618586611026,z-score
1.7201881251389355,-0.15659351836125052,-0.16454236326382746,z-score
-0.21353461565911125,-0.7808394525576087,0.10297512433268668,z-score
-0.900094891520436,-0.6942626911831,0.37049261192920085,z-score
-1.1041115109624318,-0.7110970614503657,0.3322758279868417,z-score
-0.6144716243016419,-0.31119487795858747,0.37049261192920085,z-score
-0.8238104164247333,-0.5939435867332724,0.2176254761597642,z-score
-0.6304381423449286,-0.41872871252295735,0.7908772352951516,z-score
0.2707830983205829,0.12581163183655159,-0.1263255793214683,z-score
-0.5027059979986356,-0.35963663729908635,0.06475834039032753,z-score
-1.010086460263077,-0.29367339053755587,0.02654155644796836,z-score
-0.22595301858166755,-0.40017654937127695,0.37049261192920085,z-score
-0.41932529266147217,-0.2823359575004179,0.48514296375627836,z-score
-0.47254701947242755,-0.35001699714636314,-0.011675227494390806,z-score
-0.24901576686641488,-0.3445200599162356,0.2940590440444825,z-score
0.40028930022724113,-0.5619926390831561,-1.9607312085547082,z-score
0.004674464265805851,-0.3799065933351816,-1.9607312085547082,z-score
-0.18692375225363347,-0.4554894802494352,0.37049261192920085,z-score
-1.068630359755128,-0.4761029948624135,0.14119190827504585,z-score
-0.21885678834020683,3.7565386723357883,0.2176254761597642,z-score
0.009996636946901593,3.591630555431963,1.1730450747187433,z-score
0.19449862322488018,-0.4427778129047653,0.5233597476986375,z-score
1.9827486440729822,0.167725778216274,0.7526604513527925,z-score
0.23175383199254912,0.677910264887486,0.4469261798139192,z-score
-1.0792747051173193,-0.4231949740224359,-0.279192715090905,z-score
-0.7368815959668394,-0.6015018754246979,0.10297512433268668,z-score
0.7515526971795469,-0.5922257938488577,0.7526604513527925,z-score
-0.9178354671240877,-0.4633913275177436,0.2940590440444825,z-score
0.5723728835826637,-0.18407820451188822,-0.2409759311485458,z-score
-0.6233419121034678,-0.4671704718634562,0.638010099525715,z-score
0.7036531430496871,-0.10712108329010266,0.37049261192920085,z-score
-0.8521953373905762,-0.12807815647996387,-0.47027663480270077,z-score
0.5262473870131691,-0.434188848482691,0.06475834039032753,z-score
0.11289197544808206,-0.4520538944806055,-1.005311609995729,z-score
0.4765737753229438,-0.4596121831720309,-1.0817451778804474,z-score
0.027737212550553333,-0.7258700802563334,1.1348282907763843,z-score
3.6840698444631896,-0.7220909359106208,1.4023457783728983,z-score
1.6634182832072497,-0.46270421036397763,1.058394722891666,z-score
2.8768736544970333,0.0364864018469792,1.3641289944305393,z-score
0.8526739781203622,-0.7165939986804932,0.6762268834680741,z-score
1.6847069739316314,-0.5475631788540715,0.638010099525715,z-score
-0.8202623013040029,-0.7210602601799718,-0.8524444742262924,z-score
-0.48319136483461855,-0.5630233148138051,-0.16454236326382746,z-score
0.11289197544808206,-0.7251829631025675,0.10297512433268668,z-score
-0.10531710447683519,-0.7743118395968324,0.14119190827504585,z-score
-0.6552749481900412,-0.6946062497599831,-1.1199619618228065,z-score
-0.15676477372742542,-0.5905080009644428,-1.0435283939380882,z-score
-0.6588230633107715,0.08424104403371219,-0.47027663480270077,z-score
0.5635025957808377,-0.48709686932266855,-0.6995773384568558,z-score
-0.536413091645574,-0.541379124470178,0.7526604513527925,z-score
1.0123391585532282,-0.5578699361605606,-0.011675227494390806,z-score
-0.07515812595062714,-0.4427778129047653,0.02654155644796836,z-score
0.6202724377125235,0.08561527834124404,0.6762268834680741,z-score
-0.11596144983902636,-0.44037290286658454,-0.011675227494390806,z-score
0.009996636946901593,0.14058465064251932,-0.9288780421110108,z-score
-0.733333480846109,-0.6667780050324624,-0.39384306691798243,z-score
-0.24546765174568444,0.04438824911528755,0.02654155644796836,z-score
-0.928479812486279,0.1539834351409552,-0.8906612581686516,z-score
0.3825487246235894,-0.39193114352608555,-0.20275914720618662,z-score
-0.5647980126114168,-0.17995550158929252,-0.8906612581686516,z-score
-0.8663877978734975,-0.6282994444215695,-0.20275914720618662,z-score
0.18385427786268901,-0.4451827229429461,-0.7760109063415741,z-score
-0.9746053090557736,-0.4716367333629349,0.6762268834680741,z-score
-0.7173669628028224,-0.15144013970800588,0.48514296375627836,z-score
0.2956199041656955,0.07908766538046755,-0.5084934187450599,z-score
-0.8575175100716717,-0.6492565176114309,-0.47027663480270077,z-score
0.9236362805349692,-0.14834811251605914,0.37049261192920085,z-score
0.6415611284369055,-0.2156855935851215,-0.9288780421110108,z-score
0.1909505081041499,-0.6203975971532613,-0.9288780421110108,z-score
-0.2827228605133532,-0.540348448739529,-0.31740949903326415,z-score
-1.03847138122892,-0.4668269132865733,-0.04989201143674997,z-score
-0.8273585315454636,-0.5266061056642102,-0.47027663480270077,z-score
-0.23837142150422372,-0.2830230746541838,0.06475834039032753,z-score
-0.9249316973655485,-0.3386795641092252,-0.6231437705721374,z-score
-0.8521953373905762,-0.25141568558095045,0.5615765316409966,z-score
-0.9462203880899307,-0.3905569092185537,-0.3556262829756233,z-score
0.9076697624916825,-0.4774772291699454,-0.6613605545144966,z-score
0.9325065683367952,-0.6049374611935275,-0.39384306691798243,z-score
-0.6375343725863892,-0.4712931747860519,-0.20275914720618662,z-score
0.6628498191612878,0.11413064022253057,0.17940869221740502,z-score
0.93073251077643,-0.4211336225611381,0.40870939587156,z-score
0.5901134591863154,-0.5242011956260294,-1.9607312085547082,z-score
0.8686404961636488,-0.8863119356606808,-1.9607312085547082,z-score
0.18208022030232388,-0.4365937585208718,-1.9607312085547082,z-score
1.1312010150976957,-0.5784834507735389,-1.9607312085547082,z-score
0.575920998703394,-0.70697435852777,-1.9607312085547082,z-score
-0.5843126457754338,-0.5259189885104443,-1.9607312085547082,z-score
-0.319978069281022,-0.7244958459488016,-1.9607312085547082,z-score
0.08095893936150855,0.18456014848353963,0.25584226010212335,z-score
-1.010086460263077,-0.18545243881942006,0.638010099525715,z-score
0.08805516960296944,3.946870123928955,0.9437443710645883,z-score
-0.2720785151511622,3.736268716299693,0.17940869221740502,z-score
-0.12483173764085223,-0.4317839384445102,0.06475834039032753,z-score
0.004674464265805851,-0.19816410616409003,0.25584226010212335,z-score
-0.9905718270990602,-0.40052010794815984,-0.011675227494390806,z-score
-0.43883992582548903,3.652783982117132,0.40870939587156,z-score
-0.22950113370239783,-0.45239745305748846,1.4023457783728983,z-score
-1.1963625041014212,-0.564397549121337,1.555212914142335,z-score
-0.733333480846109,-0.6441031389581863,0.3322758279868417,z-score
0.8189668844734236,-0.1833910873581223,-0.3556262829756233,z-score
-0.9231576398051833,-0.18510888024253705,0.5615765316409966,z-score
-0.6960782720784402,-0.4781643463237113,-0.5467102026874191,z-score
-0.3927144292559944,-0.6344834988054632,-0.9288780421110108,z-score
0.3790006095028591,-0.16483892420644175,-0.31740949903326415,z-score
0.047251845714570216,-0.7829008040189066,-0.16454236326382746,z-score
-0.7155929052424572,-0.22839726092979143,-0.011675227494390806,z-score
-0.8841283734771495,-0.6990725112594617,-0.8524444742262924,z-score
-0.5399612067663043,-0.4654526789790414,0.5997933155833558,z-score
-0.7901033227777948,0.17081780540822084,-0.39384306691798243,z-score
0.8526739781203622,-0.46442200324839245,0.06475834039032753,z-score
0.011770694507266736,-0.4115139824084149,0.6762268834680741,z-score
-0.2596601122286059,-0.14044626524775092,-1.005311609995729,z-score
-0.5417352643266695,-0.6568148063028562,-1.1199619618228065,z-score
-0.06096566546770568,0.041296221923340815,-1.0435283939380882,z-score
-0.5985051062583553,-0.6602503920716859,-0.6613605545144966,z-score
-0.2720785151511622,0.17116136398510376,1.4787793462576166,z-score
-0.2720785151511622,-0.3933053778336175,1.1730450747187433,z-score
0.34529351585592044,-0.6650602121480474,-0.39384306691798243,z-score
0.5617285382204725,-0.18682667312695192,0.14119190827504585,z-score
0.8934773020087611,-0.126703922172432,-0.39384306691798243,z-score
-0.48319136483461855,-0.4218207397149041,0.40870939587156,z-score
-0.4796432497138883,-0.5231705198953805,-0.08810879537910914,z-score
-1.28506538211968,-0.5592441704680924,-0.04989201143674997,z-score
2.5504470633898397,-0.10712108329010266,0.48514296375627836,z-score
1.549878599343878,-0.47782078774682835,0.2176254761597642,z-score
0.05257401839566596,0.12581163183655159,0.10297512433268668,z-score
-0.9817015392972342,-0.40052010794815984,0.7144436674104333,z-score
-0.8752580856753234,-0.4451827229429461,0.7144436674104333,z-score
0.4109336455894323,-0.446213398673595,-0.011675227494390806,z-score
-0.1496685434859647,-0.5795141265041878,-0.6613605545144966,z-score
-0.6517268330693107,-0.7021645384514084,-0.1263255793214683,z-score
0.09337734228406486,-0.7684713437898217,-0.8142276902839333,z-score
0.21933542906999282,-0.4300661455600954,-0.5084934187450599,z-score
-1.0420194963496503,-0.4833177249769559,-0.08810879537910914,z-score
-0.5452833794474,-0.4036121351401066,0.7526604513527925,z-score
0.45705914215892696,-0.5856981808880813,0.8290940192375108,z-score
0.8278371722752496,-0.4506796601730736,-0.47027663480270077,z-score
0.020640982309092448,0.1508914079490086,-0.8524444742262924,z-score
-0.575442357973608,3.6204894758901327,-0.4320598508603416,z-score
-1.2424880006709158,0.1976153744050926,-0.31740949903326415,z-score
-0.8309066466661938,-0.5455018273927736,0.638010099525715,z-score
-0.1407982556841388,1.4323648997224903,-0.6995773384568558,z-score
0.10756980276698631,-0.5427533587777099,-0.5084934187450599,z-score
0.18208022030232388,4.062305805761633,0.02654155644796836,z-score
-0.19579404005545933,-0.3108513193817044,-0.5084934187450599,z-score
-0.4619026741102364,-0.30878996792040664,-0.5849269866297783,z-score
-1.0845968777984145,-0.34486361849311864,0.5615765316409966,z-score
-0.9941199422197905,-0.5984098482327511,0.4469261798139192,z-score
-0.781233034975969,-0.2716856416170457,0.02654155644796836,z-score
0.664623876721653,0.6641679218121671,-1.9607312085547082,z-score
0.11644009056881234,0.4068425477268218,-1.9607312085547082,z-score
-0.7528481140101261,0.8235791014858657,-1.9607312085547082,z-score
2.7438193374696445,-0.65956327491792,-1.9607312085547082,z-score
1.81776129095902,1.4292728725305432,-1.9607312085547082,z-score
1.22522606579705,-0.6210847143070273,-1.9607312085547082,z-score
0.40915958802906716,1.4065980064562673,-1.9607312085547082,z-score
1.3298954618585952,0.7105483296913683,-1.9607312085547082,z-score
-0.17627940689144245,-0.12876527363372978,0.2940590440444825,z-score
-0.5151244009211919,-0.43075326271386133,0.7526604513527925,z-score
0.1022476300858909,-0.11708428201970877,0.48514296375627836,z-score
-0.005969881096385004,-0.3939924949873834,0.7526604513527925,z-score
0.31690859489007756,1.1784751114059746,-0.8142276902839333,z-score
-0.007743938656750461,1.2623034041654195,-0.5849269866297783,z-score
-0.6996263871991707,-0.5266061056642102,-0.04989201143674997,z-score
-1.1697516406959434,1.2949414689693017,1.287695426545821,z-score
-0.17982752201217275,-0.5609619633525074,0.5615765316409966,z-score
-1.1874922162995953,4.034477561034112,-1.1963955297075248,z-score
-0.08757652887318344,0.14161532637316826,-0.08810879537910914,z-score
0.3825487246235894,-0.5815754779654855,-0.279192715090905,z-score
-0.7971995530192555,-0.47026249905540296,1.7462968338541307,z-score
-0.900094891520436,0.59511264785869,1.287695426545821,z-score
-0.8255844739850985,-0.4032685765632237,1.7080800499117716,z-score
-0.17627940689144245,-0.6039067854628787,1.4405625623152574,z-score
-0.3838441414541685,-0.5509987646229011,1.2112618586611026,z-score
0.1749839900608633,0.7692968463383563,0.9055275871222291,z-score
0.3257788826919036,0.5463273299413081,0.5615765316409966,z-score
1.3653766130658993,0.04679315915346835,0.06475834039032753,z-score
-0.7084966750009966,-0.44964898444242474,-0.3556262829756233,z-score
1.3015105408927528,-0.2022868090866856,0.8290940192375108,z-score
-0.09289870155427887,-0.46923182332475405,0.5233597476986375,z-score
-0.3607813931694212,-0.4389986685590526,-0.2409759311485458,z-score
-1.097015280720971,-0.5870724151956132,-0.04989201143674997,z-score
0.6663979342820182,-0.5599312876218585,0.40870939587156,z-score
-1.1236261441264488,0.04404469053840452,0.7526604513527925,z-score
0.7941300786283112,-0.39193114352608555,0.5233597476986375,z-score
0.03305938523164876,-0.45858150744138193,-0.5849269866297783,z-score
0.8349334025167101,-0.5860417394649642,-0.8142276902839333,z-score
-0.6801117540351537,0.14711226360329593,0.37049261192920085,z-score
-1.0154086329441727,0.15741902090978496,1.1348282907763843,z-score
-0.7652665169326823,3.435998520103977,0.06475834039032753,z-score
-0.37497385365234265,3.4610782962164337,0.6762268834680741,z-score
-0.2915931483151791,0.17562762548458247,0.5233597476986375,z-score
-0.0893505864335486,-0.446213398673595,0.9055275871222291,z-score
-0.4104550048596463,-0.16243401416826095,1.1348282907763843,z-score
0.13418066617246407,-0.20503527770174942,-0.1263255793214683,z-score
-0.9639609636935824,-0.42250785686867,-1.005311609995729,z-score
-0.7546221715704912,0.18421658990665674,0.5233597476986375,z-score
-1.0508897841514764,0.10485455864669037,0.5233597476986375,z-score
-0.2951412634359095,-0.6324221473441654,-0.2409759311485458,z-score
0.3825487246235894,-0.4304097041369783,-0.04989201143674997,z-score
-0.39803660193709,0.03957842903892593,0.5615765316409966,z-score
-0.4140031199803766,0.14298956068070012,-0.8142276902839333,z-score
-0.7599443442515867,-0.6331092644979311,0.4469261798139192,z-score
-0.6304381423449286,-0.12086342636542156,0.7144436674104333,z-score
-0.9479944456502958,-0.42456920832996786,0.10297512433268668,z-score
-0.6996263871991707,0.1907442028674331,0.7526604513527925,z-score
0.0383815579127445,-0.43350173132892506,0.10297512433268668,z-score
-0.722689135483918,-0.5863852980418471,0.7144436674104333,z-score
0.0011263491450755662,0.1220324874908389,-0.20275914720618662,z-score
-0.841550992028385,0.09970117999344585,0.5997933155833558,z-score
-0.43529181070475875,-0.4379679928284037,0.14119190827504585,z-score
-0.4459361560669498,0.21444974467235803,1.096611506834025,z-score
-0.28981909075481394,3.907360887587413,0.3322758279868417,z-score
0.19449862322488018,-0.4633913275177436,0.5997933155833558,z-score
-0.9533166183313914,-0.4414035785972334,1.822730401738849,z-score
-1.2282955401879943,-0.5688638106208157,1.0201779389493066,z-score
-0.319978069281022,-0.40017654937127695,1.4787793462576166,z-score
-0.023710456700037057,0.7469655388409631,1.822730401738849,z-score
-0.32707429952248274,-0.5547779089686139,1.7462968338541307,z-score
-0.30223749367737024,0.06362752942073388,1.822730401738849,z-score
0.23175383199254912,-0.4967165094753917,0.86731080317987,z-score
-0.4033587746181856,-0.48640975216890264,-0.5467102026874191,z-score
0.3009420768467909,0.1512349665258915,0.5233597476986375,z-score
-0.11063927715793077,-0.399489432217511,0.2940590440444825,z-score
0.1146660330084472,-0.5819190365423685,0.7144436674104333,z-score
0.643335185997271,0.09386068418643528,-0.04989201143674997,z-score
-0.4157771775407417,-0.21980829650771716,-0.3556262829756233,z-score
0.6362389557558101,0.7758244592991327,0.8290940192375108,z-score
1.6155187290773898,0.6061065223189451,0.17940869221740502,z-score
1.3369916921000564,0.5329285454428722,0.14119190827504585,z-score
2.4173927463624514,0.08664595407189299,0.40870939587156,z-score
-0.2436935941853193,0.057787033613723435,0.17940869221740502,z-score
0.8739626688447443,0.18284235559912487,0.02654155644796836,z-score
0.1465990690950204,-0.5736736306971773,-0.7377941223992149,z-score
0.008222579386536451,-0.4791950220543602,-0.08810879537910914,z-score
-0.2933672058755444,0.1557012280253702,0.7144436674104333,z-score
-1.045567611470381,0.07874410680358464,0.86731080317987,z-score
-0.35013704780723004,0.19143132002119914,0.2940590440444825,z-score
-0.35013704780723004,0.1718484811388698,-0.1263255793214683,z-score
-0.9479944456502958,-0.2064095120092813,-0.011675227494390806,z-score
0.19627268078524532,0.169443571100689,0.40870939587156,z-score
-0.8929986612789753,-0.16518248278332479,0.5615765316409966,z-score
-0.822036358864368,0.21410618609547513,0.17940869221740502,z-score
-0.20289027029692006,3.2844891876985867,0.40870939587156,z-score
-0.7652665169326823,-0.4709496162091689,-0.20275914720618662,z-score
-0.3253002419621176,-0.5114895282813595,-0.5084934187450599,z-score
0.05789619107676138,0.6744746791186561,1.4787793462576166,z-score
-0.12128362252012179,-0.47885146347747726,1.3641289944305393,z-score
-0.162086946408521,-0.4407164614434675,1.096611506834025,z-score
-0.8468731647094805,0.09042509841760565,1.822730401738849,z-score
-1.1147558563246227,0.1103514958768179,1.058394722891666,z-score
-0.5115762858004614,-0.5829497122730175,1.2112618586611026,z-score
-0.5257687462833829,-0.5657717834288689,0.06475834039032753,z-score
0.20869108370780165,0.1165355502607115,-1.0817451778804474,z-score
-1.2566804611538371,-0.5396613315857631,-0.8906612581686516,z-score
-1.1129817987642576,0.18078100413782697,1.058394722891666,z-score
2.2541794508088544,0.07290361099657408,-0.2409759311485458,z-score
2.241761047886298,0.12478095610590262,0.3322758279868417,z-score
-0.42287340778220245,-0.4084219552164682,0.25584226010212335,z-score
0.08628111204260429,0.6287813883932211,0.5233597476986375,z-score
1.2802218501683706,0.12959077618226422,0.5997933155833558,z-score
-0.9675090788143128,-0.6317350301903993,-1.9607312085547082,z-score
1.4895606422914618,0.41921065649460876,-1.9607312085547082,z-score
0.7054272006100523,0.8558736077128649,-1.9607312085547082,z-score
2.711886301383071,0.8149901370637914,-1.9607312085547082,z-score
-0.37319979609197734,0.08149257541864835,0.7908772352951516,z-score
-0.016614226458576173,0.5394561584036486,0.5233597476986375,z-score
-0.949768503210661,-0.1610597798607291,-0.04989201143674997,z-score
-0.763492459372317,-0.46442200324839245,0.06475834039032753,z-score
0.37013032170103305,-0.46923182332475405,-1.1199619618228065,z-score
-0.24724170930604958,-0.5259189885104443,-0.5849269866297783,z-score
-0.8539693949509414,-0.3603237544528523,-0.5467102026874191,z-score
-0.0574175503469754,-0.5826061536961344,-1.9607312085547082,z-score
-0.703174502319901,-0.8894039628526275,-1.9607312085547082,z-score
-0.4902875950760793,-0.7279314317176312,-1.9607312085547082,z-score
-0.5115762858004614,0.134744154835509,-0.5849269866297783,z-score
0.5226992718924385,-0.4534281287881374,0.02654155644796836,z-score
0.14837312665538555,-0.6399804360355906,0.17940869221740502,z-score
-1.1608813528941175,-0.27134208304016283,-1.234612313649884,z-score
-0.6783376964747885,-0.7138455300654294,-1.0435283939380882,z-score
-0.09289870155427887,-0.7743118395968324,-0.8142276902839333,z-score
0.13418066617246407,-0.20744018773993023,-1.0435283939380882,z-score
-0.9267057549259138,-0.7743118395968324,0.37049261192920085,z-score
-0.4902875950760793,-0.2503850098503016,0.25584226010212335,z-score
-1.008312402702712,-0.7021645384514084,0.2176254761597642,z-score
-1.1431407772904656,-0.2204954136614831,-0.7377941223992149,z-score
0.07208865155968285,-0.7880541826721511,-0.8524444742262924,z-score
0.23175383199254912,-0.706630799950887,-0.31740949903326415,z-score
-0.06983595326953171,-0.777403866788779,0.10297512433268668,z-score
-0.09112464399391373,-0.7725940467124174,-0.5467102026874191,z-score
-0.3323964722035783,-0.29917032776768343,-0.011675227494390806,z-score
-0.26320822734933635,-0.5001520952442214,-0.5467102026874191,z-score
-0.8592915676320368,-0.3661642502598627,-0.4320598508603416,z-score
-1.0012161724612514,-0.35448325864584174,-0.2409759311485458,z-score
-1.0225048631856333,-0.5668024591595178,1.32591221048818,z-score
-0.319978069281022,0.5422046270187125,1.7080800499117716,z-score
1.629711189560311,-0.04047071937480636,1.3641289944305393,z-score
0.9928245253892113,-0.7028516556051743,-0.3556262829756233,z-score
-1.2442620582312809,-0.8426799963965435,-0.3556262829756233,z-score
-1.0899190504795104,-0.8402750863583627,0.10297512433268668,z-score
4.384822580807435,0.07290361099657408,1.0201779389493066,z-score
2.8360703306086337,-0.8371830591664159,0.48514296375627836,z-score
0.5404398474960905,0.1491736150645936,0.14119190827504585,z-score
1.9525896655467738,-0.21431135927758962,0.638010099525715,z-score
0.7213937186533388,-0.2139678007007066,-0.3556262829756233,z-score
2.445777667328294,0.06156617795943609,0.7908772352951516,z-score
-0.6943042145180751,-0.34623785280065045,0.06475834039032753,z-score
-0.7723627471741429,-0.27099852446327977,0.5997933155833558,z-score
-0.9763793666161387,-0.3331826268790976,0.06475834039032753,z-score
-1.0792747051173193,-0.3376488883785762,-0.5467102026874191,z-score
-0.2880450331944488,-0.4833177249769559,0.5997933155833558,z-score
0.8899291868880308,-0.6471951661501331,0.14119190827504585,z-score
-0.35191110536759534,-0.18442176308877112,-0.8142276902839333,z-score
0.5918875167466806,0.03373793323191537,-1.0435283939380882,z-score
-0.900094891520436,-0.4706060576322859,-1.005311609995729,z-score
-0.1940199824950942,-0.6413546703431225,0.4469261798139192,z-score
-0.04499914742441908,-0.6379190845742928,-1.005311609995729,z-score
-0.781233034975969,-0.6660908878786964,0.06475834039032753,z-score
-0.1461204283652344,-0.5808883608117197,0.37049261192920085,z-score
-0.5098022282400964,4.039630939687357,-0.16454236326382746,z-score
-1.2495842309123766,4.0643671572229305,0.9819611550069475,z-score
-1.2176511948258033,0.19830249155885843,0.9819611550069475,z-score
-0.3678776234108819,4.068146301568643,0.14119190827504585,z-score
-0.8717099705545931,4.191827389246513,-0.279192715090905,z-score
0.13418066617246407,0.13921041633498746,-1.005311609995729,z-score
-1.1147558563246227,1.1461806051789754,0.638010099525715,z-score
0.4410926241156403,-0.540348448739529,0.9819611550069475,z-score
0.1182141481291775,0.23403258355468737,1.096611506834025,z-score
0.5901134591863154,1.1695425884070174,0.48514296375627836,z-score
0.21223919882853193,0.17116136398510376,0.17940869221740502,z-score
0.331101055372999,0.22097735763313464,-0.7760109063415741,z-score
-0.18160157957253803,1.3904507533427677,0.8290940192375108,z-score
0.33287511293336447,-0.6959804840675149,1.3641289944305393,z-score
-0.26853040003043177,-0.4372808756746378,1.058394722891666,z-score
1.3600544403848036,0.10932082014616908,0.9055275871222291,z-score
0.6238205528332538,-0.4537716873650203,0.638010099525715,z-score
3.621977829850408,-0.45171033590372256,1.1348282907763843,z-score
0.8349334025167101,0.18387303132977384,0.7144436674104333,z-score
-0.19224592493472906,0.1508914079490086,0.5615765316409966,z-score
-0.07515812595062714,0.0942042427633183,-0.5467102026874191,z-score
0.6805903947649397,-0.599784082540283,1.058394722891666,z-score
0.33642322805409475,-0.45033610159619064,1.4405625623152574,z-score
3.079116216378664,-0.47198029193981783,1.058394722891666,z-score
3.6468146356955207,-0.7145326472191953,1.4787793462576166,z-score
0.13772878129319438,-0.5509987646229011,-0.5849269866297783,z-score
-0.5417352643266695,0.08836374695630775,-0.31740949903326415,z-score
0.5688247684619331,1.2069904732872612,-1.1581787457651658,z-score
-0.8876764885978797,0.10554167580045629,0.7526604513527925,z-score
-0.15676477372742542,0.2505233952450701,0.9437443710645883,z-score
-0.3288483570828479,1.1592358311005282,0.06475834039032753,z-score
-0.6286640847845634,1.162671416869358,-0.011675227494390806,z-score
-0.9639609636935824,3.6070906913916962,1.096611506834025,z-score
0.06321836375785682,-0.4706060576322859,1.1730450747187433,z-score
-0.2986893785566398,-0.45514592167255224,-0.011675227494390806,z-score
-0.15499071616706028,-0.4747287605548816,1.5169961301999757,z-score
0.06144430619749167,0.20070740159703923,1.4405625623152574,z-score
-1.146688892411196,-0.45274101163437147,1.287695426545821,z-score
-1.2123290221447076,0.10863370299240302,1.4787793462576166,z-score
-0.9338019851673743,-0.540692007316412,1.822730401738849,z-score
-1.2761950943178542,-0.40017654937127695,1.096611506834025,z-score
-0.13902419812377367,0.7603643233393989,1.32591221048818,z-score
-0.9746053090557736,-0.5252318713566783,-0.4320598508603416,z-score
-1.0544378992722065,-0.5932564695795066,-0.04989201143674997,z-score
-0.26853040003043177,-0.2531334784653653,-0.47027663480270077,z-score
-1.1236261441264488,-0.5427533587777099,-0.20275914720618662,z-score
-0.24901576686641488,-0.4908760136683812,0.4469261798139192,z-score
0.32400482513153844,-0.5716122792358794,-0.2409759311485458,z-score
0.9839542375873855,-0.5458453859696566,0.2176254761597642,z-score
0.7533267547399121,-0.47988213920812617,0.638010099525715,z-score
0.3133604797693473,0.14711226360329593,-0.7760109063415741,z-score
-0.7989736105796207,-0.5448147102390076,-0.6231437705721374,z-score
0.17143587494013302,-0.40945263094711715,-0.31740949903326415,z-score
-0.06628783814880111,-0.3675384845673947,-1.9607312085547082,z-score
0.013544752067631878,-0.4534281287881374,-1.9607312085547082,z-score
0.7001050279289565,-0.42834835267568055,-1.9607312085547082,z-score
-0.5985051062583553,-0.7025080970282914,-1.9607312085547082,z-score
-1.0916931080398755,-0.8887168456988616,-1.9607312085547082,z-score
1.0531424824416273,-0.8749745026235428,-1.9607312085547082,z-score
-0.3182040117206568,-0.8784100883923724,-1.9607312085547082,z-score
2.830748157927538,0.8737386537107794,-1.9607312085547082,z-score
1.5960040959133723,0.807088289795483,-1.9607312085547082,z-score
0.40915958802906716,1.5240950397502435,-1.9607312085547082,z-score
0.9449249712593515,-0.3795630347582986,-1.9607312085547082,z-score
0.428674221193084,-0.3850599719884262,-1.9607312085547082,z-score
-1.1112077412038923,-0.41872871252295735,-1.9607312085547082,z-score
-0.5115762858004614,-0.6970111597981637,-1.9607312085547082,z-score
0.7089753157307825,-0.7224344944875036,-1.9607312085547082,z-score
2.562865466312396,1.31899056935111,-1.9607312085547082,z-score
2.5770579267953173,0.8153336956406743,-1.9607312085547082,z-score
1.4292426852390459,0.2683884412429845,-1.9607312085547082,z-score
0.7018790854893217,1.412438502263278,-1.9607312085547082,z-score
2.6409239989684634,0.7586465304549841,-1.9607312085547082,z-score
0.7036531430496871,1.5567331045541257,-1.9607312085547082,z-score
-0.3253002419621176,0.1886828514061352,-0.6613605545144966,z-score
-0.40513283217855073,0.09660915280149912,-0.8906612581686516,z-score
-1.057986014392937,-0.7932075613253957,0.14119190827504585,z-score
-0.2436935941853193,-0.7018209798745253,-0.7377941223992149,z-score
-0.28449691807371835,-0.600471199694049,-1.0817451778804474,z-score
-0.18160157957253803,-0.7938946784791616,0.2940590440444825,z-score
-0.9958939997801556,-0.7650357580209921,-0.16454236326382746,z-score
-0.8468731647094805,-0.3149740223043001,0.3322758279868417,z-score
1.5853597505511814,0.8964135197850555,-1.9607312085547082,z-score
0.496088408486961,0.3714560143078758,-1.9607312085547082,z-score
-0.38207008389380337,3.4600476204857844,0.9055275871222291,z-score
-0.005969881096385004,3.6252992959664936,0.2940590440444825,z-score
-0.9905718270990602,0.23471970070845344,0.10297512433268668,z-score
-0.5098022282400964,-0.18682667312695192,-0.011675227494390806,z-score
-0.15321665860669514,3.5545262291286015,-0.04989201143674997,z-score
-0.703174502319901,0.16600798533185923,0.7526604513527925,z-score
-0.08757652887318344,-0.6011583168478148,1.1348282907763843,z-score
-0.9976680573405209,0.7260084656511018,1.822730401738849,z-score
-0.10886521959756564,3.915606293432604,0.40870939587156,z-score
0.11998820568954263,-0.42147718113802113,0.5997933155833558,z-score
0.12353632081027291,0.10588523437733932,0.9437443710645883,z-score
0.07386270912004798,-0.45858150744138193,-0.1263255793214683,z-score
-0.2986893785566398,3.5342562730925065,0.7144436674104333,z-score
0.21223919882853193,-0.1146793719815281,0.7908772352951516,z-score
0.8757367264051094,-0.5355386286631675,-1.9607312085547082,z-score
-0.4441620985065846,-0.7272443145638653,-1.9607312085547082,z-score
-0.8557434525113065,-0.4472440744042439,-1.9607312085547082,z-score
-0.9905718270990602,-0.8773794126617236,-1.9607312085547082,z-score
1.117008554614774,0.16222884098614657,0.3322758279868417,z-score
3.4711829372193677,-0.12464257071113423,0.40870939587156,z-score
0.989276410268481,-0.8516125193955008,0.9055275871222291,z-score
0.842029632758171,-0.8437106721271924,0.9819611550069475,z-score
-0.07693218351099228,-0.7152197643729612,-0.20275914720618662,z-score
4.0796846804246245,-0.6942626911831,1.058394722891666,z-score
1.0549165400019926,0.17528406690769957,-0.6231437705721374,z-score
-0.5293168614041134,-0.4063606037551704,1.3641289944305393,z-score
-0.15676477372742542,-0.5856981808880813,1.3641289944305393,z-score
-1.0757265899965889,-0.56474110769822,1.6698632659694124,z-score
-1.047341669030746,-0.5856981808880813,1.6698632659694124,z-score
-1.008312402702712,-0.5489374131616034,1.3641289944305393,z-score
-0.7759108622948734,0.19658469867444367,1.32591221048818,z-score
0.2743312134413135,-0.5936000281563896,0.2176254761597642,z-score
-0.9071911217618965,-0.47438520197799866,0.40870939587156,z-score
-0.586086703335799,-0.6142135427693678,0.06475834039032753,z-score
-0.5222206311626526,-0.6344834988054632,0.2176254761597642,z-score
0.49076623580586526,0.19417978863626287,-1.005311609995729,z-score
0.013544752067631878,-0.6252074172296229,0.4469261798139192,z-score
-0.8362288193472894,-0.43762443425152076,-0.2409759311485458,z-score
0.508506811409517,-0.6413546703431225,0.48514296375627836,z-score
-0.0858024713128183,0.1323392447973282,1.593429698084694,z-score
-0.15676477372742542,0.761738557646931,1.7462968338541307,z-score
-0.42996963802366317,-0.4170109196385424,1.2494786426034616,z-score
-0.0219363991396716,-0.5482502960078374,1.0201779389493066,z-score
-1.0881449929191451,0.028584554578670852,1.4405625623152574,z-score
-0.8291325891058288,-0.4163238024847765,1.2494786426034616,z-score
2.6923716682190544,-0.5822625951192516,0.4469261798139192,z-score
-0.37497385365234265,0.03030234746308573,1.32591221048818,z-score
2.8839698847384936,-0.5465325031234225,0.2176254761597642,z-score
1.9969411045559033,-0.5829497122730175,0.8290940192375108,z-score
-0.2596601122286059,-0.41529312675412766,0.17940869221740502,z-score
3.201526188043861,0.0917993327251375,0.6762268834680741,z-score
0.12353632081027291,0.12031469460642416,0.5233597476986375,z-score
-1.1324964319282746,-0.26756293869445014,-0.04989201143674997,z-score
-0.9710571939350433,-0.5918822352719748,0.48514296375627836,z-score
-0.4902875950760793,-0.5032441224361682,0.10297512433268668,z-score
0.6184983801521584,0.059161267921255284,0.40870939587156,z-score
-0.8167141861832724,-0.43831155140528666,0.7908772352951516,z-score
0.7072012581704173,-0.47507231913176456,-0.279192715090905,z-score
-0.6038272789394509,0.06122261938255307,0.7144436674104333,z-score
-0.28981909075481394,-0.2589739742723759,0.5997933155833558,z-score
-0.9355760427277395,-0.56474110769822,-0.4320598508603416,z-score
-0.9976680573405209,-0.5719558378127624,0.5233597476986375,z-score
-0.9462203880899307,-0.540348448739529,0.2176254761597642,z-score
-0.7971995530192555,-0.2716856416170457,-0.5084934187450599,z-score
-0.3856181990145337,-0.5149251140501893,0.5615765316409966,z-score
-0.4512583287480454,-0.5774527750428899,0.10297512433268668,z-score
-0.4743210770327927,-0.4221642982917871,-0.20275914720618662,z-score
1.1720043389860946,0.19589758152067763,0.86731080317987,z-score
2.2985308898179837,0.7466219802640801,0.8290940192375108,z-score
-0.10354304691647004,-0.4039556937169896,0.3322758279868417,z-score
0.5475360777375511,-0.4372808756746378,0.4469261798139192,z-score
1.4292426852390459,-0.10505973182880488,-0.04989201143674997,z-score
1.2890921379701963,0.1835294727528907,0.10297512433268668,z-score
0.2707830983205829,-0.4314403798676273,-0.279192715090905,z-score
0.3435194582955553,-0.6626553021098667,0.5615765316409966,z-score
0.7426824093777209,-0.10746464186698568,-1.005311609995729,z-score
-0.6251159696638331,-0.14594320247787834,0.25584226010212335,z-score
-0.7599443442515867,-0.3352439783403954,-0.5849269866297783,z-score
-0.23659736394385855,-0.2575997399648439,0.02654155644796836,z-score
-0.7883292652174296,-0.48778398647643445,-0.20275914720618662,z-score
-0.20466432785728536,-0.5015263295517534,0.10297512433268668,z-score
-0.928479812486279,-0.2940169491144389,0.14119190827504585,z-score
-0.2561119971078756,-0.40979618952400015,-0.20275914720618662,z-score
-0.575442357973608,-0.3424587084549378,0.5997933155833558,z-score
-0.8894505461582448,-0.2503850098503016,0.2940590440444825,z-score
0.24949440759620087,-0.5018698881286363,0.86731080317987,z-score
-0.1177355073993915,0.12581163183655159,0.2940590440444825,z-score
-1.1324964319282746,-0.5874159737724961,-0.04989201143674997,z-score
-0.4814173072742534,-0.3331826268790976,-0.279192715090905,z-score
-0.6818858115955188,-0.3603237544528523,0.4469261798139192,z-score
-0.7067226174406314,-0.6045939026166446,0.40870939587156,z-score
-1.0704044173154934,-0.47026249905540296,-0.3556262829756233,z-score
2.349978559068574,0.03236369892438351,0.7144436674104333,z-score
3.78696518296437,-0.7210602601799718,0.86731080317987,z-score
-0.3838441414541685,0.15673190375601892,0.7144436674104333,z-score
0.8668664386032837,-0.41907227109984035,1.3641289944305393,z-score
2.8680033666952065,0.08664595407189299,0.5233597476986375,z-score
3.3026474689846763,-0.7141890886423123,1.4787793462576166,z-score
0.07741082424077826,-0.6468516075732501,-1.005311609995729,z-score
0.22643165931145337,-0.65956327491792,-0.6231437705721374,z-score
0.44818885435710093,-0.19575919612590922,-0.04989201143674997,z-score
0.5191511567717082,-0.4125446581390639,0.5233597476986375,z-score
-0.8717099705545931,0.04782383488411718,0.2176254761597642,z-score
-0.5931829335772597,0.09214289130202052,0.37049261192920085,z-score
-0.14789448592559956,-0.6544098962646755,0.48514296375627836,z-score
0.9431509136989864,-0.13941558951710198,0.37049261192920085,z-score
-0.04322508986405394,-0.47369808482423265,0.02654155644796836,z-score
0.12176226324990777,0.05572568215242553,-0.04989201143674997,z-score
2.2754681415332367,0.10657235153110524,0.2940590440444825,z-score
-0.13902419812377367,0.13405703768174296,-0.2409759311485458,z-score
0.4925402933662304,0.7662048191464095,-1.9607312085547082,z-score
0.6930087976874959,-0.65956327491792,-1.9607312085547082,z-score
-0.11596144983902636,-0.6492565176114309,-1.9607312085547082,z-score
0.980406122466655,0.32679339931308965,-1.9607312085547082,z-score
1.0833014609678355,-0.5472196202771885,0.10297512433268668,z-score
0.40561147290833655,-0.44037290286658454,0.86731080317987,z-score
-1.1307223743679093,-0.4348759656364569,0.7908772352951516,z-score
-0.22595301858166755,-0.4534281287881374,-1.9607312085547082,z-score
0.27255715588094803,-0.707317917104653,-1.9607312085547082,z-score
-0.7049485598802661,-0.6973547183750469,-1.9607312085547082,z-score
-0.16386100396888614,-0.8753180612004257,-1.9607312085547082,z-score
-0.1496685434859647,-0.7269007559869823,-1.9607312085547082,z-score
-0.7847811500966992,-0.5420662416239439,-1.9607312085547082,z-score
-1.1005633958417014,-0.8770358540848405,-1.9607312085547082,z-score
0.9608914893026381,-0.3943360535642664,-1.9607312085547082,z-score
-1.027827035866729,-0.5231705198953805,-1.9607312085547082,z-score
-0.07338406839026199,-0.5668024591595178,-1.9607312085547082,z-score
-0.03258074450186277,-0.5578699361605606,-1.9607312085547082,z-score
1.1418453604598864,-0.7080050342584188,-1.9607312085547082,z-score
-0.3554592204883256,-0.8739438268928938,-1.9607312085547082,z-score
1.0726571156056446,-0.8794407641230214,-1.9607312085547082,z-score
2.4777107034148673,-0.14010270667086788,-0.279192715090905,z-score
2.349978559068574,0.6961188694622834,0.48514296375627836,z-score
-0.6854339267162493,-0.46373488609462654,-0.1263255793214683,z-score
1.638581477362137,0.034081491808798395,0.86731080317987,z-score
1.4469832608426971,0.7060820681918896,0.40870939587156,z-score
2.55399517851057,0.6009531436657003,0.5615765316409966,z-score
0.7799376181453898,-0.10128058748309221,0.2940590440444825,z-score
-0.3288483570828479,-0.3902133506416708,-0.39384306691798243,z-score
-0.31465589659992654,-0.5942871453101556,-0.2409759311485458,z-score
-0.5027059979986356,-0.32218875241884254,-0.279192715090905,z-score
-1.128948316807544,-0.5973791725021022,0.638010099525715,z-score
-0.6020532213790857,-0.565428224851986,-0.39384306691798243,z-score
-0.9160614095637226,-0.4087655137933512,-0.39384306691798243,z-score
0.9662136619837335,-0.07345234275557148,-0.3556262829756233,z-score
1.3742469008677247,-0.0645198197566143,-0.3556262829756233,z-score
3.4924716279437504,-0.057305089642071885,-0.2409759311485458,z-score
2.630279653606273,-0.11880207490412366,0.9819611550069475,z-score
1.815987233398655,-0.027759052030136407,0.86731080317987,z-score
-0.4210993502218373,0.0708422595352763,0.17940869221740502,z-score
-0.3714257385316122,-0.5781398921966558,0.5997933155833558,z-score
0.4464147967967358,3.573765509434048,-0.4320598508603416,z-score
-1.166203525575213,0.23128411493962367,-0.39384306691798243,z-score
-1.2620026338349328,0.13130856906667923,1.1730450747187433,z-score
-0.6605971208711365,0.1302778933360303,-1.1581787457651658,z-score
-0.8628396827527671,-0.34623785280065045,0.10297512433268668,z-score
-0.5381871492059392,-0.46785758901722213,-0.6231437705721374,z-score
-1.0526638417118415,-0.3616979887603841,-0.4320598508603416,z-score
-0.575442357973608,-0.5461889445465395,-0.4320598508603416,z-score
-1.1076596260831622,-0.2644709115025034,-0.6613605545144966,z-score
-1.0118605178234423,-0.5472196202771885,0.4469261798139192,z-score
-0.7581702866912217,-0.5777963336197729,0.5233597476986375,z-score
-0.6730155237936929,-0.5379435387013483,0.02654155644796836,z-score
0.6663979342820182,-0.13769779663268708,0.10297512433268668,z-score
0.9183141078538738,0.03476860896256432,1.2494786426034616,z-score
-0.12660579520121737,-0.8399315277814797,-0.20275914720618662,z-score
-0.41222906242001145,-0.6983853941056957,0.9055275871222291,z-score
2.266597853731411,-0.02844616918390233,-0.4320598508603416,z-score
0.26013875295839206,-0.8495511679342028,-0.4320598508603416,z-score
-0.4033587746181856,-0.08101063144699693,0.2176254761597642,z-score
1.8975938811754536,0.12718586614408342,0.2176254761597642,z-score
-0.1940199824950942,1.2519966468589303,-0.31740949903326415,z-score
-0.35900733560905607,0.2065478974040498,1.2494786426034616,z-score
-0.6038272789394509,-0.5544343503917308,1.058394722891666,z-score
-0.0024217659756547187,0.595456206435573,0.7526604513527925,z-score
-0.16031288884815587,-0.4671704718634562,0.6762268834680741,z-score
-0.013066111337845888,0.19830249155885843,-0.9670948260533699,z-score
0.952021201500812,-0.6671215636093454,-1.005311609995729,z-score
0.19627268078524532,-0.10471617325192184,0.10297512433268668,z-score
-0.6978523296388054,-0.8787536469692555,-1.9607312085547082,z-score
1.2092595477537633,-0.5455018273927736,-1.9607312085547082,z-score
1.2323222960385105,-0.7258700802563334,-1.9607312085547082,z-score
0.09337734228406486,-0.43865510998216967,-1.9607312085547082,z-score
0.2548165802772963,-0.8821892327380851,-1.9607312085547082,z-score
0.8242890571545193,-0.730679900332695,-1.9607312085547082,z-score
0.6326908406350799,-0.7042258899127062,-1.9607312085547082,z-score
0.3080383070882518,-0.4671704718634562,0.2940590440444825,z-score
0.4641553724003875,-0.3939924949873834,-1.0435283939380882,z-score
-0.2951412634359095,-0.47850790490059425,-0.9288780421110108,z-score
0.9342806258971603,0.059848385075021215,-0.279192715090905,z-score
0.017092867188362164,-0.45171033590372256,-0.9288780421110108,z-score
-0.1940199824950942,1.3475059312323965,0.14119190827504585,z-score
-1.2992578426026016,-0.5485938545847204,-0.20275914720618662,z-score
-0.47609513459315783,4.340931811613722,0.5615765316409966,z-score
-0.6162456818620071,1.327235975196301,-0.5849269866297783,z-score
-1.0313751509874594,-0.5564957018530288,-0.7760109063415741,z-score
0.5049586962887868,-0.5242011956260294,-0.6231437705721374,z-score
0.5439879626168208,-0.3836857376808943,-1.9607312085547082,z-score
-1.0952412231606057,-0.8845941427762659,-1.9607312085547082,z-score
-0.9373501002881048,-0.6942626911831,-1.9607312085547082,z-score
1.0886236336489312,-0.4314403798676273,-1.9607312085547082,z-score
0.6149502650314281,-0.5664589005826348,-1.9607312085547082,z-score
3.0241204320073427,0.08046189968799952,1.2494786426034616,z-score
2.4120705736813557,0.07599563818852081,-0.47027663480270077,z-score
-0.41755123510110687,-0.186139555973186,0.9055275871222291,z-score
-0.8096179559418119,3.882968228628722,0.638010099525715,z-score
-0.9763793666161387,-0.4455262815198291,0.7144436674104333,z-score
-0.4140031199803766,0.1924619957518481,0.638010099525715,z-score
0.047251845714570216,-0.44209069575099935,0.06475834039032753,z-score
0.12353632081027291,-0.46373488609462654,0.25584226010212335,z-score
1.4345648579201415,-0.6970111597981637,0.2176254761597642,z-score
2.3127233503009057,-0.6922013397218022,0.25584226010212335,z-score
-0.9426722729692004,-0.4231949740224359,-0.4320598508603416,z-score
-0.33949270244503904,-0.20331748481733455,-0.1263255793214683,z-score
0.4535110270381967,0.10966437872305197,-0.4320598508603416,z-score
-1.0633081870740326,-0.6313914716135164,-0.47027663480270077,z-score
-0.45303238630841053,0.045418924845936376,-1.005311609995729,z-score
-0.9781534241765039,0.06500176372826573,0.638010099525715,z-score
-1.1005633958417014,-0.8406186449352457,-0.5467102026874191,z-score
1.7343805856218566,0.19624114009756077,-0.5467102026874191,z-score
-0.7989736105796207,0.03579928469321327,0.7908772352951516,z-score
4.370630120324514,0.07599563818852081,1.2112618586611026,z-score
-0.9142873520033574,-0.848176933626671,0.5233597476986375,z-score
3.9927558599667314,-0.7076614756815359,-0.20275914720618662,z-score
0.08450705448223915,-0.8516125193955008,-0.3556262829756233,z-score
0.5067327538491518,-0.5303852500099229,-0.7760109063415741,z-score
-0.25078982442678,-0.5252318713566783,-0.5849269866297783,z-score
-0.6943042145180751,0.10760302726175419,0.6762268834680741,z-score
-0.6499527755089456,3.875066381360414,0.02654155644796836,z-score
0.2867496163638695,0.22132091621001754,0.37049261192920085,z-score
0.5776950562637592,0.13165212764356213,0.9437443710645883,z-score
-0.841550992028385,1.4907698577925954,-0.9288780421110108,z-score
-0.6481787179485804,1.3880458433045868,-0.08810879537910914,z-score
-0.3377186448846739,0.13680550629680666,-0.6231437705721374,z-score
0.3222307675711733,-0.47679011201617943,0.7144436674104333,z-score
-0.6393084301467544,-0.4499925430193077,-0.6231437705721374,z-score
-0.172731291770712,-0.5863852980418471,0.37049261192920085,z-score
-1.027827035866729,-0.5747043064278262,-0.5084934187450599,z-score
-0.8841283734771495,-0.6011583168478148,0.25584226010212335,z-score
0.07741082424077826,-0.5668024591595178,0.14119190827504585,z-score
-1.0792747051173193,-0.5692073691976985,1.593429698084694,z-score
-0.7670405744930475,0.04301401480775569,1.4023457783728983,z-score
-0.26320822734933635,0.043357573384638595,1.058394722891666,z-score
-1.0029902300216165,0.07427784530410593,1.1348282907763843,z-score
-0.3554592204883256,0.6232844511630936,1.4023457783728983,z-score
1.8284056363212113,0.1900570857136673,0.25584226010212335,z-score
2.330463925904557,0.1879957342523694,-0.3556262829756233,z-score
0.5351176748149948,-0.5465325031234225,-0.16454236326382746,z-score
-0.6872079842766143,1.384266698958874,-0.6231437705721374,z-score
0.3506156885370162,-0.5898208838106769,0.10297512433268668,z-score
-1.136044547049005,-0.5255754299335613,-0.7377941223992149,z-score
-1.1129817987642576,3.991189180346858,-0.20275914720618662,z-score
-1.2034587343428818,-0.5788270093504218,-0.5467102026874191,z-score
0.5989837469881415,0.07977478253423347,1.287695426545821,z-score
-0.47254701947242755,-0.4606428589026798,0.5997933155833558,z-score
0.09337734228406486,-0.5599312876218585,0.86731080317987,z-score
-0.7546221715704912,0.771358197799654,1.2112618586611026,z-score
0.017092867188362164,-0.5815754779654855,1.2112618586611026,z-score
-0.7759108622948734,-0.5534036746610819,1.6316464820270533,z-score
-0.722689135483918,0.04988518634541508,1.7080800499117716,z-score
-0.8663877978734975,-0.5894773252337939,1.7462968338541307,z-score
-0.8468731647094805,4.291459376542575,-0.6613605545144966,z-score
-0.2880450331944488,3.9633609356193373,-1.0435283939380882,z-score
0.5901134591863154,-0.5506552060460181,0.4469261798139192,z-score
-1.23716582798982,-0.5877595323493789,0.8290940192375108,z-score
0.32932699781263386,-0.5379435387013483,0.25584226010212335,z-score
-1.0366973236685548,-0.5595877290449753,0.02654155644796836,z-score
-0.9852496544179647,-0.7746553981737152,-0.4320598508603416,z-score
-0.8983208339600709,-0.27477766880899246,-0.3556262829756233,z-score
-0.041451032303688795,-0.7859928312108533,-0.9670948260533699,z-score
-0.8734840281149583,-0.5671460177364008,0.10297512433268668,z-score
-0.8450991071491153,-0.23251996385238713,-0.47027663480270077,z-score
-0.0219363991396716,-0.5489374131616034,-0.31740949903326415,z-score
0.11111791788771692,1.2210763749394629,-0.5849269866297783,z-score
-0.05386943522624511,1.1448063708714435,0.40870939587156,z-score
-0.8362288193472894,-0.5784834507735389,-0.3556262829756233,z-score
-0.19224592493472906,1.4529784143354683,0.40870939587156,z-score
-1.157333237773387,3.67339749673011,-0.8906612581686516,z-score
-0.9870237119783298,-0.5231705198953805,-1.1581787457651658,z-score
1.560522944706069,0.9417632519336075,-1.9607312085547082,z-score
0.8473518054392665,1.4244630524541817,-1.9607312085547082,z-score
0.5226992718924385,1.4426716570289793,-1.9607312085547082,z-score
1.5906819232322773,0.23128411493962367,-1.9607312085547082,z-score
-0.7067226174406314,0.22166447478690043,-1.9607312085547082,z-score
2.8892920574195897,0.7428428359183674,-1.9607312085547082,z-score
-0.10709116203720033,1.1334689378343052,0.25584226010212335,z-score
-1.3081281304044274,0.10451100006980746,1.2494786426034616,z-score
0.18385427786268901,-0.7863363897877362,-1.1963955297075248,z-score
-1.1555591802130218,-0.7670971094822899,-0.8524444742262924,z-score
-0.683659869155884,-0.7255265216794504,-0.16454236326382746,z-score
-0.7422037686479349,-0.27924393030847117,-0.47027663480270077,z-score
-0.31465589659992654,-0.694949808336866,-0.39384306691798243,z-score
-0.7847811500966992,-0.22908437808355736,-0.1263255793214683,z-score
-0.6109235091809117,0.03236369892438351,1.2494786426034616,z-score
-0.722689135483918,-0.3988023150637451,1.1348282907763843,z-score
-1.1378186046093701,0.6359961185077635,1.593429698084694,z-score
-0.4264215229029329,0.5772476018607754,1.593429698084694,z-score
-0.13725014056340853,0.05229009638359589,1.0201779389493066,z-score
-1.0420194963496503,-0.600814758270932,1.822730401738849,z-score
-0.7581702866912217,-0.6032196683091128,1.5169961301999757,z-score
-0.7528481140101261,0.6638243632352843,1.32591221048818,z-score
-0.5736683004132429,-0.13769779663268708,-0.04989201143674997,z-score
-0.41222906242001145,3.2824278362372885,0.7526604513527925,z-score
-0.3323964722035783,-0.16655671709085665,0.10297512433268668,z-score
-1.0562119568325719,0.20276875305833714,0.2940590440444825,z-score
-0.1461204283652344,-0.43350173132892506,0.2176254761597642,z-score
-0.8894505461582448,0.12718586614408342,-0.08810879537910914,z-score
-0.5612498974906865,-0.4211336225611381,1.1348282907763843,z-score
-0.4814173072742534,0.1952104643669118,0.3322758279868417,z-score
0.02596315499018819,3.697103038535035,0.7908772352951516,z-score
-0.5151244009211919,-0.4036121351401066,0.25584226010212335,z-score
-0.6712414662333277,-0.16449536562955885,0.7144436674104333,z-score
0.8952513595691266,-0.5592441704680924,0.86731080317987,z-score
2.5894763297178733,0.06603243945891468,0.14119190827504585,z-score
3.730195341032684,-0.43762443425152076,0.6762268834680741,z-score
0.6291427255143496,-0.446556957250478,0.7908772352951516,z-score
2.0554850040479544,-0.45617659740320116,0.37049261192920085,z-score
-0.5949569911376249,1.1870640758280488,-0.39384306691798243,z-score
0.5865653440655851,1.212143851940506,0.2176254761597642,z-score
-0.4920616526364446,4.244391851509608,-0.6995773384568558,z-score
-0.5683461277321473,1.409690033648214,0.02654155644796836,z-score
0.2033689110267062,1.2087082661716761,-0.39384306691798243,z-score
-0.06273972302807082,-0.5709251620821134,-1.1581787457651658,z-score
-0.08757652887318344,3.7184036703017793,-1.0435283939380882,z-score
-0.7351075384064741,-0.5238576370491465,-0.6613605545144966,z-score
-0.41755123510110687,0.18284235559912487,-0.5849269866297783,z-score
0.5901134591863154,4.157471531558216,1.096611506834025,z-score
-1.2513582884727417,-0.5681766934670496,0.48514296375627836,z-score
0.18740239298341962,0.12718586614408342,-0.31740949903326415,z-score
-0.3377186448846739,1.3681194458453745,1.058394722891666,z-score
-0.1337020254426781,3.8716307955915843,-1.1963955297075248,z-score
-0.47254701947242755,4.259851987469341,-0.47027663480270077,z-score
2.734949049667818,0.15054784937212545,1.4405625623152574,z-score
0.5191511567717082,0.13817974060433852,1.4023457783728983,z-score
1.2518369292025278,-0.4606428589026798,0.7526604513527925,z-score
0.5635025957808377,-0.7238087287950355,1.2494786426034616,z-score
0.4535110270381967,-0.3933053778336175,0.9055275871222291,z-score
-0.41222906242001145,-0.5633668733906881,0.2176254761597642,z-score
-0.1833756371329032,-0.588103090926262,-0.011675227494390806,z-score
-0.041451032303688795,-0.6039067854628787,0.25584226010212335,z-score
0.980406122466655,-0.4606428589026798,0.40870939587156,z-score
-0.2277270761420327,1.1571744796392305,-0.8906612581686516,z-score
-0.5435093218870348,-0.5564957018530288,1.2112618586611026,z-score
0.28142744368277406,-0.5585570533143265,0.638010099525715,z-score
-0.7723627471741429,1.3220825965430567,0.7144436674104333,z-score
0.15014718421575068,0.15054784937212545,0.86731080317987,z-score
-0.9036430066411663,4.259508428892459,-0.9288780421110108,z-score
-0.5239946887230178,0.18627794136795464,-0.5849269866297783,z-score
0.18917645054378476,0.2512105123988359,-1.1963955297075248,z-score
-0.5151244009211919,-0.4960293923216258,-0.08810879537910914,z-score
0.8242890571545193,-0.4661397961328073,-0.6995773384568558,z-score
-1.0650822446343977,-0.4262870012143826,-0.04989201143674997,z-score
-0.4370658682651239,-0.43556308279022293,-0.08810879537910914,z-score
0.34174540073519016,0.9218368544743953,-1.9607312085547082,z-score
1.5552007720249736,-0.6382626431511758,-1.9607312085547082,z-score
1.0141132161135937,0.7088305368069533,-1.9607312085547082,z-score
2.5699616965538565,0.7479962145716119,-1.9607312085547082,z-score
1.3032845984531178,1.2928801175080038,-1.9607312085547082,z-score
0.6894606825667656,1.3615918328845982,-1.9607312085547082,z-score
1.3919874764713769,0.3436277695803553,-1.9607312085547082,z-score
0.545762020177186,-0.6149006599231338,-1.9607312085547082,z-score
1.3990837067128374,1.4677514331414363,-1.9607312085547082,z-score
-0.6109235091809117,0.713296798306432,-1.9607312085547082,z-score
2.591250387278239,-0.6152442185000168,-1.9607312085547082,z-score
-0.3661035658505168,-0.7883977412490342,-1.1199619618228065,z-score
0.16611370225903727,-0.20606595343239825,-0.08810879537910914,z-score
2.1583803425491346,0.09214289130202052,1.2494786426034616,z-score
0.15369529933648096,-0.7214038187568547,0.4469261798139192,z-score
3.075568101257933,-0.4372808756746378,0.5233597476986375,z-score
3.458764534296811,-0.3939924949873834,0.4469261798139192,z-score
3.526178721590689,-0.4396857857128186,0.4469261798139192,z-score
2.527384315105092,-0.47850790490059425,1.0201779389493066,z-score
-0.26853040003043177,-0.5911951181182087,1.1348282907763843,z-score
0.41270770314979743,-0.577109216466007,0.9055275871222291,z-score
0.545762020177186,-0.7186553501417909,1.2494786426034616,z-score
1.0584646551227233,-0.7052565656433551,0.9437443710645883,z-score
0.5244733294528036,-0.47679011201617943,0.06475834039032753,z-score
0.465929429960753,-0.4022379008325747,-0.5467102026874191,z-score
-1.144914834850831,-0.8852812599300319,-1.9607312085547082,z-score
-0.0006477084152895763,-0.6987289526825787,-1.9607312085547082,z-score
0.49076623580586526,-0.5613055219293903,-1.9607312085547082,z-score
1.0797533458471051,-0.7227780530643867,-1.9607312085547082,z-score
1.2979624257720224,-0.5551214675454968,-1.9607312085547082,z-score
0.7497786396191818,0.1488300564877107,0.10297512433268668,z-score
0.5617285382204725,-0.588103090926262,0.17940869221740502,z-score
0.6415611284369055,-0.48263060782318995,0.5233597476986375,z-score
1.0868495760885661,0.08355392687994626,0.10297512433268668,z-score
-0.42287340778220245,-0.5626797562369222,0.14119190827504585,z-score
0.2672349831998526,4.11968008810109,-0.5849269866297783,z-score
-1.1750738133770389,1.2547451154739941,-0.04989201143674997,z-score
-0.7510740564497609,3.896710571704041,-0.6995773384568558,z-score
1.0744311731660097,-0.5942871453101556,0.2176254761597642,z-score
1.3423138647811517,0.1278729832978495,0.2176254761597642,z-score
0.36658220658030277,-0.5925693524257406,0.5233597476986375,z-score
-0.6322121999052939,-0.5619926390831561,-0.4320598508603416,z-score
-1.0242789207459986,-0.2943605076913218,0.5615765316409966,z-score
-0.7954254954588904,-0.32699857249520414,0.14119190827504585,z-score
-0.6872079842766143,-0.3658206916829798,0.10297512433268668,z-score
-1.010086460263077,-0.5791705679273047,-0.011675227494390806,z-score
-0.6535008906296759,-0.5187042583959018,-0.08810879537910914,z-score
-0.6783376964747885,-0.4668269132865733,0.40870939587156,z-score
-0.3714257385316122,-0.3445200599162356,-0.5084934187450599,z-score
-0.7102707325613616,-0.7698455780973538,0.37049261192920085,z-score
0.04547778815420507,-0.2785568131547052,0.40870939587156,z-score
-0.5417352643266695,-0.7763731910581301,-0.8524444742262924,z-score
-0.08225435619208801,-0.6884221953760894,-0.8142276902839333,z-score
0.013544752067631878,-0.21499847643135556,-1.234612313649884,z-score
-0.39803660193709,-0.696324042644398,-0.5467102026874191,z-score
0.14837312665538555,-0.5760785407353581,0.06475834039032753,z-score
-0.5612498974906865,-0.7141890886423123,-0.8142276902839333,z-score
-0.5098022282400964,-0.7035387727589404,0.3322758279868417,z-score
-0.64463060282785,0.5521678257483187,1.2112618586611026,z-score
-0.43883992582548903,-0.5729865135434112,1.7080800499117716,z-score
-1.0828228202380494,0.17768897694588037,1.1348282907763843,z-score
-0.32175212684138726,-0.577109216466007,1.2494786426034616,z-score
-0.7776849198552385,-0.4747287605548816,1.3641289944305393,z-score
-0.9515425607710261,-0.4541152459419034,1.3641289944305393,z-score
-0.6357603150260241,0.6033580537038812,1.6698632659694124,z-score
-0.23659736394385855,0.05332077211424472,1.096611506834025,z-score
-0.9462203880899307,-0.47885146347747726,1.0201779389493066,z-score
-1.0615341295136675,0.5521678257483187,1.4405625623152574,z-score
-0.44061398338585434,0.03717351900074513,1.822730401738849,z-score
-1.0721784748758585,0.7071127439225385,1.2112618586611026,z-score
0.9378287410178906,-0.7080050342584188,-1.9607312085547082,z-score
1.0921717487696614,-0.8739438268928938,-1.9607312085547082,z-score
1.187970857029381,-0.42250785686867,-1.9607312085547082,z-score
1.1826486843482857,1.659800677619017,-1.9607312085547082,z-score
1.5942300383530075,0.7916281538357494,-1.9607312085547082,z-score
2.759785855512931,0.9300822603195867,-1.9607312085547082,z-score
0.25659063783766145,-0.42903546982944646,0.14119190827504585,z-score
-0.41755123510110687,-0.5702380449283475,0.2176254761597642,z-score
0.18562833542305449,0.15501411087160416,-0.6231437705721374,z-score
0.8296112298356147,-0.541722683047061,0.7908772352951516,z-score
-1.0118605178234423,-0.493280923706562,0.7144436674104333,z-score
-1.1236261441264488,-0.5657717834288689,-0.4320598508603416,z-score
-0.7794589774156037,-0.2156855935851215,-0.9288780421110108,z-score
-0.5896348184565294,-0.5887902080800279,-1.1963955297075248,z-score
-0.555927724809591,-0.5455018273927736,-0.4320598508603416,z-score
-0.45480644386877583,-0.7935511199022787,-0.47027663480270077,z-score
0.10756980276698631,-0.7196860258724399,-0.31740949903326415,z-score
-1.1254002016868139,-0.5561521432761457,-0.6231437705721374,z-score
-0.7386556535272046,-0.7117841786041316,-0.47027663480270077,z-score
1.521493678378035,0.760707881916282,-1.9607312085547082,z-score
2.772204258435487,1.3176163350435777,-1.9607312085547082,z-score
1.7006734919749187,0.6679470661578798,-1.9607312085547082,z-score
1.1028160941318526,0.3669897528083973,-1.9607312085547082,z-score
0.08450705448223915,-0.6193669214226124,0.10297512433268668,z-score
0.8739626688447443,0.1952104643669118,-0.8524444742262924,z-score
0.034833442792013905,-0.659906833494803,-0.8524444742262924,z-score
-0.89122460371861,-0.6684957979168772,-0.16454236326382746,z-score
-0.16563506152925128,-0.6399804360355906,0.14119190827504585,z-score
-0.23304924882312827,-0.15144013970800588,-1.0435283939380882,z-score
0.6770422796442094,-0.6520049862264947,-1.0435283939380882,z-score
0.6823644523253047,-0.13529288659450628,-0.20275914720618662,z-score
0.35416380365774647,-0.5365693043938163,0.06475834039032753,z-score
-0.6854339267162493,-0.5592441704680924,-0.08810879537910914,z-score
-0.44771021362731506,-0.5372564215475824,-0.7377941223992149,z-score
-0.7794589774156037,0.09557847707085017,-0.6613605545144966,z-score
-0.9568647334521219,-0.540348448739529,-0.8142276902839333,z-score
-1.0739525324362238,3.7307717790695656,1.287695426545821,z-score
-0.8362288193472894,3.8056675488300535,-0.1263255793214683,z-score
-0.28981909075481394,3.7719988082955225,-1.0817451778804474,z-score
-0.958638791012487,3.695041687073737,-0.5849269866297783,z-score
-0.5931829335772597,-0.5733300721202943,1.058394722891666,z-score
0.5156030416509779,0.09214289130202052,0.10297512433268668,z-score
-0.7865552076570643,-0.5571828190067947,0.9819611550069475,z-score
-1.2761950943178542,4.30829374680984,1.0201779389493066,z-score
0.40028930022724113,3.870943678437818,-0.39384306691798243,z-score
0.8899291868880308,0.061909736536318996,-0.1263255793214683,z-score
0.32400482513153844,-0.5867288566187301,0.2176254761597642,z-score
-1.2300695977483593,-0.5836368294267834,0.06475834039032753,z-score
0.8349334025167101,0.18490370706042253,-0.8142276902839333,z-score
-1.164429468014848,-0.5613055219293903,1.5169961301999757,z-score
